triplet_id	anchor	c_structure	c_random	d	taxon_c	permutation_status
SCF:0000001	P62805	Q96GM5	P62487	Q12432	9606	ok
SCF:0000002	P62805	Q96GM5	P41586	C4R7L8	9606	ok
SCF:0000004	P33332	P38261	P36160	P89102	559292	ok
SCF:0000005	P33332	P38261	P36160	P32855	559292	ok
SCF:0000006	P33332	P38261	P36160	Q06245	559292	ok
SCF:0000007	P38261	P33332	P26784	P22224	559292	ok
SCF:0000008	P38261	P33332	P43586	P32855	559292	ok
SCF:0000009	P63272	P62487	Q96GM5	A0A4X1VKG7	9606	ok
SCF:0000014	P59768	P41586	Q96GM5	Q16602	9606	ok
SCF:0000015	P59768	P41586	Q92966	P28223	9606	ok
SCF:0000016	P59768	P41586	Q00403	Q9UPC5	9606	ok
SCF:0000021	P60899	A0A8D1KNW4	A0A4X1VYD0	I3LCB2	9823	ok
SCF:0000022	P60899	A0A8D1KNW4	A0A481DF93	A0A4X1VM56	9823	ok
SCF:0000023	Q00403	Q92966	P41586	Q92759	9606	ok
SCF:0000024	Q92966	Q00403	P41586	Q9HAW0	9606	ok
SCF:0000025	A4VD75	I7M6H4	I7MLZ4	I7M9J2	312017	ok
SCF:0000026	P21082	P20979	P20637	P20504	10249	ok
SCF:0000027	P21082	P20979	P68449	P68439	10249	ok
SCF:0000028	P26784	P36160	P38261	P38805	559292	ok
SCF:0000029	P26784	P36160	P38261	P26321	559292	ok
SCF:0000030	P26784	P36160	P38261	P40007	559292	ok
SCF:0000031	P36160	P26784	P33332	P0C0W9	559292	ok
SCF:0000033	Q9W0I7	P49735	Q9XYU0	Q9XYU1	7227	ok
SCF:0000034	Q9W0I7	P49735	Q9XYU0	Q9V461	7227	ok
SCF:0000035	Q9W0I7	P49735	Q26454	Q9VGW6	7227	ok
SCF:0000041	O74499	P87173	O94376	O14352	284812	ok
SCF:0000044	P39744	P43586	P33332	Q02326	559292	ok
SCF:0000045	P39744	P43586	P07703	P26784	559292	ok
SCF:0000046	P43586	P39744	P47076	Q07896	559292	ok
SCF:0000047	A0A2K3DG79	A8J353	A8IH07	A8INX1	3055	ok
SCF:0000048	A0A2K3DG79	A8J353	A0A2K3E6S5	A8IJ60	3055	ok
SCF:0000049	A8J353	A0A2K3DG79	A8IJY7	A8INX1	3055	ok
SCF:0000050	Q9TM20	Q9TM22	O19928	Q9TM21	2771	ok
SCF:0000052	A0QVB8	A0R550	A0QS96	A0QSP9	246196	ok
SCF:0000053	A0R550	A0QVB8	A0R102	A0QSD7	246196	ok
SCF:0000054	Q2G111	Q2G2Q1	Q2FW08	Q2G2Q4	93061	ok
SCF:0000055	Q2G2Q1	Q2G111	Q2FW08	Q2FW10	93061	ok
SCF:0000058	P21471	P21476	O31742	P21473	224308	ok
SCF:0000059	P21471	P21476	Q06797	P21468	224308	ok
SCF:0000060	P21471	P21476	P21477	P21472	224308	ok
SCF:0000061	P21476	P21471	P21467	P12874	224308	ok
SCF:0000069	P29256	P09192	P12975	Q55274	1111708	ok
SCF:0000071	C4R3Z5	C4R5R1	C4QXY9	C4R370	644223	ok
SCF:0000075	O19882	O19928	Q9TM22	Q9TM46	2771	ok
SCF:0000077	O94646	O94376	P87173	O13964	284812	ok
SCF:0000078	O94646	O94376	Q9Y821	O14010	284812	ok
SCF:0000081	G0RZG4	G0SCD1	G0S1P1	G0SC21	759272	ok
SCF:0000082	G0RZG4	G0SCD1	G0S755	P0CT46	759272	ok
SCF:0000083	G0SCD1	G0RZG4	G0SC21	G0S1P1	759272	ok
SCF:0000084	A8IH07	A8IJY7	A0A2K3DG79	A8IL21	3055	ok
SCF:0000085	A8IH07	A8IJY7	A8HUP3	A8INX1	3055	ok
SCF:0000086	A8IJY7	A8IH07	A8J353	A8INX1	3055	ok
SCF:0000087	P36121	P07703	P43586	P32910	559292	ok
SCF:0000088	P28000	P47076	P39744	P20435	559292	ok
SCF:0000089	I7MDA9	I7MLZ4	I7M6H4	I7M6D6	312017	ok
SCF:0000090	I7MDA9	I7MLZ4	Q22R86	Q229S1	312017	ok
SCF:0000093	Q23YW7	Q24CL2	Q22R86	Q24DJ0	312017	ok
SCF:0000094	Q24CL2	Q23YW7	I7MLZ4	Q23S05	312017	ok
SCF:0000096	P63272	P53803	P28070	A0A4X1TRS6	9606	ok
SCF:0000097	O95456	P28070	P53803	P60900	9606	ok
SCF:0000098	O95456	P28070	Q99471	P25788	9606	ok
SCF:0000099	O95456	P28070	P50990	O14818	9606	ok
SCF:0000100	P28070	O95456	P50990	P48556	9606	ok
SCF:0000101	P28070	O95456	P08913	O14818	9606	ok
SCF:0000102	P50990	Q99471	P28070	O15212	9606	ok
SCF:0000103	Q99471	P50990	P28070	P49368	9606	ok
SCF:0000104	Q99471	P50990	O95456	P40227	9606	ok
SCF:0000106	A0A1S3ZQT7	A0A1S3X2G3	A0A1S4BFK7	A0A1S3YU01	4097	ok
SCF:0000110	P47128	P02309	P32910	P61830	559292	ok
SCF:0000112	G0RZG4	G0S1P1	G0SCD1	G0SC21	759272	ok
SCF:0000113	Q2FZ25	Q2G113	Q2G2Q1	Q2FW20	93061	ok
SCF:0000114	P59768	P08913	O95456	P21728	9606	ok
SCF:0000115	P59768	P08913	P61758	P28223	9606	ok
SCF:0000116	P59768	P08913	P61758	P41143	9606	ok
SCF:0000117	Q8DLL4	Q8DKZ4	P59087	Q8DL31	197221	ok
SCF:0000119	P50991	P61758	P08913	O15212	9606	ok
SCF:0000120	P50991	P61758	P08913	Q9NQP4	9606	ok
SCF:0000121	P61201	Q9UBF6	Q9NV88	P62877	9606	ok
SCF:0000122	Q9UBF6	P61201	Q13617	Q9UNS2	9606	ok
SCF:0000127	P68135	P02602	P24732	P14649	9986	ok
SCF:0000128	P68135	P02602	P24732	P0DP26	9986	ok
SCF:0000129	P68135	P02602	P24732	P68246	9986	ok
SCF:0000131	P01116	Q13617	Q9UBF6	P07900	9606	ok
SCF:0000132	Q96SY0	Q9NV88	P61201	Q9NVM9	9606	ok
SCF:0000133	Q96SY0	Q9NV88	O15446	Q9NVR2	9606	ok
SCF:0000134	Q9NVM9	Q9NVR2	P62805	Q9NV88	9606	ok
SCF:0000135	Q9NVR2	Q9NVM9	P07305	Q9NV88	9606	ok
SCF:0000136	Q9NVR2	Q9NVM9	P07305	Q5TA45	9606	ok
SCF:0000137	A0A1S3XP85	A0A1S4BFK7	A0A1S3X2G3	A0A1S4CE74	4097	ok
SCF:0000138	A0A1S4BFK7	A0A1S3XP85	A0A1S3ZSI0	A0A1S3YEW3	4097	ok
SCF:0000143	Q3B726	O15446	Q9NV88	Q9GZS1	9606	ok
SCF:0000144	P07305	P62805	Q9NVR2	P04908	9606	ok
SCF:0000145	P62805	P07305	Q9NVM9	P10412	9606	ok
SCF:0000146	P62805	P07305	Q9NVM9	A0A1B8Y854	9606	ok
SCF:0000147	P62805	P07305	Q99832	P33778	9606	ok
SCF:0000148	P20436	P32910	P02309	P29055	559292	ok
SCF:0000149	P20436	P32910	P33332	P46669	559292	ok
SCF:0000150	P20436	P32910	P19658	P07703	559292	ok
SCF:0000151	A0T0V1	B8CEQ3	B8BUW3	B8C770	35128	ok
SCF:0000152	A0T0V1	B8CEQ3	B8BUW3	B8C2K6	35128	ok
SCF:0000153	B8CEQ3	A0T0V1	A0T0M9	A0T0S1	35128	ok
SCF:0000154	Q9NQP4	Q99832	P07305	P50991	9606	ok
SCF:0000159	P56768	Q949Q5	Q01667	Q9SUI6	3702	ok
SCF:0000160	P56768	Q949Q5	Q01667	Q9SUI7	3702	ok
SCF:0000164	E1C9K6	E1C9K9	A0A0M3KL13	A0A0M3KL10	3888	ok
SCF:0000169	A0A063XCP1	A0A063X781	A0A063XF22	A0A063X754	1423	ok
SCF:0000173	Q00403	O15514	Q9GZQ6	Q15543	9606	ok
SCF:0000174	P0A431	P59087	Q8DKZ4	Q8DIN9	197221	ok
SCF:0000175	P0A431	P59087	Q8DKF5	Q8DJZ6	197221	ok
SCF:0000180	Q8LCQ4	Q01667	Q949Q5	Q9SY97	3702	ok
SCF:0000181	Q8LCQ4	Q01667	Q949Q5	Q94AQ8	3702	ok
SCF:0000182	P59768	Q9GZQ6	O15514	P41145	9606	ok
SCF:0000183	P59768	Q9GZQ6	P49427	Q9UPC5	9606	ok
SCF:0000184	P0A7W7	P69222	P0A7G2	P0A7T7	83333	ok
SCF:0000186	Q9Y7N2	Q9P6Q0	O14010	P87310	284812	ok
SCF:0000190	Q9XYU1	Q9VBI1	P49735	Q9VQY9	7227	ok
SCF:0000191	Q9XYU1	Q9VBI1	P49735	Q9W2V7	7227	ok
SCF:0000192	Q15370	P49427	Q9GZQ6	Q712K3	9606	ok
SCF:0000193	Q15370	P49427	Q96RJ0	Q13084	9606	ok
SCF:0000195	P38550	A0A1S3ZSI0	A0A1S4BFK7	A0A1S3YXM6	4097	ok
SCF:0000196	P38550	A0A1S3ZSI0	A0A1S3YEW3	A0AA96C3P8	4097	ok
SCF:0000197	C3SYP2	W8T6F0	C3SR52	C3SRY2	562	ok
SCF:0000199	Q1HFW0	Q1HFX0	Q1HFW2	W7XJB1	5911	ok
SCF:0000200	Q1HFW0	Q1HFX0	Q1HFW2	Q1HFV9	5911	ok
SCF:0000201	Q1HFX0	Q1HFW0	Q1HFX1	Q1HFW2	5911	ok
SCF:0000202	Q1HFX0	Q1HFW0	Q1HGH8	Q1HFV9	5911	ok
SCF:0000203	Q1HFX0	Q1HFW0	Q1HGH8	W7XJB1	5911	ok
SCF:0000206	Q1HFW0	Q1HFW2	Q1HFX0	W7XJB1	5911	ok
SCF:0000207	Q1HFW0	Q1HFW2	Q1HFX0	Q1HFV9	5911	ok
SCF:0000208	Q1HFW2	Q1HFW0	Q1HGH8	Q1HFV9	5911	ok
SCF:0000209	P59768	Q96RJ0	P49427	P28223	9606	ok
SCF:0000210	P59768	Q96RJ0	P35346	P21728	9606	ok
SCF:0000211	P59768	Q96RJ0	P35346	P30872	9606	ok
SCF:0000212	P59768	P35346	Q96RJ0	P30872	9606	ok
SCF:0000213	P59768	P35346	Q96RJ0	P30874	9606	ok
SCF:0000214	P59768	P35346	Q96L50	P41143	9606	ok
SCF:0000215	P19947	O31742	P21476	P42924	224308	ok
SCF:0000216	Q8DJD9	Q8DKF5	P59087	Q8DMR6	197221	ok
SCF:0000217	Q8DJD9	Q8DKF5	Q8DMP8	Q8DKY0	197221	ok
SCF:0000219	P19658	P33332	P32910	P22224	559292	ok
SCF:0000220	P33332	P19658	P32910	P32844	559292	ok
SCF:0000221	P33332	P19658	Q02792	P89102	559292	ok
SCF:0000222	P33332	P19658	P54784	Q06245	559292	ok
SCF:0000224	P16370	Q02792	P19658	P19263	559292	ok
SCF:0000225	P30665	P54784	P19658	P53091	559292	ok
SCF:0000226	P30665	P54784	P06839	Q08032	559292	ok
SCF:0000227	P30665	P54784	P06839	P29469	559292	ok
SCF:0000228	P54784	P30665	Q06675	P24279	559292	ok
SCF:0000229	P54784	P30665	Q06675	P38132	559292	ok
SCF:0000230	P54784	P30665	Q12277	P53091	559292	ok
SCF:0000231	A0A140G1Q3	A0A1S4BFK7	A0A1S3ZSI0	A0A1S4D4H1	4097	ok
SCF:0000232	P62877	Q96L50	P35346	Q9BT78	9606	ok
SCF:0000233	P62877	Q96L50	P40337	Q9UNS2	9606	ok
SCF:0000234	P62877	Q96L50	Q6PJ56	Q7L5N1	9606	ok
SCF:0000237	P0AG63	P0A7G2	P69222	P02358	83333	ok
SCF:0000238	P0AG63	P0A7G2	P0ACJ8	P0A7R9	83333	ok
SCF:0000239	P0AG63	P0A7G2	P0ACJ8	P0A7X3	83333	ok
SCF:0000240	P14736	P06839	P54784	Q00578	559292	ok
SCF:0000241	P14736	P06839	P54784	P32776	559292	ok
SCF:0000248	P49735	Q9XYU0	Q9VBI1	Q9VGW6	7227	ok
SCF:0000249	P49735	Q9XYU0	Q9VBI1	Q9V461	7227	ok
SCF:0000250	Q9XYU0	P49735	Q9VBI1	Q9XYU1	7227	ok
SCF:0000251	Q9XYU0	P49735	Q9VBI1	Q9V461	7227	ok
SCF:0000254	P62877	P40337	Q96L50	P63208	9606	ok
SCF:0000255	P61769	Q6PJ56	Q96L50	P0DTU4	9606	ok
SCF:0000256	P61769	Q6PJ56	Q9BXJ9	P60709	9606	ok
SCF:0000257	P61769	Q6PJ56	Q9BXJ9	K7N5M4	9606	ok
SCF:0000258	Q6PJ56	P61769	Q9BXJ9	P01887	9606	ok
SCF:0000260	E1C9K6	A0A0M3KL13	E1C9K9	Q9S7N7	3888	ok
SCF:0000261	E1C9K6	A0A0M3KL13	A0A0F6NGI2	E1C9L3	3888	ok
SCF:0000262	P36578	Q9BXJ9	Q6PJ56	Q9NVU7	9606	ok
SCF:0000263	P36578	Q9BXJ9	Q6PJ56	Q9BZE4	9606	ok
SCF:0000264	P36578	Q9BXJ9	P61769	Q9Y262	9606	ok
SCF:0000265	Q9BXJ9	P36578	P43627	P50579	9606	ok
SCF:0000266	P61769	P43627	P36578	P43629	9606	ok
SCF:0000267	P61769	P43627	Q15369	Q8N423	9606	ok
SCF:0000268	P63104	Q15369	P43627	P68431	9606	ok
SCF:0000269	Q15369	P63104	O15514	Q13084	9606	ok
SCF:0000271	Q2V2P8	Q06675	P30665	P38313	559292	ok
SCF:0000272	Q2V2P8	Q06675	P30665	Q12493	559292	ok
SCF:0000273	A0A4V8H007	A0A4V8H002	A0A4V8H004	A0A4V8GZZ9	325651	ok
SCF:0000274	P47047	Q12277	P30665	P38792	559292	ok
SCF:0000275	Q12277	P47047	P47076	Q12149	559292	ok
SCF:0000276	P01887	Q5R1F1	P04214	P01738	10090	ok
SCF:0000277	Q5R1F1	P01887	Q99JY9	P04214	10090	ok
SCF:0000288	P60002	O15514	P63104	A0A287ADR4	9606	ok
SCF:0000291	A6QRA1	O81097	Q9SUI7	Q9FJ98	3702	ok
SCF:0000292	A0A0F6NGI2	P09911	E1C9L2	P16002	3888	ok
SCF:0000293	P09911	A0A0F6NGI2	A0A0M3KL13	A0A0F6NFW5	3888	ok
SCF:0000294	P20436	P47076	P47047	P13393	559292	ok
SCF:0000295	P20436	P47076	P53063	P20433	559292	ok
SCF:0000296	P20436	P47076	P53256	P20435	559292	ok
SCF:0000299	P63096	Q07325	P60900	P09341	9606	ok
SCF:0000300	P63096	Q07325	P60900	P48061	9606	ok
SCF:0000301	P0A8T7	P0ACJ8	P0A7G2	P0AGB6	83333	ok
SCF:0000302	P0A8T7	P0ACJ8	P0A7G2	P0A7W1	83333	ok
SCF:0000303	P0A8T7	P0ACJ8	P0A7G2	P0A7V3	83333	ok
SCF:0000304	P0ACJ8	P0A8T7	P0A7G2	P0A8V2	83333	ok
SCF:0000305	Q9BT73	P60900	Q07325	P25788	9606	ok
SCF:0000306	Q9BT73	P60900	Q07325	P28066	9606	ok
SCF:0000307	Q9BT73	P60900	Q8N5F4	P25786	9606	ok
SCF:0000308	P22139	P53063	P47076	P41896	559292	ok
SCF:0000309	P0DOX5	Q8N5F4	P60900	B9A064	9606	ok
SCF:0000310	P0DOX5	Q8N5F4	O15446	P0DOX7	9606	ok
SCF:0000312	Q8N5F4	P0DOX5	O15446	P01857	9606	ok
SCF:0000314	Q8N5F4	P0DOX5	P20618	Q6N089	9606	ok
SCF:0000315	Q22MV2	Q22R86	Q24CL2	Q1HFV9	312017	ok
SCF:0000316	Q22MV2	Q22R86	Q23YW7	W7XJB1	312017	ok
SCF:0000317	Q22MV2	Q22R86	Q240X9	Q1HFW2	312017	ok
SCF:0000323	P0DPB6	O15446	Q8N5F4	P05423	9606	ok
SCF:0000324	P0DPB6	O15446	P0DOX5	Q9GZS1	9606	ok
SCF:0000325	A0A3B6IU74	W5I035	A0A3B6KRQ3	W5BFB7	4565	ok
SCF:0000327	P01887	P04214	Q5R1F1	P01738	10090	ok
SCF:0000328	P04214	P01887	P61161	P01837	10090	ok
SCF:0000329	P06505	A0A9R0K533	A0A9R0JBX6	A0A9R0K7U8	3562	ok
SCF:0000330	O95456	P20618	P0DOX5	P28066	9606	ok
SCF:0000331	O95456	P20618	P50148	P60900	9606	ok
SCF:0000332	O95456	P20618	P50148	P25789	9606	ok
SCF:0000333	P20618	O95456	P30989	P48556	9606	ok
SCF:0000334	P20618	O95456	P30989	O14818	9606	ok
SCF:0000335	P92276	A0A2K3E6S5	A8J353	P12853	3055	ok
SCF:0000336	A0A2K3CYB6	A8HUP3	A8IJY7	A0A2K3DHV6	3055	ok
SCF:0000337	P0A7W7	P0A7G2	P0ACJ8	P02358	83333	ok
SCF:0000338	P0A7W7	P0A7G2	P0A8T7	P0A7R9	83333	ok
SCF:0000339	P0A7W7	P0A7G2	P0A9E2	P0A7X3	83333	ok
SCF:0000340	Q22A67	Q240X9	W7WX86	Q1HGH8	312017	ok
SCF:0000341	Q22A67	Q240X9	Q24DJ0	Q24DI9	312017	ok
SCF:0000342	Q22A67	Q240X9	Q24DJ0	Q1HFV9	312017	ok
SCF:0000343	Q240X9	Q22A67	Q22R86	I7M9J2	312017	ok
SCF:0000349	Q24DJ0	W7WX86	Q240X9	I7MDA9	312017	ok
SCF:0000350	W7WX86	Q24DJ0	Q240X9	Q23YW7	312017	ok
SCF:0000351	W7WX86	Q24DJ0	Q22A67	I7LT80	312017	ok
SCF:0000354	P30989	P50148	P20618	P29992	9606	ok
SCF:0000355	P30989	P50148	P20618	P63096	9606	ok
SCF:0000356	P50148	P30989	O95456	P32239	9606	ok
SCF:0000357	P50148	P30989	O95456	P49683	9606	ok
SCF:0000358	P50148	P30989	Q9NV88	Q969F8	9606	ok
SCF:0000359	A8IH07	A8IXD6	A0A2K3DQ46	A8IL21	3055	ok
SCF:0000360	A8IH07	A8IXD6	A0A2K3DQ46	A8IJ60	3055	ok
SCF:0000361	A8IXD6	A8IH07	A0A2K3DLI2	A8IJ60	3055	ok
SCF:0000362	A8IXD6	A8IH07	A0A2K3DLI2	A8IL21	3055	ok
SCF:0000363	P47047	P53256	P47076	P38801	559292	ok
SCF:0000364	Q9BQ15	Q9NV88	P30989	Q5TA45	9606	ok
SCF:0000366	P29496	P54791	Q12509	P54790	559292	ok
SCF:0000367	P29496	P54791	P02309	P32833	559292	ok
SCF:0000368	P54791	P29496	Q02792	P29469	559292	ok
SCF:0000369	P54791	P29496	P40352	P24279	559292	ok
SCF:0000370	P54791	P29496	Q04307	P53091	559292	ok
SCF:0000372	P02309	Q12509	P54791	P53298	559292	ok
SCF:0000373	Q12509	P02309	P54791	P61830	559292	ok
SCF:0000382	P41227	P84098	Q03431	G1SGX4	9606	ok
SCF:0000383	P84098	P41227	Q03431	Q9UKD2	9606	ok
SCF:0000389	P59768	Q03431	P84098	Q16602	9606	ok
SCF:0000390	P59768	Q03431	P41227	Q9UP38	9606	ok
SCF:0000391	P59768	Q03431	Q16531	P21728	9606	ok
SCF:0000392	Q2FW16	Q2FW08	Q2G113	Q2FXS8	93061	ok
SCF:0000393	Q2FW16	Q2FW08	Q2FW20	Q2FW11	93061	ok
SCF:0000394	Q2FW16	Q2FW08	Q2FW20	Q931G5	93061	ok
SCF:0000395	A0A0M3KL10	E1C9L2	P09911	E1C9L1	3888	ok
SCF:0000396	W7XJB1	I7M9J2	Q24C31	Q22A67	312017	ok
SCF:0000398	Q9F1K9	Q8DMP8	Q8DKF5	Q8DHJ2	197221	ok
SCF:0000399	Q9F1K9	Q8DMP8	Q8DG60	D0VWR5	197221	ok
SCF:0000400	Q9F1K9	Q8DMP8	Q8DIF8	Q9F1R6	197221	ok
SCF:0000404	P62877	Q16531	Q03431	Q86VP6	9606	ok
SCF:0000405	P62877	Q16531	Q9NV88	Q93034	9606	ok
SCF:0000406	Q6P4I2	Q9NV88	Q16531	Q5TA45	9606	ok
SCF:0000414	A0A1S3XP85	A0A1S3YXM6	A0A1S4CKK0	A0A1S3ZSI0	4097	ok
SCF:0000415	A0A1S3YXM6	A0A1S3XP85	A0A1S3X147	A0A1S3YEW3	4097	ok
SCF:0000416	A0A1S3YXM6	A0A1S3XP85	A0A1S3X147	A0A1S3YU01	4097	ok
SCF:0000417	P20435	Q02792	P29496	P22138	559292	ok
SCF:0000418	C4R7L2	C4QXY9	C4R5R1	F2QQ42	644223	ok
SCF:0000419	Q92966	O15160	O14625	Q16533	9606	ok
SCF:0000420	P27999	P40352	P29496	P27692	559292	ok
SCF:0000424	I7MG46	Q24C31	I7M9J2	Q23YW7	312017	ok
SCF:0000425	I7MG46	Q24C31	Q24CE5	Q23S05	312017	ok
SCF:0000426	I7MG46	Q24C31	Q22R86	A4VD15	312017	ok
SCF:0000427	Q24C31	I7MG46	Q22R86	I7LT80	312017	ok
SCF:0000428	Q24C31	I7MG46	I7M6H4	Q24DJ0	312017	ok
SCF:0000429	P63096	O14625	O15160	P09341	9606	ok
SCF:0000430	P63096	O14625	O14818	P48061	9606	ok
SCF:0000431	P40359	P29469	Q04307	P29496	559292	ok
SCF:0000432	P40359	P29469	P13393	P24279	559292	ok
SCF:0000433	P40359	P29469	P13393	P38132	559292	ok
SCF:0000438	A0A3B6IU74	A0A3B6KRQ3	W5I035	W5C8N6	4565	ok
SCF:0000439	A0A3B6IU74	A0A3B6KRQ3	W5FPA7	A0A3B6RED0	4565	ok
SCF:0000440	Q9BT73	O14818	O14625	P28066	9606	ok
SCF:0000441	Q9BT73	O14818	Q9HAD4	P25786	9606	ok
SCF:0000442	Q9BT73	O14818	Q9HAD4	P25788	9606	ok
SCF:0000443	P84077	Q9HAD4	O14818	P04439	9606	ok
SCF:0000444	P84077	Q9HAD4	O14818	P36578	9606	ok
SCF:0000445	P84077	Q9HAD4	Q96GM5	P35585	9606	ok
SCF:0000446	A0A4V8H005	A0A4V8H004	A0A4V8H002	A0A4V8GZZ9	325651	ok
SCF:0000448	P68431	Q96GM5	Q9HAD4	Q12432	9606	ok
SCF:0000449	P68431	Q96GM5	Q7KZ85	Q9Y230	9606	ok
SCF:0000450	A0A3Q7G7F0	A0A3Q7I881	A0A3Q7HSH1	K4ATQ2	4081	ok
SCF:0000451	A0A3Q7I881	A0A3Q7G7F0	A0A3Q7H1U4	A0A3Q7HSH1	4081	ok
SCF:0000452	P60002	Q7KZ85	Q96GM5	I3LGP4	9606	ok
SCF:0000453	P60002	Q7KZ85	P07992	P30876	9606	ok
SCF:0000454	A0A2K3DZD9	A0A2K3DQ46	A8IXD6	A0A2K3DHV6	3055	ok
SCF:0000455	A0A2K3DZD9	A0A2K3DQ46	A8IXD6	A0A2K3DLF7	3055	ok
SCF:0000459	Q1HGH9	Q1HFX1	Q1HFW0	Q1HGH8	5911	ok
SCF:0000461	P20436	Q04307	P29496	P27999	559292	ok
SCF:0000462	P20436	Q04307	P29469	P32529	559292	ok
SCF:0000463	Q92759	P07992	Q7KZ85	P23025	9606	ok
SCF:0000465	Q99471	P78371	Q9UJX3	P50991	9606	ok
SCF:0000466	Q99471	P78371	Q9UJX3	P49368	9606	ok
SCF:0000467	Q99471	P78371	Q9UJX3	P40227	9606	ok
SCF:0000470	C4M5A0	C4LXM0	A0A175JJM9	C4M0Z2	294381	ok
SCF:0000472	Q9H1A4	Q9UJX3	P78371	Q9UJX2	9606	ok
SCF:0000473	Q9H1A4	Q9UJX3	P78371	Q13042	9606	ok
SCF:0000474	Q9H1A4	Q9UJX3	P78371	Q9UJX6	9606	ok
SCF:0000477	P24482	P29469	P13393	P24279	559292	ok
SCF:0000478	P24482	P29469	P04051	Q08032	559292	ok
SCF:0000479	P29469	P24482	P04051	P32833	559292	ok
SCF:0000480	P29469	P24482	P04051	P38132	559292	ok
SCF:0000481	P29469	P24482	P36121	Q08032	559292	ok
SCF:0000484	A0A4V8H008	A0A4V8H004	A0A4V8GZZ2	A0A4V8GZZ9	325651	ok
SCF:0000486	Q7L5N1	Q9UBF6	Q8N884	P62877	9606	ok
SCF:0000487	P04051	P13393	P29469	P47076	559292	ok
SCF:0000488	P04051	P13393	P29469	P41910	559292	ok
SCF:0000489	P04051	P13393	P29469	P20435	559292	ok
SCF:0000490	P13393	P04051	P29469	P04050	559292	ok
SCF:0000491	P13393	P04051	P24482	Q99315	559292	ok
SCF:0000492	P13393	P04051	P24482	P08518	559292	ok
SCF:0000493	P40422	P36121	P24482	P16370	559292	ok
SCF:0000494	P40422	P36121	P53091	P20433	559292	ok
SCF:0000495	P40422	P36121	P53091	P38304	559292	ok
SCF:0000496	A0A2K3DGW6	A0A2K3DLI2	A8IH07	A0A2K3DHV6	3055	ok
SCF:0000497	A0A2K3DGW6	A0A2K3DLI2	A8IH07	A0A2K3DVJ8	3055	ok
SCF:0000498	Q15370	Q8N884	Q9UBF6	Q13098	9606	ok
SCF:0000499	Q15370	Q8N884	Q16531	Q6PJ21	9606	ok
SCF:0000500	Q9SUI5	Q9SUI7	O81097	Q9S714	3702	ok
SCF:0000501	Q9SUI7	Q9SUI5	O81097	Q9S7N7	3702	ok
SCF:0000502	Q22R86	Q24CE5	Q24C31	Q1HFV9	312017	ok
SCF:0000503	Q24CE5	Q22R86	Q24C31	Q24DI9	312017	ok
SCF:0000504	Q24CE5	Q22R86	I7MG46	W7XJB1	312017	ok
SCF:0000505	Q15843	Q16531	Q8N884	Q93034	9606	ok
SCF:0000507	P62877	P68036	P60900	P62837	9606	ok
SCF:0000508	P62877	P68036	P60900	A0A6P5C4T4	9606	ok
SCF:0000509	P62877	P68036	P60900	Q712K3	9606	ok
SCF:0000510	Q5JS54	P60900	P68036	O14818	9606	ok
SCF:0000511	Q5JS54	P60900	P68036	P25789	9606	ok
SCF:0000512	Q5JS54	P60900	P68036	P28066	9606	ok
SCF:0000513	B8LEQ8	B8BUW3	A0T0V1	B5YM25	35128	ok
SCF:0000514	B8LEQ8	B8BUW3	A0A8F0WFC9	B8C770	35128	ok
SCF:0000515	B8LEQ8	B8BUW3	B8C2K6	B8C0K4	35128	ok
SCF:0000521	P42766	Q9BXJ9	Q9UJX5	Q9BZE4	9606	ok
SCF:0000522	P42766	Q9BXJ9	Q9UJX5	P13639	9606	ok
SCF:0000523	Q9BXJ9	P42766	Q9UJX5	P35268	9606	ok
SCF:0000524	Q9BXJ9	P42766	Q9Y2Y1	G1TSG1	9606	ok
SCF:0000525	Q9BXJ9	P42766	Q9H1D9	P62750	9606	ok
SCF:0000526	P0A384	Q8YVQ2	P58568	P61048	103690	ok
SCF:0000527	Q23FU1	I7M6H4	I7MG46	I7M9J2	312017	ok
SCF:0000528	Q23FU1	I7M6H4	Q24C31	Q22A67	312017	ok
SCF:0000529	Q2FW20	Q2G111	Q2FW08	Q2FW10	93061	ok
SCF:0000530	Q2G111	Q2FW20	Q2FW39	Q2G113	93061	ok
SCF:0000531	Q2G111	Q2FW20	Q2FW23	Q2FW31	93061	ok
SCF:0000532	Q2G111	Q2FW20	Q2FW23	Q2FW16	93061	ok
SCF:0000533	P40359	P53091	P36121	P24279	559292	ok
SCF:0000534	P40359	P53091	P36121	P29496	559292	ok
SCF:0000535	P40359	P53091	P32349	P38132	559292	ok
SCF:0000539	P21082	P20637	P20979	P68439	10249	ok
SCF:0000540	P20248	Q9UJX5	Q9BXJ9	Q13415	9606	ok
SCF:0000541	P20248	Q9UJX5	Q9BXJ9	P06400	9606	ok
SCF:0000542	P20248	Q9UJX5	P42766	P30260	9606	ok
SCF:0000547	P20226	Q9Y2Y1	P42766	P60899	9606	ok
SCF:0000548	P20226	Q9H1D9	P42766	Q00403	9606	ok
SCF:0000549	P20226	Q9H1D9	Q9H9Q2	Q9HAW0	9606	ok
SCF:0000550	P20226	Q9H1D9	P40337	P29084	9606	ok
SCF:0000554	P40337	Q9H9Q2	Q9H1D9	P01116	9606	ok
SCF:0000555	Q9H9Q2	P40337	Q9H1D9	P63208	9606	ok
SCF:0000557	A0A4V8H007	A0A4V8H004	A0A4V8H000	A0A4V8GZZ9	325651	ok
SCF:0000558	Q13098	Q9UBW8	Q02878	Q9H9Q2	9606	ok
SCF:0000559	Q9UBW8	Q13098	Q02878	Q9BT78	9606	ok
SCF:0000561	Q1HFW0	Q1HGH8	Q1HFW2	A4VEB3	5911	ok
SCF:0000562	Q1HGH8	Q1HFW0	Q1HFW2	Q24DI9	5911	ok
SCF:0000563	Q1HGH8	Q1HFW0	Q1HFW2	Q1HFV9	5911	ok
SCF:0000564	Q1HGH8	Q1HFW0	Q1HFX1	W7XJB1	5911	ok
SCF:0000569	P0A800	P0A9E2	P0A7G2	P0A7U7	83333	ok
SCF:0000572	P22139	P32349	P53091	P41895	559292	ok
SCF:0000573	P22139	P32349	P53063	P36070	559292	ok
SCF:0000575	P41227	Q02878	Q9UBW8	G1SS70	9606	ok
SCF:0000576	P41227	Q02878	Q13098	G1TNM3	9606	ok
SCF:0000577	Q02878	P41227	P61163	P83731	9606	ok
SCF:0000578	Q02878	P41227	Q71DI3	Q13765	9606	ok
SCF:0000579	Q02878	P41227	Q71DI3	P62701	9606	ok
SCF:0000580	Q38859	O81097	Q9SUI5	Q9FJ98	3702	ok
SCF:0000585	P0A8V2	P24251	P0A707	P0A780	83333	ok
SCF:0000586	P24251	P0A8V2	P0AFW0	P0A8T7	83333	ok
SCF:0000587	P20435	P53063	P32349	Q04636	559292	ok
SCF:0000589	P0AFF6	P0AFW0	P24251	P0AFG0	83333	ok
SCF:0000590	A0QSG6	A0R102	A0R550	A0QSG3	246196	ok
SCF:0000591	O00399	P61163	P41227	Q9NZ32	9606	ok
SCF:0000592	W7WX86	Q24C31	I7M6H4	Q23YW7	312017	ok
SCF:0000593	W7WX86	Q24C31	Q22A67	I7LT80	312017	ok
SCF:0000596	Q9VGW6	Q26454	Q9XYU0	Q9XYU1	7227	ok
SCF:0000597	Q9VGW6	Q26454	Q9XYU0	P49735	7227	ok
SCF:0000599	P11703	A0A9R0K533	P00289	A0A9R0JBX6	3562	ok
SCF:0000600	P11703	A0A9R0K533	P00289	A0A9R0K7U8	3562	ok
SCF:0000601	P62987	Q71DI3	P41227	P04908	9606	ok
SCF:0000602	P62987	Q71DI3	P41227	P62805	9606	ok
SCF:0000603	Q99627	Q9UBF6	P63096	P62877	9606	ok
SCF:0000604	P10145	P63096	Q9UBF6	P09471	9606	ok
SCF:0000605	P63096	P10145	P0DPB6	P09341	9606	ok
SCF:0000606	P63096	P10145	O15514	P48061	9606	ok
SCF:0000607	P63096	P10145	Q96GM5	P22362	9606	ok
SCF:0000608	P05738	P33309	P47112	P38779	559292	ok
SCF:0000609	P33309	P05738	P47112	Q01855	559292	ok
SCF:0000610	P33309	P05738	P47112	P0CX53	559292	ok
SCF:0000611	Q8CM25	Q8DG60	Q8DMP8	Q9F1L5	197221	ok
SCF:0000614	Q8DIF8	Q8DMP8	Q8DKF4	Q8DHJ2	197221	ok
SCF:0000615	Q8DIF8	Q8DMP8	Q8DKF4	Q9F1R6	197221	ok
SCF:0000616	Q8DMP8	Q8DIF8	Q8DHA7	D0VWR1	197221	ok
SCF:0000617	Q8DMP8	Q8DIF8	Q8DHA7	Q8DIQ1	197221	ok
SCF:0000618	Q8DMP8	Q8DIF8	Q8DG60	P51765	197221	ok
SCF:0000619	P11704	A0A9R0K533	P00289	A0A9R0JBX6	3562	ok
SCF:0000620	P11704	A0A9R0K533	P69461	A0A9R0K7U8	3562	ok
SCF:0000621	O14010	Q9Y821	P87310	Q9US45	284812	ok
SCF:0000622	Q9Y821	O14010	Q9P6Q0	O94376	284812	ok
SCF:0000623	O94646	P87310	O94376	O13964	284812	ok
SCF:0000624	O94646	P87310	Q09177	Q9P6Q0	284812	ok
SCF:0000625	P87310	O94646	Q09191	Q9US45	284812	ok
SCF:0000627	P32833	P47112	P33309	P54791	559292	ok
SCF:0000628	P32833	P47112	P05738	P29469	559292	ok
SCF:0000629	P32833	P47112	P05738	P50874	559292	ok
SCF:0000630	P47112	P32833	P53840	P54790	559292	ok
SCF:0000631	P47112	P32833	P38121	P54791	559292	ok
SCF:0000632	A4VD75	Q22A67	Q24C31	I7M9J2	312017	ok
SCF:0000636	Q22A67	A4VE64	Q240X9	Q24CE5	312017	ok
SCF:0000637	Q22A67	A4VE64	Q240X9	Q1HFW0	312017	ok
SCF:0000638	Q22A67	A4VE64	W7WX86	W7XJB1	312017	ok
SCF:0000641	P20226	P0DPB6	P10145	F1RKE4	9606	ok
SCF:0000648	P09192	Q55329	P74564	Q55354	1111708	ok
SCF:0000649	Q55329	P09192	P74564	P16033	1111708	ok
SCF:0000650	Q55329	P09192	P74810	Q55274	1111708	ok
SCF:0000651	P62875	O15514	P10145	O75575	9606	ok
SCF:0000653	Q8LE42	Q9M1A8	Q9FFC0	Q9FJ98	3702	ok
SCF:0000658	Q12824	Q96GM5	P10145	Q969G3	9606	ok
SCF:0000659	Q9XFH4	Q9FFC0	Q9M1A8	P02281	3702	ok
SCF:0000660	Q9XFH4	Q9FFC0	Q9XI73	P84233	3702	ok
SCF:0000661	A0QSD7	A0R7F7	A0R102	A0QSG2	246196	ok
SCF:0000662	A0R7F7	A0QSD7	A0QSP9	A0QVB8	246196	ok
SCF:0000663	A0R7F7	A0QSD7	A0QSG6	A0QSG1	246196	ok
SCF:0000664	A0R7F7	A0QSD7	A0R550	A0QZ86	246196	ok
SCF:0000665	P0A7Z4	P0AGB6	P0A8V2	P0ADY3	83333	ok
SCF:0000666	P0A7Z4	P0AGB6	P0A707	P0ACJ8	83333	ok
SCF:0000667	A0A2K3CYB6	A0A2K3DZD9	A8HY43	A0A2K3DLF7	3055	ok
SCF:0000668	O31743	Q06797	P21476	P42921	224308	ok
SCF:0000669	A0A2K3DGW6	A0A2K3DQ46	A8HY43	A0A2K3DHV6	3055	ok
SCF:0000670	A0A2K3DGW6	A0A2K3DQ46	A8IJY7	A0A2K3DLF7	3055	ok
SCF:0000671	P10793	E1C9K9	A0A0H2UKZ4	A0A0M3KL10	3888	ok
SCF:0000672	E1C9L3	A0A0H2UKZ4	E1C9K9	A0A0M3KL12	3888	ok
SCF:0000673	Q9VGW6	Q9VBI1	Q26454	Q9VQY9	7227	ok
SCF:0000674	Q9VGW6	Q9VBI1	Q9XYU0	Q9W2V7	7227	ok
SCF:0000675	P38121	P53840	P32833	P13382	559292	ok
SCF:0000676	P53840	P38121	P32833	Q04636	559292	ok
SCF:0000677	P53840	P38121	P47076	P24482	559292	ok
SCF:0000678	P53840	P38121	P47076	P30665	559292	ok
SCF:0000683	P16033	P12975	P09192	P14835	1111708	ok
SCF:0000686	P59763	A8HY43	A0A2K3DZD9	A8I5A0	3055	ok
SCF:0000687	P59763	A8HY43	A0A2K3DQ46	P12853	3055	ok
SCF:0000688	O15527	Q71DI3	Q96KK5	P62807	9606	ok
SCF:0000689	Q71DI3	O15527	Q96KK5	P48431	9606	ok
SCF:0000692	Q8N884	Q96KK5	Q71DI3	Q99878	9606	ok
SCF:0000693	Q8N884	Q96KK5	O15527	P04908	9606	ok
SCF:0000694	Q8N884	Q96KK5	P17987	Q99877	9606	ok
SCF:0000699	A0A3Q7H1U4	A0A3Q7I881	A0A3Q7HSH1	A0A3Q7HJ03	4081	ok
SCF:0000700	A0A3Q7I881	A0A3Q7H1U4	A0A3Q7G7F0	A0A3Q7H274	4081	ok
SCF:0000702	P0A7S3	P0A707	P0AGB6	P0A7V3	83333	ok
SCF:0000703	P0A7S3	P0A707	P0AGB6	P0A7V8	83333	ok
SCF:0000704	P0A7S3	P0A707	P0AF28	P40711	83333	ok
SCF:0000706	A0A3Q7H1U4	A0A3Q7HSH1	A0A3Q7I881	A0A3Q7G7F0	4081	ok
SCF:0000708	P0A7W7	P0A8A8	P0A707	P0A7X3	83333	ok
SCF:0000712	M2X090	M2X4U9	M2XW22	M2VTV2	130081	ok
SCF:0000713	M2X4U9	M2X090	E3UIU5	M2VTV2	130081	ok
SCF:0000719	Q23FU1	Q240X9	Q24CL2	Q1HGH8	312017	ok
SCF:0000720	Q23FU1	Q240X9	I7M6H4	Q1HFV9	312017	ok
SCF:0000721	A0A4V8GZZ2	A0A4V8H004	A0A4V8H002	A0A4V8GZZ8	325651	ok
SCF:0000722	A0A4V8H004	A0A4V8GZZ2	A0A4V8GZZ8	A0A4V8H003	325651	ok
SCF:0000723	A0A2K3CXW8	A8IJY7	A0A2K3DQ46	A8INX1	3055	ok
SCF:0000724	A0A4X1VM56	A0A8D0JYF1	A0A8D1KNW4	A0A4X1TRS6	9823	ok
SCF:0000725	A0A8D0JYF1	A0A4X1VM56	A0A8D1KNW4	A0A287ADR4	9823	ok
SCF:0000726	A0A8D0JYF1	A0A4X1VM56	I3LGP4	Q6NXT2	9823	ok
SCF:0000730	O15212	P17987	Q96KK5	P50991	9606	ok
SCF:0000731	O15212	P17987	Q9UHV9	P50990	9606	ok
SCF:0000732	P17987	O15212	Q9UHV9	O60925	9606	ok
SCF:0000739	A0A3B6IU74	W5FPA7	A0A3B6KRQ3	W5BFB7	4565	ok
SCF:0000743	A0A1D5SLI4	A0A3B6RHV8	W5DS33	A0A3B6PK86	4565	ok
SCF:0000748	Q5SHR1	P0DOY7	Q5SLQ0	Q5SHN3	300852	ok
SCF:0000749	Q5SHR1	P0DOY7	Q5SLQ0	P0A7S3	300852	ok
SCF:0000752	A8IL32	Q75VY6	A8IS47	A8ITV3	3055	ok
SCF:0000759	A8INX1	A8IS47	Q75VY6	A8IL21	3055	ok
SCF:0000760	A8INX1	A8IS47	A0A2K3DQ46	A8IJ60	3055	ok
SCF:0000761	A8INX1	A8IS47	A0A2K3DLI2	A0A2K3CXW8	3055	ok
SCF:0000762	A8IS47	A8INX1	A8IJY7	A8IL21	3055	ok
SCF:0000763	A8IS47	A8INX1	A8IJY7	A8IJ60	3055	ok
SCF:0000764	A8IS47	A8INX1	A8IJY7	A8IXD6	3055	ok
SCF:0000775	A0A3Q7G7F0	A0A3Q7HSH1	A0A3Q7I881	A0A3Q7FNQ5	4081	ok
SCF:0000777	P50991	Q9UHV9	Q7L5N1	Q9NQP4	9606	ok
SCF:0000778	P50991	Q9UHV9	Q13618	Q99471	9606	ok
SCF:0000779	P50991	Q9UHV9	Q13618	O15212	9606	ok
SCF:0000780	Q9UHV9	P50991	P17987	P40227	9606	ok
SCF:0000785	A0A1B1W4Z4	Q9XI73	Q9FFC0	Q2V2S7	3702	ok
SCF:0000789	O15212	P78371	Q9UHV9	P50991	9606	ok
SCF:0000790	O15212	P78371	Q13618	P50990	9606	ok
SCF:0000795	F4JYR0	O22993	Q9SGH4	F4KF14	3702	ok
SCF:0000796	F4JYR0	O22993	Q9SGH4	Q9SAJ3	3702	ok
SCF:0000797	F4JYR0	O22993	O81098	F4J3N2	3702	ok
SCF:0000798	Q8DJ02	Q8DKF4	Q8DMP8	Q8DKY0	197221	ok
SCF:0000799	Q8DJ02	Q8DKF4	Q8DMP8	Q8DMR6	197221	ok
SCF:0000800	A0A1S3YU01	A0A1S3X147	A0AA96C3P8	A0A1S3ZQT7	4097	ok
SCF:0000801	A0A1S3YU01	A0A1S3X147	A0AA96C3P8	A0A1S4CE74	4097	ok
SCF:0000804	I7MHB1	Q24DI9	I7MCM8	Q1HFV9	312017	ok
SCF:0000805	I7MHB1	Q24DI9	I7MCM8	Q1HFW2	312017	ok
SCF:0000806	I7MHB1	Q24DI9	I7MCM8	A4VE64	312017	ok
SCF:0000817	G0SC21	G0SCD1	G0SE33	P0CT46	759272	ok
SCF:0000818	G0SCD1	G0SC21	G0RZG4	G0SE33	759272	ok
SCF:0000819	G0SCD1	G0SC21	G0S9A0	G0S1P1	759272	ok
SCF:0000821	Q13618	Q7L5N1	O15212	Q9BT78	9606	ok
SCF:0000822	Q7L5N1	Q13618	P50991	Q13619	9606	ok
SCF:0000823	Q7L5N1	Q13618	P78371	Q13617	9606	ok
SCF:0000824	Q7L5N1	Q13618	P78371	Q93034	9606	ok
SCF:0000825	Q8L806	W5DS33	A0A3B6RHV8	W5FWF5	4565	ok
SCF:0000826	Q8L806	W5DS33	W5BFB7	Q5I7L2	4565	ok
SCF:0000830	O75822	P62280	P50991	P62266	9606	ok
SCF:0000831	P62280	O75822	P50991	P23396	9606	ok
SCF:0000832	P62280	O75822	O60925	P46782	9606	ok
SCF:0000839	O60925	P50991	P62280	P49368	9606	ok
SCF:0000840	O60925	P50991	O75822	P17987	9606	ok
SCF:0000841	P50991	O60925	O75822	Q9NQP4	9606	ok
SCF:0000842	P50991	O60925	P28072	O15212	9606	ok
SCF:0000846	A0A1S3YEW3	A0A1S3X147	A0A1S3YU01	A0A1S4CE74	4097	ok
SCF:0000848	A8IJY7	A8IL21	A8IS47	A8INX1	3055	ok
SCF:0000849	A8IL21	A8IJY7	A0A2K3DHV6	A0A2K3DG79	3055	ok
SCF:0000850	A8IL21	A8IJY7	A8HUP3	A8INX1	3055	ok
SCF:0000851	A8IL21	A8IJY7	A8J353	A8IS47	3055	ok
SCF:0000852	P13393	P47076	P38121	P20433	559292	ok
SCF:0000853	P13393	P47076	P38121	P20435	559292	ok
SCF:0000854	O95456	P28072	O60925	Q99436	9606	ok
SCF:0000855	O95456	P28072	P48643	Q969U7	9606	ok
SCF:0000856	P28072	O95456	P48643	Q99933	9606	ok
SCF:0000857	P28072	O95456	Q9UBD5	O14818	9606	ok
SCF:0000858	O15212	P48643	P28072	P50991	9606	ok
SCF:0000859	O15212	P48643	O95456	P40227	9606	ok
SCF:0000860	Q95695	Q9SGH4	O22993	O80634	3702	ok
SCF:0000861	Q95695	Q9SGH4	O22993	Q9XI73	3702	ok
SCF:0000863	Q22YU3	A4VE64	I7MCM8	Q24CE5	312017	ok
SCF:0000864	Q22YU3	A4VE64	I7MCM8	Q24DI9	312017	ok
SCF:0000867	P49736	Q9UBD5	O95456	Q9Y5B9	9606	ok
SCF:0000868	Q9UBD5	P49736	P04908	P33993	9606	ok
SCF:0000869	Q9UBD5	P49736	O14746	P25205	9606	ok
SCF:0000870	Q9UBD5	P49736	Q9BS16	Q13415	9606	ok
SCF:0000871	A0A1S3ZQT7	A0AA96C3P8	A0A1S3XP85	A0A1S3ZSI0	4097	ok
SCF:0000872	O14746	P04908	P49736	Q9BTM1	9606	ok
SCF:0000873	P04908	O14746	P49736	P30876	9606	ok
SCF:0000874	A0A2K3DLI2	A0A2K3DQ46	A8IS47	A0A2K3DLF7	3055	ok
SCF:0000877	Q8DHA7	Q8DMP8	Q8DIF8	Q9F1R6	197221	ok
SCF:0000878	Q8DMP8	Q8DHA7	Q8DIF8	Q8DIN8	197221	ok
SCF:0000879	Q8DMP8	Q8DHA7	Q8DHJ2	P12241	197221	ok
SCF:0000882	Q2FW39	Q2G2Q4	Q2G111	Q2FW18	93061	ok
SCF:0000883	Q2G2Q4	Q2FW39	Q2FW20	Q2FW31	93061	ok
SCF:0000884	P0A7U3	P69222	P0A8A8	P0A7T7	83333	ok
SCF:0000886	P0A7U3	P69222	P0AF28	P0A7M6	83333	ok
SCF:0000888	A0A3Q7HSH1	P49215	A0A3Q7GDB0	A0A3Q7IN69	4081	ok
SCF:0000889	P49215	A0A3Q7HSH1	A0A3Q7I5D6	A0A3Q7HQH0	4081	ok
SCF:0000890	A0A2K3DHV6	A0A2K3DLI2	A8INX1	A0A2K3DVJ8	3055	ok
SCF:0000891	A0A2K3DLI2	A0A2K3DHV6	A8INX1	A0A2K3CRM9	3055	ok
SCF:0000892	P0A8T7	P0AF28	P69222	P0A7V8	83333	ok
SCF:0000893	P0A8T7	P0AF28	P69222	P0A7V3	83333	ok
SCF:0000894	P0A8T7	P0AF28	P0A7T7	P0AFW0	83333	ok
SCF:0000895	A0T0T5	B8C770	B8CEQ3	B8C0K4	35128	ok
SCF:0000896	A0T0T5	B8C770	B8CEQ3	B8BUW3	35128	ok
SCF:0000898	B8LEV1	B8CEQ3	B8C770	B8BUW3	35128	ok
SCF:0000902	P62807	Q9BS16	P49736	P0CG47	9606	ok
SCF:0000903	P62807	Q9BS16	O95456	Q13352	9606	ok
SCF:0000904	Q9BS16	P62807	Q13216	Q93077	9606	ok
SCF:0000906	P0A444	Q8DG60	Q8DJZ6	Q9F1L5	197221	ok
SCF:0000907	Q8DG60	P0A444	Q8DMP8	Q8DIF8	197221	ok
SCF:0000908	P12975	P74564	P09192	P72712	1111708	ok
SCF:0000909	A0A2K3DGW6	A8HUP3	A8INX1	A0A2K3DHV6	3055	ok
SCF:0000914	O13877	Q09177	P87310	P87123	284812	ok
SCF:0000918	Q5JS54	O95456	Q9BS16	O14818	9606	ok
SCF:0000919	Q6NLH0	O81098	O22993	Q9M1J2	3702	ok
SCF:0000925	P04969	P21467	P21476	P21472	224308	ok
SCF:0000927	P21467	P04969	P21477	P21470	224308	ok
SCF:0000928	P21467	P04969	P21473	P46898	224308	ok
SCF:0000929	P62877	Q13216	P62807	Q13309	9606	ok
SCF:0000930	P62877	Q13216	P36954	Q712K3	9606	ok
SCF:0000932	P06505	A0A9R0JBX6	A0A9R0K533	A0A9R0IWV5	3562	ok
SCF:0000933	P06505	A0A9R0JBX6	A0A9R0K533	A0A9R0K7U8	3562	ok
SCF:0000934	Q24CL2	W7WX86	A4VE64	I7MDA9	312017	ok
SCF:0000935	W7WX86	Q24CL2	A4VE64	Q23YW7	312017	ok
SCF:0000938	P04908	P36954	Q13216	P62987	9606	ok
SCF:0000939	P36954	P04908	Q93079	P68431	9606	ok
SCF:0000940	P0A707	P0A7T7	P0AF28	P69222	83333	ok
SCF:0000941	P0A7T7	P0A707	P0AG30	P0A7V8	83333	ok
SCF:0000943	Q8N884	Q93079	S6B2B6	O60814	9606	ok
SCF:0000944	Q8N884	Q93079	S6B2B6	Q99877	9606	ok
SCF:0000946	A0QS96	A0QSD7	A0QVB8	A0QSG1	246196	ok
SCF:0000948	A0QSD7	A0QS96	A0R7F7	A0QSG5	246196	ok
SCF:0000956	P0DOX7	S6B2B6	P04908	S6C4S0	9606	ok
SCF:0000957	P0DOX7	S6B2B6	Q93079	Q6GMX6	9606	ok
SCF:0000959	S6B2B6	P0DOX7	Q8N668	Q6GMX4	9606	ok
SCF:0000962	Q9SUI6	Q8LCQ4	Q39212	Q9SUI4	3702	ok
SCF:0000964	A8IJY7	A8J353	A8IL21	A8INX1	3055	ok
SCF:0000965	A8J353	A8IJY7	Q75VY6	A8INX1	3055	ok
SCF:0000966	P0A800	P0AG30	P0A707	P0A7Z4	83333	ok
SCF:0000967	P0A800	P0AG30	P0A707	A0A377VEN9	83333	ok
SCF:0000969	P40422	Q04307	Q12321	P27999	559292	ok
SCF:0000970	P40422	Q04307	P47822	P32529	559292	ok
SCF:0000972	P37382	Q09191	O94646	Q10317	284812	ok
SCF:0000984	Q86X83	Q8N668	P0DOX7	Q9GZQ3	9606	ok
SCF:0000985	Q86X83	Q8N668	Q96P70	Q9H0A8	9606	ok
SCF:0000986	Q86X83	Q8N668	Q96P70	Q9NX08	9606	ok
SCF:0000987	Q8N668	Q86X83	P28066	Q86VX2	9606	ok
SCF:0000988	Q8N668	Q86X83	P40227	Q9NX08	9606	ok
SCF:0000989	Q8N668	Q86X83	P40227	Q9P000	9606	ok
SCF:0000990	P38550	A0A1S3YEW3	A0A1S4BFK7	A0A1S3XP85	4097	ok
SCF:0000991	P28066	Q96P70	Q8N668	Q13200	9606	ok
SCF:0000992	P28066	Q96P70	Q8N668	Q99460	9606	ok
SCF:0000993	Q96P70	P28066	Q86X83	P25787	9606	ok
SCF:0000996	A8IFG7	Q75VY6	A8IJY7	A8ITV3	3055	ok
SCF:0000997	A8IFG7	Q75VY6	P32974	A8IKC8	3055	ok
SCF:0000998	Q9FJ98	Q39212	Q8LCQ4	Q39211	3702	ok
SCF:0001000	O60925	P40227	Q86X83	P49368	9606	ok
SCF:0001001	O60925	P40227	Q86X83	P17987	9606	ok
SCF:0001002	P40227	O60925	Q8IY47	Q9UHV9	9606	ok
SCF:0001003	P40227	O60925	Q13618	O15212	9606	ok
SCF:0001004	P40227	O60925	Q13618	Q99471	9606	ok
SCF:0001010	A0A0F6NGI2	E1C9L3	A0A0H2UKZ4	A0A0M3KL10	3888	ok
SCF:0001011	A0A0F6NGI2	E1C9L3	A0A0H2UKZ4	A0A0M3KL13	3888	ok
SCF:0001012	E1C9L3	A0A0F6NGI2	Q41038	P05310	3888	ok
SCF:0001013	E1C9L3	A0A0F6NGI2	P16002	A0A0F6NFW5	3888	ok
SCF:0001014	P19569	P74564	P09192	P72712	1111708	ok
SCF:0001018	A0A063X745	A0A063XCG5	A0A063X8U6	A0A063X754	1423	ok
SCF:0001026	Q9XFH4	Q9FJE8	Q9SYW8	P06897	3702	ok
SCF:0001027	Q9XFH4	Q9FJE8	Q9SY97	P02281	3702	ok
SCF:0001028	Q9XFH4	Q9FJE8	Q9SUI4	P84233	3702	ok
SCF:0001029	P47822	Q12321	Q04307	P32569	559292	ok
SCF:0001030	Q12321	P47822	Q04307	P33308	559292	ok
SCF:0001034	Q2G111	Q2FW23	P60430	P48940	93061	ok
SCF:0001035	Q2G111	Q2FW23	P0A0H0	Q2FW31	93061	ok
SCF:0001036	F5HRS7	A0A063X781	A0A063XCG5	A0A063XCH0	1423	ok
SCF:0001037	P25043	P36040	P35718	P28062	559292	ok
SCF:0001038	P36040	P25043	P35718	P21242	559292	ok
SCF:0001039	P36040	P25043	P13393	P23638	559292	ok
SCF:0001040	P36040	P25043	P13393	P30656	559292	ok
SCF:0001041	P13393	P35718	P36040	P20434	559292	ok
SCF:0001042	P13393	P35718	P25043	P32773	559292	ok
SCF:0001043	P35718	P13393	P25043	P47076	559292	ok
SCF:0001044	P35718	P13393	P25043	P20435	559292	ok
SCF:0001045	A0A2K3E6S5	P32974	Q75VY6	P37256	3055	ok
SCF:0001046	P10793	A0A0H2UKZ4	E1C9L2	A0A0M3KL12	3888	ok
SCF:0001047	P10793	A0A0H2UKZ4	P16002	B7FRW2	3888	ok
SCF:0001050	A0A0F6NGI2	Q41038	E1C9L3	Q01667	3888	ok
SCF:0001051	Q41038	A0A0F6NGI2	E1C9L3	P05310	3888	ok
SCF:0001052	P08980	P00289	A0A9R0K533	P00166	3562	ok
SCF:0001053	Q99627	Q8IY47	O60925	Q13619	9606	ok
SCF:0001054	Q99627	Q13618	O60925	Q13619	9606	ok
SCF:0001055	Q99627	Q13618	O60925	Q13616	9606	ok
SCF:0001057	P27999	Q02792	P53378	P19263	559292	ok
SCF:0001059	P02557	P53378	Q02792	P09733	559292	ok
SCF:0001060	P53378	P02557	P38042	P09733	559292	ok
SCF:0001061	P63096	Q99731	Q9UBF6	P09341	9606	ok
SCF:0001062	P63096	Q99731	Q9UJX3	P48061	9606	ok
SCF:0001063	P63096	Q99731	Q9UJX3	P22362	9606	ok
SCF:0001064	Q22MV2	Q24DI9	A4VE64	Q1HFV9	312017	ok
SCF:0001065	Q22MV2	Q24DI9	A4VE64	Q1HFW2	312017	ok
SCF:0001066	Q22MV2	Q24DI9	A4VE64	W7XJB1	312017	ok
SCF:0001068	Q1HFX4	Q1HFW0	Q1HFV9	Q1HFW2	5911	ok
SCF:0001069	Q1HFX4	Q1HFW0	Q1HFV9	W7XJB1	5911	ok
SCF:0001070	Q1HFX4	Q1HFW0	Q1HFX1	Q22R86	5911	ok
SCF:0001073	A8IJ60	A8IJY7	A0A2K3DLI2	A0A2K3DG79	3055	ok
SCF:0001074	A8IJ60	A8IJY7	A0A2K3DLI2	A8IL21	3055	ok
SCF:0001075	A8IJ60	A8IJY7	A0A2K3DM81	A8INX1	3055	ok
SCF:0001076	A8IJY7	A8IJ60	A8IH07	A8INX1	3055	ok
SCF:0001083	P72798	P74810	Q55329	P74149	1111708	ok
SCF:0001084	Q92905	Q9UBF6	Q99731	P62877	9606	ok
SCF:0001086	P0A431	Q8DHJ2	Q8DMP8	Q8DHA7	197221	ok
SCF:0001088	A0T0M9	B5YM25	B8C770	B8BU33	35128	ok
SCF:0001089	A0T0M9	B5YM25	B8CEQ3	B8BYV4	35128	ok
SCF:0001090	A0T0M9	B5YM25	B8CEQ3	B8C8Q0	35128	ok
SCF:0001091	B5YM25	A0T0M9	B8C2K6	A0T0M8	35128	ok
SCF:0001095	Q9SUI6	Q9SYW8	Q9FJE8	Q9SA56	3702	ok
SCF:0001096	Q9UM11	Q9UJX3	Q99731	Q9UJX2	9606	ok
SCF:0001097	Q9UM11	Q9UJX3	Q99731	Q13042	9606	ok
SCF:0001098	Q9UM11	Q9UJX3	Q16533	Q9UJX6	9606	ok
SCF:0001099	Q2FW30	Q2FW31	Q2G111	Q2FW22	93061	ok
SCF:0001100	Q2FW30	Q2FW31	Q2G2Q4	Q2FW39	93061	ok
SCF:0001101	P52657	Q16533	Q9UJX3	P29084	9606	ok
SCF:0001102	P52657	Q16533	Q9UHV9	P29083	9606	ok
SCF:0001103	Q9NQP4	Q9UHV9	Q16533	P61758	9606	ok
SCF:0001104	Q9NQP4	Q9UHV9	P07305	Q99471	9606	ok
SCF:0001105	Q9UHV9	Q9NQP4	Q9GZQ3	O60925	9606	ok
SCF:0001106	Q9UHV9	Q9NQP4	Q9GZQ3	Q99471	9606	ok
SCF:0001107	Q9UHV9	Q9NQP4	Q9GZQ3	P61758	9606	ok
SCF:0001108	Q9SUI4	Q9SY97	Q9FJE8	Q9SHR7	3702	ok
SCF:0001110	Q9SY97	Q9SUI4	Q9FJE8	Q41038	3702	ok
SCF:0001111	Q9SY97	Q9SUI4	Q9SAJ3	Q8LCQ4	3702	ok
SCF:0001112	P53197	P38042	P02557	P30260	559292	ok
SCF:0001113	P53197	P38042	P36040	P16522	559292	ok
SCF:0001114	P53197	P38042	P33332	Q08683	559292	ok
SCF:0001115	P38293	P36040	P38042	Q05778	559292	ok
SCF:0001117	P61077	P07305	Q9UHV9	O60814	9606	ok
SCF:0001121	I7MHB1	I7MCM8	Q24DI9	Q1HFX0	312017	ok
SCF:0001122	I7MHB1	I7MCM8	Q24DI9	W7XJB1	312017	ok
SCF:0001123	I7MHB1	I7MCM8	Q24DI9	Q1HFV9	312017	ok
SCF:0001124	O22993	Q9SAJ3	Q9SUI4	A8MPR5	3702	ok
SCF:0001125	O22993	Q9SAJ3	Q9SUI4	F4J3N2	3702	ok
SCF:0001126	Q9SAJ3	O22993	Q9SA56	F4KF14	3702	ok
SCF:0001127	A0A2P6THB2	A0A2P6TPU7	A0A2P6U4S6	A0A2P6U0J1	3076	ok
SCF:0001130	P10793	P16002	P05311	A5Z2K3	3888	ok
SCF:0001136	Q9WV32	Q99JY9	P01887	P61161	10090	ok
SCF:0001145	Q9SN86	O22993	P56768	F4KF14	3702	ok
SCF:0001146	Q9SN86	O22993	Q01667	Q9SAJ3	3702	ok
SCF:0001150	Q7Z4G1	Q9GZQ3	Q9NQP4	Q9P000	9606	ok
SCF:0001151	Q7Z4G1	Q9GZQ3	Q9NQP4	Q9NX08	9606	ok
SCF:0001152	Q7Z4G1	Q9GZQ3	Q9NQP4	Q9H0A8	9606	ok
SCF:0001156	Q96N11	Q96HW7	O15446	Q9NVR2	9606	ok
SCF:0001157	Q9S7N7	Q9SUI4	Q9SAJ3	Q9SUI7	3702	ok
SCF:0001159	Q2FW38	P60430	Q2FW31	Q2FW06	93061	ok
SCF:0001160	P22224	P33332	P38042	P32855	559292	ok
SCF:0001161	P33332	P22224	P29496	P89102	559292	ok
SCF:0001162	P33332	P22224	P29496	P32855	559292	ok
SCF:0001163	P33332	P22224	P29496	Q06245	559292	ok
SCF:0001169	B8CEQ3	A0A8F0WFC9	B8BRQ8	B8LEQ8	35128	ok
SCF:0001173	P56768	Q9SA56	O22993	Q9SUI7	3702	ok
SCF:0001174	Q9SA56	P56768	O22993	A0A8F5NZW2	3702	ok
SCF:0001175	Q9P1U0	O15446	Q96HW7	Q9GZS1	9606	ok
SCF:0001176	P53840	P29496	P22224	P29469	559292	ok
SCF:0001177	P53840	P29496	P22224	P53091	559292	ok
SCF:0001178	P53840	P29496	P22224	P38132	559292	ok
SCF:0001189	Q9H0A8	Q9P000	Q9NVR2	Q9UBI1	9606	ok
SCF:0001190	Q9H0A8	Q9P000	Q9NVR2	Q8N668	9606	ok
SCF:0001191	Q9H0A8	Q9P000	Q9NVR2	Q9NX08	9606	ok
SCF:0001192	Q9P000	Q9H0A8	Q8N884	Q9GZQ3	9606	ok
SCF:0001193	Q9P000	Q9H0A8	Q8N884	Q86VX2	9606	ok
SCF:0001194	Q6P9B9	Q9NVR2	Q9P000	Q96HW7	9606	ok
SCF:0001195	Q6P9B9	Q9NVR2	Q9P000	Q9NV88	9606	ok
SCF:0001196	Q6P9B9	Q9NVR2	Q9P000	Q75QN2	9606	ok
SCF:0001197	Q9Y7N2	Q9Y821	O14010	Q9US45	284812	ok
SCF:0001198	Q9Y821	Q9Y7N2	Q9Y7M4	O94376	284812	ok
SCF:0001200	Q15369	Q8N884	Q9H0A8	Q13098	9606	ok
SCF:0001201	Q15369	Q8N884	Q9H0A8	Q6PJ21	9606	ok
SCF:0001202	Q15369	Q8N884	P63104	P30291	9606	ok
SCF:0001203	P36100	Q12004	P53905	Q03290	559292	ok
SCF:0001204	Q12004	P36100	P53905	P32776	559292	ok
SCF:0001205	Q02750	P63104	Q8N884	P31947	9606	ok
SCF:0001211	P56769	Q01667	O22993	Q9SYW8	3702	ok
SCF:0001213	P56769	Q01667	Q9SCY3	Q8LCQ4	3702	ok
SCF:0001221	Q16531	P15170	Q6PD62	Q2YDS1	9606	ok
SCF:0001222	A0A7M4DUC2	A0A4X1VYD0	A0A8D0JYF1	A0A8W4F9W9	9823	ok
SCF:0001224	Q13216	Q6PD62	P15170	I3LGP4	9606	ok
SCF:0001225	Q6PD62	Q13216	Q9Y230	Q9GZS3	9606	ok
SCF:0001228	Q24CE5	I7M6H4	A4VE64	Q22A67	312017	ok
SCF:0001235	O19927	Q9TM21	O19882	Q9TM22	2771	ok
SCF:0001236	A0A287ADR4	A0A481DF93	A0A4X1VM56	I3LCH3	9823	ok
SCF:0001237	P47093	P53905	Q12004	P57743	559292	ok
SCF:0001238	P47093	P53905	P36100	Q06406	559292	ok
SCF:0001239	P47093	P53905	P47017	A6ZYX7	559292	ok
SCF:0001240	P53905	P47093	Q12493	P40089	559292	ok
SCF:0001241	P61157	Q1JP79	G3MXC8	Q3MHR7	9913	ok
SCF:0001242	Q1JP79	P61157	Q3MHR7	A7MB62	9913	ok
SCF:0001250	A0A2K3DG79	A8IH07	A0A2K3DHV6	A8IJ60	3055	ok
SCF:0001251	A0A2K3DG79	A8IH07	A0A2K3DHV6	A8IL21	3055	ok
SCF:0001252	A0A2K3DG79	A8IH07	A8IXD6	A8INX1	3055	ok
SCF:0001253	A8IH07	A0A2K3DG79	A8IJY7	A8INX1	3055	ok
SCF:0001254	Q9P7Y4	O14010	Q9Y7M4	O94376	284812	ok
SCF:0001255	I7MCM8	Q24CE5	I7M6H4	A4VE64	312017	ok
SCF:0001256	Q24CE5	I7MCM8	A4VE64	W7XJB1	312017	ok
SCF:0001257	Q24CE5	I7MCM8	I7MLZ4	Q24DI9	312017	ok
SCF:0001258	A0A2K3CYB6	A0A2K3DLI2	A8IJY7	A0A2K3DQ46	3055	ok
SCF:0001259	A0A2K3CYB6	A0A2K3DLI2	A8IJY7	A0A2K3DHV6	3055	ok
SCF:0001260	A0A2K3DHV6	A0A2K3DM81	A8IJ60	A0A2K3DVJ8	3055	ok
SCF:0001261	A0A2K3DM81	A0A2K3DHV6	A8IH07	A0A2K3DQ46	3055	ok
SCF:0001262	A0A2K3DM81	A0A2K3DHV6	A8IH07	A8HUP3	3055	ok
SCF:0001269	P40089	P47017	P47093	P53905	559292	ok
SCF:0001270	P47017	P40089	P36012	Q06406	559292	ok
SCF:0001271	P47017	P40089	P32855	P57743	559292	ok
SCF:0001272	P47017	P40089	P32855	P38203	559292	ok
SCF:0001275	P56752	Q9SCY3	Q01667	Q94AQ8	3702	ok
SCF:0001276	Q9SCY3	P56752	O22993	A0A1B1W4Z4	3702	ok
SCF:0001279	Q41038	E1C9L2	A0A0F6NGI2	Q9SY97	3888	ok
SCF:0001283	P62807	Q9Y230	Q13216	G0RYC2	9606	ok
SCF:0001284	P62807	Q9Y230	Q9BVW5	Q99986	9606	ok
SCF:0001285	P62807	Q9Y230	P09884	Q71F23	9606	ok
SCF:0001286	Q9Y230	P62807	P60709	P33778	9606	ok
SCF:0001287	Q9Y230	P62807	P49427	P04908	9606	ok
SCF:0001290	P06271	A0A1S3X147	A0A1S3XP85	A0A1S4CE74	4097	ok
SCF:0001295	P36012	Q12493	P53905	Q06675	559292	ok
SCF:0001296	Q12493	P36012	P40089	Q06162	559292	ok
SCF:0001297	P19658	P32855	P40089	P89102	559292	ok
SCF:0001298	P19658	P32855	P40089	P22224	559292	ok
SCF:0001299	P19658	P32855	P32844	P38261	559292	ok
SCF:0001300	P32855	P19658	Q12321	P32844	559292	ok
SCF:0001301	P32855	P19658	Q12321	P89102	559292	ok
SCF:0001302	P32855	P19658	P24279	P22224	559292	ok
SCF:0001308	A4VE64	Q24DI9	Q24CE5	I7MCM8	312017	ok
SCF:0001309	Q24DI9	A4VE64	I7MLZ4	Q24CE5	312017	ok
SCF:0001310	Q24DI9	A4VE64	Q24CL2	W7XJB1	312017	ok
SCF:0001311	P09884	Q9BVW5	Q9Y230	Q9BRX5	9606	ok
SCF:0001312	Q9BVW5	P09884	Q9Y230	Q9HAW4	9606	ok
SCF:0001314	W8SUD1	A0A2P6U4S6	A0A2P6TPU7	A0A2P6U0J1	3076	ok
SCF:0001315	G0SC21	G0SE33	G0SCD1	G0S755	759272	ok
SCF:0001316	G0SE33	G0SC21	G0S755	G0SCD1	759272	ok
SCF:0001319	P32844	Q06245	P19658	P89102	559292	ok
SCF:0001320	P32844	Q06245	P19658	P32855	559292	ok
SCF:0001321	Q06245	P32844	P24279	P32855	559292	ok
SCF:0001322	Q06245	P32844	P24279	P22224	559292	ok
SCF:0001323	Q06245	P32844	P29056	P19658	559292	ok
SCF:0001324	A8INX1	A8IXD6	O19930	A8IL21	3055	ok
SCF:0001325	A8INX1	A8IXD6	A0A2K3E6S5	A8IJ60	3055	ok
SCF:0001326	A8INX1	A8IXD6	A0A2K3DHV6	A8IH07	3055	ok
SCF:0001327	A8IXD6	A8INX1	A0A2K3DG79	A8IL21	3055	ok
SCF:0001328	A8IXD6	A8INX1	A0A2K3CXW8	A8IJ60	3055	ok
SCF:0001329	A8IXD6	A8INX1	A0A2K3CXW8	A8IS47	3055	ok
SCF:0001333	Q9UXZ3	P61994	Q9UY20	P62010	272844	ok
SCF:0001334	Q9LTI0	O22993	P56752	F4KF14	3702	ok
SCF:0001335	Q9LTI0	O22993	A8MPR5	Q9SAJ3	3702	ok
SCF:0001336	Q9LTI0	O22993	A8MPR5	F4J3N2	3702	ok
SCF:0001340	P0ACI0	P0A8T7	P0AG30	P0A8V2	83333	ok
SCF:0001343	O00399	P60709	P62807	Q9NZ32	9606	ok
SCF:0001349	P06269	A0A1S4CKK0	A0A1S3YXM6	A0A1S4CIZ9	4097	ok
SCF:0001350	P40337	P49427	P62807	Q712K3	9606	ok
SCF:0001352	P0A0H0	Q2FZ25	Q2FW31	Q8GNY5	93061	ok
SCF:0001353	Q2FZ25	P0A0H0	Q2FW31	Q2FW20	93061	ok
SCF:0001354	Q2FZ25	P0A0H0	Q2FW31	Q2FW23	93061	ok
SCF:0001357	P19263	Q12321	P32855	P32569	559292	ok
SCF:0001358	P19263	Q12321	P19658	Q12124	559292	ok
SCF:0001366	Q9SN86	A8MPR5	O22993	F4KF14	3702	ok
SCF:0001367	Q9SN86	A8MPR5	O22993	Q9SAJ3	3702	ok
SCF:0001368	P50990	Q9UHV9	P60709	O15212	9606	ok
SCF:0001369	Q9UHV9	P50990	P60709	P40227	9606	ok
SCF:0001372	Q9BTE1	P60709	Q9UHV9	F2Z5G5	9606	ok
SCF:0001373	Q9BTE1	P60709	P50990	Q9NZ32	9606	ok
SCF:0001374	W5EP45	W5FEZ3	W5BFB7	Q8L806	4565	ok
SCF:0001375	A0A2K3E6S5	O19930	A8IXD6	P92277	3055	ok
SCF:0001376	O19930	A0A2K3E6S5	A8IXD6	P12853	3055	ok
SCF:0001377	Q8LCQ4	Q9SUI4	Q9LQ02	Q9LVM2	3702	ok
SCF:0001379	Q9SUI4	Q8LCQ4	Q9SAJ3	Q9SHR7	3702	ok
SCF:0001380	P53840	P24279	Q06245	P30665	559292	ok
SCF:0001381	P53840	P24279	Q06245	P29469	559292	ok
SCF:0001382	P53840	P24279	P32844	P53091	559292	ok
SCF:0001386	Q9P6Q0	P87310	Q9Y821	O13964	284812	ok
SCF:0001387	A8ISA4	A0A2K3DHV6	A8INX1	A0A2K3CRM9	3055	ok
SCF:0001391	B8BRQ8	B8CEQ3	B8BUW3	B8BYV4	35128	ok
SCF:0001392	B8BRQ8	B8CEQ3	B5YM25	B8C770	35128	ok
SCF:0001393	B8BRQ8	B8CEQ3	B5YM25	B8BU33	35128	ok
SCF:0001402	A0A2K3CXW8	A8IXD6	A0A2K3DG79	A8INX1	3055	ok
SCF:0001403	A8IXD6	A0A2K3CXW8	A8INX1	A8IJ60	3055	ok
SCF:0001404	A8IXD6	A0A2K3CXW8	A8INX1	A8IS47	3055	ok
SCF:0001405	A8IXD6	A0A2K3CXW8	P11471	P42380	3055	ok
SCF:0001406	Q8N668	Q9UBI1	B4DNT1	Q9P000	9606	ok
SCF:0001407	Q8N668	Q9UBI1	P48729	Q86VX2	9606	ok
SCF:0001408	Q8N668	Q9UBI1	Q9GZQ3	Q9H0A8	9606	ok
SCF:0001409	Q9UBI1	Q8N668	P62807	Q86X83	9606	ok
SCF:0001410	Q9UBI1	Q8N668	P62807	Q9GZQ3	9606	ok
SCF:0001411	Q9UBI1	Q8N668	P62807	Q9H0A8	9606	ok
SCF:0001415	Q15369	B4DNT1	Q9UBI1	Q13084	9606	ok
SCF:0001418	Q8DIN9	Q8DG60	P0A444	Q9F1L5	197221	ok
SCF:0001419	A0A8F0WFC9	B8C2K6	B5YM25	A0T0V0	35128	ok
SCF:0001420	P28000	P29056	P32844	P40992	559292	ok
SCF:0001423	Q8LFJ6	Q9LQ02	Q9SUI4	Q9LK40	3702	ok
SCF:0001424	Q16531	P48729	Q9UBI1	P24941	9606	ok
SCF:0001431	Q8N668	Q9GZQ3	Q9UBI1	Q9P000	9606	ok
SCF:0001432	Q8N668	Q9GZQ3	O96019	Q9NX08	9606	ok
SCF:0001433	Q8N668	Q9GZQ3	Q8WV22	Q9H0A8	9606	ok
SCF:0001434	Q9GZQ3	Q8N668	Q16531	Q9P000	9606	ok
SCF:0001435	Q9GZQ3	Q8N668	Q9H0A8	Q86VX2	9606	ok
SCF:0001436	Q9GZQ3	Q8N668	Q9H0A8	Q86X83	9606	ok
SCF:0001438	A0A4V8GZZ2	A0A4V8H000	A0A4V8H004	A0A4V8GZZ8	325651	ok
SCF:0001440	A0A1S4CKK0	A0A1S3XP85	A0A1S3X147	A0A1S3YU01	4097	ok
SCF:0001446	Q8DJZ6	Q8DG60	Q8DIN8	Q9F1L5	197221	ok
SCF:0001447	O96019	P62807	Q8N668	P02281	9606	ok
SCF:0001448	O96019	P62807	Q8N668	P84233	9606	ok
SCF:0001449	O96019	P62807	Q8N668	Q6AZJ8	9606	ok
SCF:0001450	P62807	O96019	Q9GZQ3	Q71F23	9606	ok
SCF:0001461	A0A2K3CXW8	A0A2K3DG79	A8IXD6	A8INX1	3055	ok
SCF:0001462	A0A2K3DG79	A0A2K3CXW8	P11471	A8IJ60	3055	ok
SCF:0001463	Q16531	Q8WV22	Q9GZQ3	Q13216	9606	ok
SCF:0001464	Q8WV22	Q16531	Q8N668	Q8IY18	9606	ok
SCF:0001471	O42978	Q9Y7M4	Q9Y7N2	O74499	284812	ok
SCF:0001472	O42978	Q9Y7M4	P87310	Q9UUI1	284812	ok
SCF:0001473	Q9Y7M4	O42978	Q09177	Q9UUI1	284812	ok
SCF:0001474	Q9Y7M4	O42978	O14352	O74483	284812	ok
SCF:0001476	Q240X9	I7M6H4	Q24DI9	I7M9J2	312017	ok
SCF:0001477	P56767	Q8LCQ4	Q9SAJ3	Q01667	3702	ok
SCF:0001478	P56767	Q8LCQ4	Q9SYW8	Q9SUI4	3702	ok
SCF:0001479	Q8LCQ4	P56767	Q9SYW8	P56752	3702	ok
SCF:0001483	P16522	Q12440	P35718	Q08683	559292	ok
SCF:0001484	P16522	Q12440	P28000	P09798	559292	ok
SCF:0001485	Q12440	P16522	P57743	P38042	559292	ok
SCF:0001486	Q12440	P16522	P46678	P09798	559292	ok
SCF:0001487	Q9GZQ3	Q9H0A8	Q8N668	Q9P000	9606	ok
SCF:0001488	Q9GZQ3	Q9H0A8	Q8N668	Q9UBI1	9606	ok
SCF:0001489	Q9GZQ3	Q9H0A8	P68036	Q86VX2	9606	ok
SCF:0001490	Q9H0A8	Q9GZQ3	P68036	Q9UBI1	9606	ok
SCF:0001491	Q9H0A8	Q9GZQ3	P68036	Q9NX08	9606	ok
SCF:0001492	Q9H0A8	Q9GZQ3	P14635	Q86X83	9606	ok
SCF:0001493	P28000	P35718	Q12440	P20434	559292	ok
SCF:0001494	P35718	P28000	Q12440	P20435	559292	ok
SCF:0001495	I7LWE3	I7MLZ4	Q24DI9	I7MM07	312017	ok
SCF:0001496	I7LWE3	I7MLZ4	Q24DI9	Q229S1	312017	ok
SCF:0001497	Q15843	P68036	Q9H0A8	P62837	9606	ok
SCF:0001498	Q15843	P68036	Q9GZQ3	A0A6P5C4T4	9606	ok
SCF:0001499	Q15843	P68036	Q9GZQ3	P61081	9606	ok
SCF:0001500	P40070	P57743	P16522	P53905	559292	ok
SCF:0001502	P61024	P14635	Q9GZQ3	Q13309	9606	ok
SCF:0001503	P61024	P14635	Q9UBI1	P61201	9606	ok
SCF:0001504	P68694	P68449	P20979	P68608	10249	ok
SCF:0001506	Q86VX2	Q9UBI1	P14635	Q9P000	9606	ok
SCF:0001507	Q86VX2	Q9UBI1	Q99832	Q9GZQ3	9606	ok
SCF:0001508	Q86VX2	Q9UBI1	Q99832	Q9Y6G5	9606	ok
SCF:0001509	Q9UBI1	Q86VX2	Q9UBF6	Q86X83	9606	ok
SCF:0001510	Q9UBI1	Q86VX2	P29460	Q9GZQ3	9606	ok
SCF:0001511	Q9UBI1	Q86VX2	P29460	Q9H0A8	9606	ok
SCF:0001512	A0A4V8H009	A0A4V8H002	A0A4V8GZZ2	A0A4V8H004	325651	ok
SCF:0001513	A0A4V8H009	A0A4V8H002	A0A4V8GZZ8	A0A4V8GZZ9	325651	ok
SCF:0001518	P07703	P46678	P16522	P32786	559292	ok
SCF:0001519	P07703	P46678	P47076	Q01080	559292	ok
SCF:0001520	P46678	P07703	P47093	P32910	559292	ok
SCF:0001525	I7MG46	Q24CL2	Q24DI9	A4VD15	312017	ok
SCF:0001526	I7MG46	Q24CL2	Q22MV2	Q23S05	312017	ok
SCF:0001527	I7MG46	Q24CL2	A4VE64	Q23YW7	312017	ok
SCF:0001528	Q24CL2	I7MG46	A4VE64	Q23S05	312017	ok
SCF:0001529	Q24CL2	I7MG46	A4VE64	I7M6D6	312017	ok
SCF:0001530	P02359	P0A707	P0A8T7	P0A7V3	83333	ok
SCF:0001531	P02359	P0A707	P0A9G4	P0A7V8	83333	ok
SCF:0001532	P02359	P0A707	P0A9G4	P40711	83333	ok
SCF:0001534	F4J3N2	Q9SAJ3	Q8LCQ4	F4KF14	3702	ok
SCF:0001535	F4J3N2	Q9SAJ3	Q8LCQ4	O22993	3702	ok
SCF:0001536	A0A8D1GCS3	I3LGP4	A0A4X1VM56	Q7KZ85	9823	ok
SCF:0001537	I3LGP4	A0A8D1GCS3	A0A481DF93	A0A287ADR4	9823	ok
SCF:0001538	I3LGP4	A0A8D1GCS3	A0A481DF93	A0A4X1VM56	9823	ok
SCF:0001544	P48011	Q09177	O42978	P87123	284812	ok
SCF:0001547	Q8DIN8	Q8DJZ6	Q8DG60	Q8DIQ0	197221	ok
SCF:0001548	Q8DIN8	Q8DJZ6	Q8DG60	P59087	197221	ok
SCF:0001549	Q8DJZ6	Q8DIN8	Q8DMR6	Q8DHA7	197221	ok
SCF:0001550	O15212	Q99832	Q9UBI1	P50991	9606	ok
SCF:0001551	O15212	Q99832	Q9UBI1	P50990	9606	ok
SCF:0001552	A0A341UET3	W5BFB7	W5DS33	W5I035	4565	ok
SCF:0001553	A0A341UET3	W5BFB7	W5FEZ3	Q5XUU9	4565	ok
SCF:0001554	A0A341UET3	W5BFB7	A0A1D5UKZ4	W5FPA7	4565	ok
SCF:0001555	A0A0M3KL13	P16002	E1C9L3	A0A0M3KL11	3888	ok
SCF:0001557	A4VE64	Q22MV2	Q24CL2	I7MHB1	312017	ok
SCF:0001558	Q22MV2	A4VE64	Q24CL2	Q1HFW2	312017	ok
SCF:0001559	Q22MV2	A4VE64	I7MG46	W7XJB1	312017	ok
SCF:0001560	Q22MV2	A4VE64	I7MG46	Q1HFV9	312017	ok
SCF:0001561	Q13098	Q9UBF6	Q86VX2	P62877	9606	ok
SCF:0001565	A0QSE0	A0QSP9	A0QSD7	A0QS96	246196	ok
SCF:0001568	K4CYU9	A0A3Q7I5D6	P49215	A0A3Q7JDZ0	4081	ok
SCF:0001577	P18263	P11471	A0A2K3CXW8	Q93VE0	3055	ok
SCF:0001578	P18263	P11471	A0A2K3CXW8	A8HY43	3055	ok
SCF:0001579	A0A2K3DG79	A8IXD6	A8HUP3	A8IL21	3055	ok
SCF:0001580	A0A2K3DG79	A8IXD6	A0A2K3DZD9	A8IJ60	3055	ok
SCF:0001581	A0A2K3DG79	A8IXD6	A8J353	A8INX1	3055	ok
SCF:0001589	P07703	P47076	P46678	P20435	559292	ok
SCF:0001593	B8BRQ8	B5YM25	B8CEQ3	B8BU33	35128	ok
SCF:0001594	B8BRQ8	B5YM25	B8CEQ3	B8BYV4	35128	ok
SCF:0001595	B8BRQ8	B5YM25	B8BUW3	B8C770	35128	ok
SCF:0001596	P40089	P47093	P07703	P53905	559292	ok
SCF:0001597	P40089	P47093	P54790	P57743	559292	ok
SCF:0001598	P47093	P40089	P54790	A6ZYX7	559292	ok
SCF:0001599	P47093	P40089	P54790	Q06406	559292	ok
SCF:0001600	P47093	P40089	P29469	P57743	559292	ok
SCF:0001613	P01857	P29460	Q86VX2	G0YP42	9606	ok
SCF:0001614	P01857	P29460	Q86VX2	P0DOX5	9606	ok
SCF:0001619	E3UIU5	M2XW22	M2X4U9	M2X090	130081	ok
SCF:0001624	A0A063XCG5	A0A063X8U6	A0A063XCH0	A0A063XCP1	1423	ok
SCF:0001629	Q9BT73	P25789	O15446	P28066	9606	ok
SCF:0001630	Q9BT73	P25789	O15446	P25788	9606	ok
SCF:0001631	Q9BT73	P25789	Q96MF7	P25786	9606	ok
SCF:0001634	Q2FW10	Q2FW12	Q2FZ25	Q2FW06	93061	ok
SCF:0001635	P29469	P54790	P47093	P50874	559292	ok
SCF:0001636	P29469	P54790	P40089	P06243	559292	ok
SCF:0001637	P29469	P54790	P40089	P54791	559292	ok
SCF:0001638	P54790	P29469	P40089	P29496	559292	ok
SCF:0001639	P54790	P29469	P47076	P24279	559292	ok
SCF:0001640	P54790	P29469	P38801	P38132	559292	ok
SCF:0001641	A0A1S4CKK0	A0A1S4CE74	A0A1S3XP85	A0A1S4D4H1	4097	ok
SCF:0001643	P52434	O15446	P25789	P05423	9606	ok
SCF:0001644	P52434	O15446	P25789	Q9GZS1	9606	ok
SCF:0001646	Q13619	Q96MF7	P25789	Q99627	9606	ok
SCF:0001647	Q13619	Q96MF7	Q8WV22	Q7L5N1	9606	ok
SCF:0001649	O14352	Q9UUI1	Q9Y7N2	O42978	284812	ok
SCF:0001650	O14352	Q9UUI1	Q9Y7N2	O74499	284812	ok
SCF:0001651	O14352	Q9UUI1	P87306	O74483	284812	ok
SCF:0001652	Q9UUI1	O14352	Q9P6Q0	Q9Y7M4	284812	ok
SCF:0001654	P62877	Q8WV22	Q96MF7	Q96GG9	9606	ok
SCF:0001655	Q5RKV6	Q9Y2L1	Q9Y6G5	Q01780	9606	ok
SCF:0001656	Q5RKV6	Q9Y2L1	Q9Y6G5	Q9Y450	9606	ok
SCF:0001657	Q9Y2L1	Q5RKV6	Q9NX08	Q9NPD3	9606	ok
SCF:0001658	Q9Y2L1	Q5RKV6	Q9NX08	Q15024	9606	ok
SCF:0001659	Q2FW31	Q2FZ25	P0A0H0	Q2FW18	93061	ok
SCF:0001660	Q2FZ25	Q2FW31	Q2FW07	Q2FW23	93061	ok
SCF:0001661	Q2FZ25	Q2FW31	Q2G2Q4	Q2FW20	93061	ok
SCF:0001662	Q2FZ25	Q2FW31	Q2FW11	Q2FW21	93061	ok
SCF:0001664	A0A1S3YU01	A0AA96C3P8	A0A1S3X147	A0A1S3ZSI0	4097	ok
SCF:0001665	A0AA96C3P8	A0A1S3YU01	A0A1S4CE74	A0A1S3XP85	4097	ok
SCF:0001667	Q9NX08	Q9Y6G5	Q9Y2L1	Q86X83	9606	ok
SCF:0001668	Q9NX08	Q9Y6G5	Q9Y2L1	Q9UBI1	9606	ok
SCF:0001669	Q9Y6G5	Q9NX08	Q5RKV6	Q9P000	9606	ok
SCF:0001670	Q9Y6G5	Q9NX08	Q5RKV6	Q9GZQ3	9606	ok
SCF:0001671	Q9Y6G5	Q9NX08	Q9GZZ1	Q86X83	9606	ok
SCF:0001673	A0A2K3DZD9	A8HUP3	A8IXD6	A0A2K3DHV6	3055	ok
SCF:0001674	A8HUP3	A0A2K3DZD9	A8IXD6	A0A2K3DLF7	3055	ok
SCF:0001676	P56767	Q9SYW8	Q8LCQ4	Q01667	3702	ok
SCF:0001677	P56767	Q9SYW8	Q949Q5	Q9SA56	3702	ok
SCF:0001678	Q9SYW8	P56767	Q949Q5	P56752	3702	ok
SCF:0001679	Q9NX55	Q9GZZ1	Q9NX08	P41227	9606	ok
SCF:0001680	P87306	Q9Y7N2	O42978	Q92399	284812	ok
SCF:0001681	P87306	Q9Y7N2	Q9UUI1	O94376	284812	ok
SCF:0001682	Q9Y7N2	P87306	Q9UUI1	O60104	284812	ok
SCF:0001684	O32231	P21467	P21471	P21470	224308	ok
SCF:0001686	Q9CVB6	P61161	P01887	P68134	10090	ok
SCF:0001691	Q9S7N7	Q949Q5	O82504	Q9SUI6	3702	ok
SCF:0001692	Q9S7N7	Q949Q5	O82504	Q9SUI7	3702	ok
SCF:0001693	Q22A67	I7MCM8	Q24CL2	W7XJB1	312017	ok
SCF:0001694	Q22A67	I7MCM8	A4VD15	Q24DI9	312017	ok
SCF:0001695	Q22A67	I7MCM8	I7MDA9	Q1HFV9	312017	ok
SCF:0001697	P68315	P20637	P20504	P68439	10249	ok
SCF:0001698	P68315	P20637	P21087	P20979	10249	ok
SCF:0001699	P68315	P20637	P21087	P20635	10249	ok
SCF:0001700	O94376	Q9P6Q0	Q9UUI1	P87310	284812	ok
SCF:0001701	O94376	Q9P6Q0	O14198	O13964	284812	ok
SCF:0001702	Q9P6Q0	O94376	Q9Y7M4	O13964	284812	ok
SCF:0001703	Q9P6Q0	O94376	Q9Y7M4	O14010	284812	ok
SCF:0001707	A0QS96	A0QSG6	A0QSD7	A0QV37	246196	ok
SCF:0001709	Q99627	Q13617	P51955	Q13616	9606	ok
SCF:0001710	Q99627	Q13617	P61758	Q13619	9606	ok
SCF:0001711	Q9USH1	O14198	Q9P6Q0	Q9US45	284812	ok
SCF:0001712	Q9FLM8	O82504	P56767	Q9LK40	3702	ok
SCF:0001713	Q9BS18	P51955	Q13617	Q9UJX2	9606	ok
SCF:0001715	Q9VQY9	Q9XYU0	P49735	Q9XYU1	7227	ok
SCF:0001716	Q9VQY9	Q9XYU0	P49735	Q9VGW6	7227	ok
SCF:0001717	Q9VQY9	Q9XYU0	P49735	Q9V461	7227	ok
SCF:0001718	P46678	P47076	P29469	P13393	559292	ok
SCF:0001719	P17987	P61758	Q13617	O60925	9606	ok
SCF:0001720	Q9W2V7	Q9XYU0	P49735	Q9XYU1	7227	ok
SCF:0001721	Q9W2V7	Q9XYU0	P49735	Q9VGW6	7227	ok
SCF:0001724	A0A4V8H000	A0A4V8GZZ8	A0A4V8H004	A0A4V8GZZ9	325651	ok
SCF:0001727	A4VD15	Q24CL2	I7MCM8	Q23S05	312017	ok
SCF:0001728	Q24CL2	A4VD15	I7MCM8	Q23S05	312017	ok
SCF:0001730	Q38859	O82504	P56767	Q9LK40	3702	ok
SCF:0001731	M2XWX3	E3UIU5	M2X090	M2XR49	130081	ok
SCF:0001732	A0QSG3	A0R102	A0QSD7	A0QS96	246196	ok
SCF:0001739	P09119	P47112	P29469	P54791	559292	ok
SCF:0001740	P09119	P47112	P38801	P50874	559292	ok
SCF:0001741	P47112	P09119	P29056	P50874	559292	ok
SCF:0001742	P47112	P09119	P32480	P54791	559292	ok
SCF:0001743	P47112	P09119	P32480	P54790	559292	ok
SCF:0001750	Q9V1U8	P62010	P61994	Q9UZL4	272844	ok
SCF:0001760	P30153	Q5VSL9	Q8TCD0	Q9NVH2	9606	ok
SCF:0001761	P30153	Q5VSL9	Q9NQP4	Q9H0H0	9606	ok
SCF:0001762	Q6GMX4	Q8TCD0	Q5VSL9	S6B2B6	9606	ok
SCF:0001763	P0A8T7	P0A9G4	P0A707	P0ABS1	83333	ok
SCF:0001765	O14352	Q9Y7M4	O94376	O74499	284812	ok
SCF:0001766	O14352	Q9Y7M4	O94376	O74483	284812	ok
SCF:0001767	Q9Y7M4	O14352	P87310	Q9UUI1	284812	ok
SCF:0001768	Q9Y7M4	O14352	P87310	O74483	284812	ok
SCF:0001769	Q9Y7M4	O14352	P87310	O94408	284812	ok
SCF:0001770	A0A2K3CXW8	A8J353	A8IXD6	A8INX1	3055	ok
SCF:0001771	A8J353	A0A2K3CXW8	A8IS47	A8IH07	3055	ok
SCF:0001772	P87306	P87310	O14352	Q92399	284812	ok
SCF:0001773	P87306	P87310	O14352	O13964	284812	ok
SCF:0001774	P87306	P87310	O14352	Q9P6Q0	284812	ok
SCF:0001775	P87310	P87306	O94408	O60104	284812	ok
SCF:0001785	Q2FW06	Q2FW07	Q2FW31	Q2FW18	93061	ok
SCF:0001786	Q2FW07	Q2FW06	Q2FW12	P60430	93061	ok
SCF:0001787	P49368	Q9NQP4	Q5VSL9	O60925	9606	ok
SCF:0001788	P49368	Q9NQP4	Q9UJX3	Q99471	9606	ok
SCF:0001789	P49368	Q9NQP4	Q9UJX3	O15212	9606	ok
SCF:0001790	Q9NQP4	P49368	Q9UJX3	P50991	9606	ok
SCF:0001791	Q12834	Q9UJX3	Q9NQP4	Q9UJX2	9606	ok
SCF:0001792	Q12834	Q9UJX3	Q9NQP4	Q13042	9606	ok
SCF:0001793	Q12834	Q9UJX3	P49368	Q9UJX6	9606	ok
SCF:0001794	A0A0M3KL10	A0A0M3KL11	E1C9L3	Q9S7N7	3888	ok
SCF:0001797	A8J3C3	A8J353	A0A2K3CXW8	A8INX1	3055	ok
SCF:0001800	P0DOY9	Q5SLQ0	P0DOY7	P80380	300852	ok
SCF:0001801	P0DOY9	Q5SLQ0	P0DOY7	Q5SHN7	300852	ok
SCF:0001805	W8T6F0	C3SR52	C3SQS2	C3SRY2	562	ok
SCF:0001807	Q2G113	Q2G2Q4	Q2FZ25	Q2G2Q1	93061	ok
SCF:0001812	P0A7Z4	P0A9G4	P0A707	P0AG44	83333	ok
SCF:0001815	A0A2K3CXW8	A8IS47	A8J353	A8INX1	3055	ok
SCF:0001816	A8IS47	A0A2K3CXW8	A0A2K3DLI2	A8IH07	3055	ok
SCF:0001817	A8IS47	A0A2K3CXW8	A0A2K3DWM2	A8IJ60	3055	ok
SCF:0001818	A8IS47	A0A2K3CXW8	A0A2K3DWM2	P42380	3055	ok
SCF:0001822	P20248	Q13309	P61163	Q9UJX2	9606	ok
SCF:0001823	Q13309	P20248	P61163	Q13098	9606	ok
SCF:0001824	Q9LK40	O81097	P26288	Q9M1A8	3702	ok
SCF:0001825	Q9LK40	O81097	Q9LD28	Q9FJ98	3702	ok
SCF:0001827	Q2FW11	Q2FW21	Q2FW06	P0A0F8	93061	ok
SCF:0001828	Q2FW11	Q2FW21	Q2G113	Q2FW13	93061	ok
SCF:0001829	Q2FW11	Q2FW21	Q2G2D3	Q2FW18	93061	ok
SCF:0001830	Q2FW21	Q2FW11	Q2FW20	Q2FW13	93061	ok
SCF:0001831	Q2FW21	Q2FW11	Q2FW10	Q2FW22	93061	ok
SCF:0001833	P48240	P38801	P47112	P53256	559292	ok
SCF:0001834	P48240	P38801	P47112	P53725	559292	ok
SCF:0001835	I7LT80	I7MDA9	I7MCM8	W7WX86	312017	ok
SCF:0001836	I7MDA9	I7LT80	Q24C31	A4VD15	312017	ok
SCF:0001837	I7MDA9	I7LT80	Q24C31	Q23YW7	312017	ok
SCF:0001838	I7MDA9	I7LT80	Q24C31	Q23S05	312017	ok
SCF:0001841	Q9M1J2	O81097	Q39212	Q9FJ98	3702	ok
SCF:0001844	I7LWE3	Q24C31	I7MHB1	Q23YW7	312017	ok
SCF:0001845	I7LWE3	Q24C31	Q24CE5	Q24DJ0	312017	ok
SCF:0001846	I7LWE3	Q24C31	A4VE64	I7LT80	312017	ok
SCF:0001847	Q24C31	I7LWE3	A4VE64	Q229S1	312017	ok
SCF:0001848	A8HUP3	A0A2K3DLI2	A0A2K3CXW8	A0A2K3DQ46	3055	ok
SCF:0001856	Q9UJW0	P61163	Q13309	P60709	9606	ok
SCF:0001857	Q9UJW0	P61163	P20248	Q9NZ32	9606	ok
SCF:0001858	P59763	A0A2K3DWM2	A0A2K3CXW8	A8I846	3055	ok
SCF:0001862	Q94AQ8	P26288	O81097	P56752	3702	ok
SCF:0001863	A0A4V8GZZ2	A0A4V8GZZ9	A0A4V8H004	A0A4V8GZZ8	325651	ok
SCF:0001864	A0A4V8GZZ9	A0A4V8GZZ2	A0A4V8H002	A0A4V8H003	325651	ok
SCF:0001866	Q6NLH0	Q39212	O81097	Q39211	3702	ok
SCF:0001867	Q8N140	Q96MF7	Q9UKT4	Q8WV22	9606	ok
SCF:0001869	O14352	O94408	P87306	O74483	284812	ok
SCF:0001870	O94408	O14352	O94646	P87173	284812	ok
SCF:0001871	O94408	O14352	Q9UUI1	O74483	284812	ok
SCF:0001872	O94408	O14352	Q9UUI1	Q9Y7M4	284812	ok
SCF:0001876	Q9XFH4	Q9LD28	O81097	P06897	3702	ok
SCF:0001877	Q9XFH4	Q9LD28	Q9SAJ3	P02281	3702	ok
SCF:0001878	Q9XFH4	Q9LD28	Q9LQ02	P84233	3702	ok
SCF:0001879	Q9C567	Q9SAJ3	Q9LD28	F4J3N2	3702	ok
SCF:0001887	P21477	P21471	P21467	P12874	224308	ok
SCF:0001888	P21477	P21471	P21473	P21474	224308	ok
SCF:0001889	P30260	Q9UKT4	Q96MF7	P14635	9606	ok
SCF:0001890	Q9UKT4	P30260	O95376	Q9UJX4	9606	ok
SCF:0001892	G0SE33	G0S755	G0SC21	G0S1P1	759272	ok
SCF:0001894	Q15843	O95376	P30260	Q9Y4X5	9606	ok
SCF:0001895	O60925	Q99832	Q9NV88	P17987	9606	ok
SCF:0001896	O60925	Q99832	Q9UBF6	P49368	9606	ok
SCF:0001897	E1C9K6	P16002	A0A0F6NGI2	A5Z2K3	3888	ok
SCF:0001898	E1C9K6	P16002	A0A0F6NGI2	P09911	3888	ok
SCF:0001900	Q9FLM8	Q9LQ02	Q9LD28	Q9LK40	3702	ok
SCF:0001902	A0T0V1	B5YM25	B8BUW3	B8C0K4	35128	ok
SCF:0001903	A0T0V1	B5YM25	B8BUW3	B8C2K6	35128	ok
SCF:0001904	A0T0V1	B5YM25	B8BUW3	B8C770	35128	ok
SCF:0001906	Q9LK40	Q9M1J2	A8MPR5	O81098	3702	ok
SCF:0001907	Q96N11	Q9NV88	Q99832	Q9NVR2	9606	ok
SCF:0001911	P0CT46	G0RZX8	G0SCD1	G0S9A0	759272	ok
SCF:0001915	Q9LTI0	A8MPR5	Q9M1J2	F4KF14	3702	ok
SCF:0001916	Q9LTI0	A8MPR5	Q9SUI5	Q9SAJ3	3702	ok
SCF:0001917	Q9LTI0	A8MPR5	Q9SYW8	F4J3N2	3702	ok
SCF:0001918	Q9BT78	Q9UBF6	Q99832	P62877	9606	ok
SCF:0001919	Q9UBF6	Q9BT78	Q9Y4R8	Q9H9Q2	9606	ok
SCF:0001920	Q9UBF6	Q9BT78	P61758	Q9UNS2	9606	ok
SCF:0001922	Q9UZL4	Q9UY20	P62010	Q9V1U5	272844	ok
SCF:0001935	Q9Y265	Q9Y4R8	Q9BT78	Q9H9F9	9606	ok
SCF:0001936	P40227	P61758	Q9BT78	Q9UHV9	9606	ok
SCF:0001937	P40227	P61758	Q96SY0	O15212	9606	ok
SCF:0001938	P40227	P61758	Q96HW7	Q99471	9606	ok
SCF:0001943	P35718	P29056	P09119	P32349	559292	ok
SCF:0001944	P0A800	P0AFW0	P0AGB3	P0AFG0	83333	ok
SCF:0001947	P68449	P20504	P20637	P20979	10249	ok
SCF:0001948	Q96HW7	Q96SY0	P61758	P30153	9606	ok
SCF:0001949	Q96SY0	Q96HW7	P61758	Q9NVR2	9606	ok
SCF:0001950	A0T0V1	B8BUW3	B5YM25	B8C770	35128	ok
SCF:0001951	A0T0V1	B8BUW3	B5YM25	B8C0K4	35128	ok
SCF:0001957	P17227	E1C9L3	P16002	A0A0M3KL11	3888	ok
SCF:0001958	P17227	E1C9L3	P16002	A0A0M3KL10	3888	ok
SCF:0001959	P17227	E1C9L3	A0A0H2UKZ4	A0A0M3KL13	3888	ok
SCF:0001961	Q96HW7	Q9NVM9	Q9Y230	Q9NV88	9606	ok
SCF:0001962	Q96HW7	Q9NVM9	Q9Y230	Q5TA45	9606	ok
SCF:0001963	C3TRH7	C3SQS2	W8T6F0	P0A7W1	562	ok
SCF:0001965	E1C9L3	P05311	A0A0M3KL11	A0A0F6NFW5	3888	ok
SCF:0001966	E1C9L3	P05311	E1C9L2	P05310	3888	ok
SCF:0001970	P56768	Q9SUI5	A8MPR5	Q9S7N7	3702	ok
SCF:0001974	Q93077	Q9Y230	Q9NVM9	Q71F23	9606	ok
SCF:0001975	Q93077	Q9Y230	Q9NVM9	P54274	9606	ok
SCF:0001976	Q9Y230	Q93077	Q9Y2L1	P04908	9606	ok
SCF:0001977	Q9Y230	Q93077	Q9Y2L1	P33778	9606	ok
SCF:0001978	Q9NQT4	Q9Y2L1	Q93077	Q8TF46	9606	ok
SCF:0001979	Q9NQT4	Q9Y2L1	Q93077	Q9Y450	9606	ok
SCF:0001980	Q9Y2L1	Q9NQT4	Q96MG8	Q9NPD3	9606	ok
SCF:0001981	Q9Y2L1	Q9NQT4	P07766	Q15024	9606	ok
SCF:0001985	Q9UBF6	Q96MG8	Q9NQT4	Q9UNS2	9606	ok
SCF:0001986	A0A4V8GZZ8	A0A4V8H003	A0A4V8GZZ9	A0A4V8GZZ2	325651	ok
SCF:0001995	Q22A67	I7MHB1	I7LT80	Q22MV2	312017	ok
SCF:0001996	Q9TM22	O19882	Q9TM21	O19927	2771	ok
SCF:0002003	A0QS96	A0R550	A0QSD7	A0QSG2	246196	ok
SCF:0002006	P37256	A0A2K3DWM2	A0A2K3CXW8	A8I846	3055	ok
SCF:0002013	P04439	P07766	Q9NQT4	P01732	9606	ok
SCF:0002014	P04439	P07766	Q9UBI1	P68979	9606	ok
SCF:0002015	P04439	P07766	Q9UBI1	P09713	9606	ok
SCF:0002016	P07766	P04439	Q9UBI1	P0DTU4	9606	ok
SCF:0002017	P00165	P00289	A0A9R0K533	P00166	3562	ok
SCF:0002018	A0A2K3DM81	A0A2K3DLI2	A0A2K3CRM9	A0A2K3DQ46	3055	ok
SCF:0002019	A8HUP3	A0A2K3CRM9	A0A2K3DLI2	A0A2K3DLF7	3055	ok
SCF:0002022	Q9SUI4	Q9SYW8	A8MPR5	Q9SHR7	3702	ok
SCF:0002023	Q9SUI4	Q9SYW8	F4J3N2	Q9SA56	3702	ok
SCF:0002025	A0A4V8H005	A0A4V8GZZ8	A0A4V8H003	A0A4V8GZZ9	325651	ok
SCF:0002036	Q7Z4G1	Q9UBI1	P07766	Q9P000	9606	ok
SCF:0002037	Q7Z4G1	Q9UBI1	P07766	Q86VX2	9606	ok
SCF:0002038	Q7Z4G1	Q9UBI1	P04439	Q9H0A8	9606	ok
SCF:0002039	P68449	P21087	P20637	P20980	10249	ok
SCF:0002049	P80377	Q5SJH3	Q5SKU2	Q5SLQ0	300852	ok
SCF:0002050	P80377	Q5SJH3	Q5SKU2	Q5SHP6	300852	ok
SCF:0002055	P02309	P32480	P09119	P54784	559292	ok
SCF:0002056	P02309	P32480	P09119	Q12748	559292	ok
SCF:0002057	Q13352	Q9H3R5	P48643	Q6IPU0	9606	ok
SCF:0002058	Q9H3R5	Q13352	P25787	Q9BS16	9606	ok
SCF:0002059	A4VE64	Q24CE5	I7LT80	I7MCM8	312017	ok
SCF:0002060	Q24CE5	A4VE64	I7LT80	W7XJB1	312017	ok
SCF:0002061	Q24CE5	A4VE64	I7LWE3	Q24DI9	312017	ok
SCF:0002064	Q9NQP4	P48643	Q9H3R5	P50991	9606	ok
SCF:0002067	P36121	P41910	Q12277	P32910	559292	ok
SCF:0002068	P36121	P41910	P38801	P25441	559292	ok
SCF:0002069	Q9SN86	F4J3N2	Q9SYW8	Q9SAJ3	3702	ok
SCF:0002070	P38801	Q12277	P41910	P38792	559292	ok
SCF:0002071	Q12277	P38801	P41910	P53256	559292	ok
SCF:0002072	Q12277	P38801	P41910	P53725	559292	ok
SCF:0002073	P07703	P41910	P38801	Q01080	559292	ok
SCF:0002074	P07703	P41910	P30665	Q04712	559292	ok
SCF:0002075	P41910	P07703	P30665	P32910	559292	ok
SCF:0002076	Q9S7N7	Q9SA56	A8MPR5	Q9SUI7	3702	ok
SCF:0002077	Q9BT73	P25787	Q13352	P25786	9606	ok
SCF:0002078	Q9BT73	P25787	Q9UJX4	P25788	9606	ok
SCF:0002079	Q9BT73	P25787	Q9UJX4	P28066	9606	ok
SCF:0002080	Q9C567	A8MPR5	Q9SA56	F4J3N2	3702	ok
SCF:0002089	P38826	P30665	P41910	P53091	559292	ok
SCF:0002090	P38826	P30665	P07703	P29469	559292	ok
SCF:0002091	P38826	P30665	P32349	P29496	559292	ok
SCF:0002094	P20248	Q9UJX4	P25787	Q13042	9606	ok
SCF:0002095	P20248	Q9UJX4	P25787	P30260	9606	ok
SCF:0002096	P20248	Q9UJX4	Q9Y6G5	P28749	9606	ok
SCF:0002098	Q95695	P26288	Q9M1A8	A0A1B1W4Z4	3702	ok
SCF:0002099	Q95695	P26288	Q9SAJ3	P56752	3702	ok
SCF:0002106	Q6NLH0	Q9M1A8	P26288	Q9FJ98	3702	ok
SCF:0002107	G0RZG4	G0S755	G0RZX8	G0SC21	759272	ok
SCF:0002110	A8IL21	A8J353	A0A2K3DHV6	A8INX1	3055	ok
SCF:0002111	A8IL21	A8J353	A0A2K3DQ46	A8IS47	3055	ok
SCF:0002112	A8IL21	A8J353	A0A2K3DHV6	A8IJ60	3055	ok
SCF:0002113	A8J353	A8IL21	A8IJ60	A8INX1	3055	ok
SCF:0002114	A8J353	A8IL21	A8IJ60	A8IH07	3055	ok
SCF:0002116	A8MPR5	Q9SAJ3	P26288	F4KF14	3702	ok
SCF:0002117	A8MPR5	Q9SAJ3	Q9SY97	O22993	3702	ok
SCF:0002118	Q9SAJ3	A8MPR5	P56767	F4KF14	3702	ok
SCF:0002119	A4VEB3	A4VE64	I7MG46	Q1HFW0	312017	ok
SCF:0002120	A4VEB3	A4VE64	I7MG46	W7XJB1	312017	ok
SCF:0002121	P28000	P32349	P30665	P36070	559292	ok
SCF:0002122	Q1HFX4	Q1HGH8	Q1HFW0	Q22R86	5911	ok
SCF:0002123	P56767	Q9SY97	Q9SAJ3	Q01667	3702	ok
SCF:0002125	Q9SY97	P56767	A8MPR5	P05310	3702	ok
SCF:0002126	Q9SY97	P56767	A8MPR5	P56766	3702	ok
SCF:0002127	Q1HFX4	Q1HFV9	Q1HFW0	Q1HFW2	5911	ok
SCF:0002128	Q1HFX4	Q1HFV9	Q1HFW0	W7XJB1	5911	ok
SCF:0002131	Q9H0A8	Q9Y6G5	Q9UJX4	Q86X83	9606	ok
SCF:0002132	Q9H0A8	Q9Y6G5	Q9Y4R8	Q9NX08	9606	ok
SCF:0002133	Q9H0A8	Q9Y6G5	Q13885	Q9UBI1	9606	ok
SCF:0002134	Q9Y6G5	Q9H0A8	Q13885	Q9P000	9606	ok
SCF:0002135	Q9Y6G5	Q9H0A8	P49368	Q9GZQ3	9606	ok
SCF:0002136	Q9Y6G5	Q9H0A8	P49368	Q9UBI1	9606	ok
SCF:0002137	A8J3C3	A8IJ60	A8J353	A8IL21	3055	ok
SCF:0002138	A8J3C3	A8IJ60	A8J353	A8INX1	3055	ok
SCF:0002139	Q9Y230	Q9Y4R8	Q9Y6G5	Q9H9F9	9606	ok
SCF:0002140	P49368	Q13885	Q9Y6G5	P07437	9606	ok
SCF:0002141	P49368	Q13885	Q9H0A8	P50991	9606	ok
SCF:0002142	Q13885	P49368	Q9H0A8	P48643	9606	ok
SCF:0002143	Q13885	P49368	Q9H0A8	P17987	9606	ok
SCF:0002147	E1C9L1	A0A0H2UKZ4	E1C9L3	A0A0M3KL12	3888	ok
SCF:0002149	Q8DMA1	Q8DMR6	Q8DJZ6	Q8DKF5	197221	ok
SCF:0002150	O60566	Q13042	P42285	Q9UJX2	9606	ok
SCF:0002151	O60566	Q13042	P42285	Q12834	9606	ok
SCF:0002152	Q13042	O60566	P42285	Q9UJX6	9606	ok
SCF:0002153	A0T0V0	B8BUW3	B5YM25	B8C770	35128	ok
SCF:0002154	A0T0V0	B8BUW3	B5YM25	B8C0K4	35128	ok
SCF:0002155	P22224	P89102	P46678	P32855	559292	ok
SCF:0002156	P22224	P89102	P35718	P38261	559292	ok
SCF:0002157	P89102	P22224	P54784	P33332	559292	ok
SCF:0002158	P89102	P22224	P54784	P32855	559292	ok
SCF:0002159	P89102	P22224	P54784	P32844	559292	ok
SCF:0002160	A0A2K3CY83	A0A2K3DHV6	A8J353	A8HUP3	3055	ok
SCF:0002162	I7MHB1	Q22R86	Q24CE5	Q1HFV9	312017	ok
SCF:0002163	I7MHB1	Q22R86	Q24CE5	W7XJB1	312017	ok
SCF:0002164	Q06265	P42285	Q13042	Q15477	9606	ok
SCF:0002165	Q06265	P42285	Q13042	Q8TF46	9606	ok
SCF:0002166	Q06265	P42285	O60566	Q9Y450	9606	ok
SCF:0002173	O00762	Q9UJX4	O15160	P30260	9606	ok
SCF:0002177	F4JYR0	A8MPR5	P56767	F4KF14	3702	ok
SCF:0002178	F4JYR0	A8MPR5	P26288	Q9SAJ3	3702	ok
SCF:0002179	F4JYR0	A8MPR5	P26288	F4J3N2	3702	ok
SCF:0002183	P26289	P26288	A8MPR5	A0A1B1W4Z0	3702	ok
SCF:0002184	P26289	P26288	A8MPR5	A0A1B1W4Z4	3702	ok
SCF:0002185	P26289	P26288	O22993	P56752	3702	ok
SCF:0002188	P0A7Z4	P0AGB3	P0AFW0	A0A377D9Q8	83333	ok
SCF:0002189	Q9UJX6	Q9UJX3	Q969U7	Q9UJX2	9606	ok
SCF:0002190	Q9UJX6	Q9UJX3	Q969U7	Q13042	9606	ok
SCF:0002191	Q9UJX6	Q9UJX3	Q969U7	P0CG48	9606	ok
SCF:0002196	P61157	G3MXC8	Q1JP79	Q3SYX9	9913	ok
SCF:0002201	P35718	P46678	P89102	P32349	559292	ok
SCF:0002203	Q9C567	O22993	P26288	F4J3N2	3702	ok
SCF:0002210	P0A7W1	P0A8A8	P0A7G2	P0A7X3	83333	ok
SCF:0002211	Q04307	P35718	P89102	P20434	559292	ok
SCF:0002216	A0A1D5SLI4	A0A1D5UKZ4	W5BFB7	A0A3B6IU74	4565	ok
SCF:0002220	O15318	O15160	Q9UJX4	Q9H1D9	9606	ok
SCF:0002224	Q9SCY3	P26288	Q9M1A8	A0A1B1W4Z4	3702	ok
SCF:0002225	P29496	P54784	P22224	P53091	559292	ok
SCF:0002226	P29496	P54784	P22224	Q08032	559292	ok
SCF:0002227	P29496	P54784	P22224	P29469	559292	ok
SCF:0002228	P54784	P29496	Q06245	P29469	559292	ok
SCF:0002229	P54784	P29496	Q06245	P24279	559292	ok
SCF:0002230	P54784	P29496	Q06245	P53091	559292	ok
SCF:0002240	Q9Y244	Q969U7	Q9UJX3	P25789	9606	ok
SCF:0002241	Q9Y244	Q969U7	Q9UJX3	P25787	9606	ok
SCF:0002242	Q9Y244	Q969U7	Q9UJX3	P28072	9606	ok
SCF:0002244	A0A2K3DHV6	A0A2K3DQ46	A8IL21	A0A2K3DLF7	3055	ok
SCF:0002245	A0A2K3DQ46	A0A2K3DHV6	A8IL21	A8HUP3	3055	ok
SCF:0002248	Q96MG7	Q96MF7	Q9Y6G5	Q8WV22	9606	ok
SCF:0002252	Q7Z4G1	Q9Y6G5	Q96MF7	Q9P000	9606	ok
SCF:0002253	Q7Z4G1	Q9Y6G5	Q9NQP4	Q9NX08	9606	ok
SCF:0002254	Q7Z4G1	Q9Y6G5	P17987	Q9H0A8	9606	ok
SCF:0002255	P89102	Q06245	P29496	P32855	559292	ok
SCF:0002256	P89102	Q06245	P29496	P32844	559292	ok
SCF:0002257	P89102	Q06245	P29496	P19658	559292	ok
SCF:0002258	Q06245	P89102	P32349	P32855	559292	ok
SCF:0002259	Q06245	P89102	P07703	P22224	559292	ok
SCF:0002260	Q06245	P89102	P07703	P38261	559292	ok
SCF:0002263	P17987	Q9NQP4	Q9Y6G5	O60925	9606	ok
SCF:0002264	Q9NQP4	P17987	Q9Y6G5	P50991	9606	ok
SCF:0002265	P06271	A0A1S4BFK7	A0A1S3XP85	A0A1S4CE74	4097	ok
SCF:0002266	P50370	Q08363	A0A2K3DWM2	P37256	3055	ok
SCF:0002267	Q08363	P50370	Q39584	P18263	3055	ok
SCF:0002268	Q08363	P50370	P27766	P37256	3055	ok
SCF:0002269	Q08363	P50370	P12853	P92277	3055	ok
SCF:0002271	O60925	P50990	P42285	P17987	9606	ok
SCF:0002272	O60925	P50990	P42285	P49368	9606	ok
SCF:0002273	P50990	O60925	P42285	O15212	9606	ok
SCF:0002274	A0A9R0IP63	A0A9R0JBX6	P00289	A0A9R0K533	3562	ok
SCF:0002275	A0A9R0IP63	A0A9R0JBX6	P69461	A0A9R0IWV5	3562	ok
SCF:0002286	Q9Y3B2	P42285	P50990	Q15477	9606	ok
SCF:0002287	Q9Y3B2	P42285	P50990	Q8TF46	9606	ok
SCF:0002288	Q9Y3B2	P42285	O60925	Q9Y450	9606	ok
SCF:0002289	Q8DJU2	Q8DJ02	Q8DL29	Q8DL30	197221	ok
SCF:0002297	P07703	P32349	P89102	P36070	559292	ok
SCF:0002298	P32349	P07703	P89102	P41910	559292	ok
SCF:0002299	P32349	P07703	P89102	P32910	559292	ok
SCF:0002303	P0A3C9	Q8DKZ4	Q8DJ02	Q8DL31	197221	ok
SCF:0002304	O81098	Q9M1A8	P26288	Q9FJ98	3702	ok
SCF:0002305	P40227	Q9NQP4	P17987	Q99471	9606	ok
SCF:0002306	P40227	Q9NQP4	P25786	Q9UHV9	9606	ok
SCF:0002307	P40227	Q9NQP4	P25786	O15212	9606	ok
SCF:0002308	Q9NQP4	P40227	Q9UHV9	P50991	9606	ok
SCF:0002315	P17987	Q9UHV9	Q9NQP4	O60925	9606	ok
SCF:0002316	Q9UHV9	P17987	Q9NQP4	P40227	9606	ok
SCF:0002317	Q5JS54	P25786	Q9NQP4	O14818	9606	ok
SCF:0002318	Q5JS54	P25786	P40227	P28066	9606	ok
SCF:0002319	Q5JS54	P25786	P49662	P25789	9606	ok
SCF:0002326	A0A3Q7EMX2	A0A3Q7GDB0	A0A3Q7HSH1	Q38JI8	4081	ok
SCF:0002331	P0DP23	P49662	P25786	P12277	9606	ok
SCF:0002334	B3H6Z4	O80634	Q9M1A8	Q9SGH4	3702	ok
SCF:0002344	E1C9K9	E1C9L2	A0A0M3KL11	E1C9L1	3888	ok
SCF:0002349	O14818	Q96P70	O60925	Q13200	9606	ok
SCF:0002350	O14818	Q96P70	O60925	Q99460	9606	ok
SCF:0002351	Q96P70	O14818	O60925	P25787	9606	ok
SCF:0002352	Q96P70	O14818	O15212	P60900	9606	ok
SCF:0002354	O15212	O60925	Q96P70	Q9NQP4	9606	ok
SCF:0002355	O15212	O60925	Q96P70	Q99471	9606	ok
SCF:0002356	O15212	O60925	O14818	P61758	9606	ok
SCF:0002357	O60925	O15212	O14818	P61758	9606	ok
SCF:0002358	O60925	O15212	Q15843	Q99471	9606	ok
SCF:0002359	O60925	O15212	P61201	Q9UHV9	9606	ok
SCF:0002361	P40337	Q15843	O15212	Q03071	9606	ok
SCF:0002363	Q9Y7N2	O94646	O14352	Q9US45	284812	ok
SCF:0002364	P30665	P50874	P32349	P54790	559292	ok
SCF:0002365	P50874	P30665	Q12149	P24279	559292	ok
SCF:0002367	Q8DKZ3	Q8DJ02	Q8DKF5	Q8DL30	197221	ok
SCF:0002368	Q08363	A0A2K3DWM2	P50370	A8I846	3055	ok
SCF:0002369	P40337	P61201	O15212	Q13098	9606	ok
SCF:0002370	P40337	P61201	Q6N095	Q9UNS2	9606	ok
SCF:0002371	P61201	P40337	Q6N095	P63208	9606	ok
SCF:0002374	P01730	Q6N095	P61201	P0DOX5	9606	ok
SCF:0002375	P01730	Q6N095	P40337	P03437	9606	ok
SCF:0002376	Q9BQ15	Q9NVR2	Q8N884	Q68E01	9606	ok
SCF:0002387	P80883	P00289	A0A9R0K533	P00166	3562	ok
SCF:0002393	Q8DKZ4	Q8DL29	Q8DL32	Q8DJ02	197221	ok
SCF:0002394	Q8DL29	Q8DKZ4	Q8DKF4	Q8DL31	197221	ok
SCF:0002395	Q71DI3	Q8N884	Q9NVR2	Q9NRC8	9606	ok
SCF:0002396	Q8N884	Q71DI3	Q6PJG6	Q99877	9606	ok
SCF:0002397	Q8N884	Q71DI3	Q6PJG6	P04908	9606	ok
SCF:0002398	Q8N884	Q71DI3	Q6PJG6	Q99878	9606	ok
SCF:0002399	Q2FW15	Q2G113	Q2FW21	Q2FW20	93061	ok
SCF:0002402	A0T0T5	B8C2K6	B5YM25	B8C0K4	35128	ok
SCF:0002403	Q96HW7	Q6PJG6	Q71DI3	Q6P9B9	9606	ok
SCF:0002404	Q96HW7	Q6PJG6	Q71DI3	Q9UL03	9606	ok
SCF:0002405	Q96HW7	Q6PJG6	Q71DI3	Q9NVH2	9606	ok
SCF:0002406	P49368	Q9UHV9	Q9GZN1	O60925	9606	ok
SCF:0002407	P49368	Q9UHV9	Q9GZN1	Q99471	9606	ok
SCF:0002408	Q9UHV9	P49368	O15212	P40227	9606	ok
SCF:0002409	P21466	P21477	P04969	P12873	224308	ok
SCF:0002410	P21466	P21477	P04969	P42924	224308	ok
SCF:0002411	P08980	P69461	A0A9R0JBX6	P80883	3562	ok
SCF:0002412	O15212	Q9UHV9	O96019	Q9NQP4	9606	ok
SCF:0002413	O15212	Q9UHV9	Q6P5S8	P61758	9606	ok
SCF:0002414	O15212	Q9UHV9	Q6P5S8	Q99471	9606	ok
SCF:0002415	Q9UHV9	O15212	P49368	O60925	9606	ok
SCF:0002416	Q9UHV9	O15212	P0DOX5	P61758	9606	ok
SCF:0002417	Q9UHV9	O15212	P0DOX5	Q99471	9606	ok
SCF:0002430	O96019	Q9GZN1	Q9UHV9	P60709	9606	ok
SCF:0002431	O96019	Q9GZN1	Q9UHV9	Q8WUB8	9606	ok
SCF:0002432	Q9GZN1	O96019	Q9UHV9	P60709	9606	ok
SCF:0002433	Q2FW20	Q2G2D3	Q2FW21	Q2FW23	93061	ok
SCF:0002434	Q2G2D3	Q2FW20	Q2FW21	P0A0H0	93061	ok
SCF:0002436	Q22YU3	Q22R86	A4VE64	Q24CE5	312017	ok
SCF:0002437	Q22YU3	Q22R86	A4VE64	Q24DI9	312017	ok
SCF:0002443	P29056	P32349	P50874	P46678	559292	ok
SCF:0002446	A0A2K3E6S5	P50370	Q08363	P37256	3055	ok
SCF:0002447	A0A2K3E6S5	P50370	P18263	P92277	3055	ok
SCF:0002449	P0DOX5	Q6P5S8	Q9UHV9	P0DOX7	9606	ok
SCF:0002450	P0DOX5	Q6P5S8	Q9UHV9	Q6GMX0	9606	ok
SCF:0002451	Q6P5S8	P0DOX5	O15212	Q6N089	9606	ok
SCF:0002452	Q6P5S8	P0DOX5	O15212	Q6N095	9606	ok
SCF:0002453	Q6P5S8	P0DOX5	Q9NVR2	Q6GMX6	9606	ok
SCF:0002458	Q9NVH2	Q9NVR2	P0DOX5	Q68E01	9606	ok
SCF:0002459	Q9NVH2	Q9NVR2	O00189	Q96HW7	9606	ok
SCF:0002460	Q9NVH2	Q9NVR2	Q12834	Q9NV88	9606	ok
SCF:0002461	Q9NVR2	Q9NVH2	Q9UJX4	Q96HW7	9606	ok
SCF:0002462	W7WX86	I7MG46	Q22R86	I7LT80	312017	ok
SCF:0002463	W7WX86	I7MG46	Q22R86	Q23YW7	312017	ok
SCF:0002465	O94408	Q9UUI1	O14352	O74483	284812	ok
SCF:0002466	O94408	Q9UUI1	O14352	Q9Y7M4	284812	ok
SCF:0002467	Q9UUI1	O94408	Q9Y821	Q9Y7M4	284812	ok
SCF:0002470	P84077	O00189	Q9NVR2	P35585	9606	ok
SCF:0002477	P20248	Q12834	Q9NVR2	Q13042	9606	ok
SCF:0002478	Q38859	Q9M1A8	O80634	Q9FJ98	3702	ok
SCF:0002479	I7MHB1	Q24CE5	Q22R86	Q1HFW2	312017	ok
SCF:0002480	I7MHB1	Q24CE5	Q22R86	A4VE64	312017	ok
SCF:0002481	I7MHB1	Q24CE5	I7MCM8	Q1HFV9	312017	ok
SCF:0002488	Q8DLN5	Q8DL30	Q8DKF5	Q8DJ02	197221	ok
SCF:0002491	Q08162	Q12149	P30665	Q99207	559292	ok
SCF:0002492	Q08162	Q12149	P29469	Q08491	559292	ok
SCF:0002493	Q12149	Q08162	P09119	Q04500	559292	ok
SCF:0002495	Q9UJX3	Q9UJX4	Q9NVH2	P30260	9606	ok
SCF:0002496	Q9UJX4	Q9UJX3	Q8TAF3	Q9UJX2	9606	ok
SCF:0002497	Q9UJX4	Q9UJX3	P42285	Q13042	9606	ok
SCF:0002498	Q9UJX4	Q9UJX3	P42285	Q9UJX6	9606	ok
SCF:0002501	P0A7V8	P0A7G2	P0A8A8	P02358	83333	ok
SCF:0002503	P0A7V8	P0A7G2	P0AF28	P0A7R9	83333	ok
SCF:0002504	P20980	P68439	P20637	P68694	10249	ok
SCF:0002508	P09119	P29469	Q12149	P54784	559292	ok
SCF:0002509	P29469	P09119	Q08162	P50874	559292	ok
SCF:0002510	P29469	P09119	P53298	P54791	559292	ok
SCF:0002511	P29469	P09119	Q12004	P32833	559292	ok
SCF:0002512	Q1HFW2	Q1HGH8	Q1HFW0	Q1HFX1	5911	ok
SCF:0002513	Q1HGH8	Q1HFW2	Q1HFW0	W7XJB1	5911	ok
SCF:0002514	Q1HGH8	Q1HFW2	Q1HFW0	Q24DI9	5911	ok
SCF:0002515	Q1HGH8	Q1HFW2	Q1HFW0	Q1HFV9	5911	ok
SCF:0002517	Q2V2P8	P53298	P09119	P38313	559292	ok
SCF:0002518	A0A3A5I502	A0A063XCH0	A0A063X781	A0A063X754	1423	ok
SCF:0002520	Q9BXW9	Q8TAF3	Q9UJX3	P0CG48	9606	ok
SCF:0002521	P48940	Q2FW10	Q2FW11	Q2G111	93061	ok
SCF:0002522	Q5RKV6	P42285	Q9UJX3	Q15477	9606	ok
SCF:0002523	Q5RKV6	P42285	Q9UJX3	Q9Y450	9606	ok
SCF:0002530	P20998	P68610	P68439	P21034	10249	ok
SCF:0002531	P68135	P24732	P02602	P0DP26	9986	ok
SCF:0002532	P68135	P24732	P02602	Q9Y281	9986	ok
SCF:0002533	P68135	P24732	P02602	P14649	9986	ok
SCF:0002546	Q41038	P05311	A0A0M3KL11	P05310	3888	ok
SCF:0002547	P04050	Q12004	P09119	P32585	559292	ok
SCF:0002548	P04050	Q12004	Q04601	P35189	559292	ok
SCF:0002556	Q22YU3	W7XJB1	I7MCM8	Q24CE5	312017	ok
SCF:0002557	Q22YU3	W7XJB1	I7MCM8	Q24DI9	312017	ok
SCF:0002558	O14198	Q9Y821	O94408	Q9US45	284812	ok
SCF:0002559	Q9Y821	O14198	Q9Y7M4	Q9US45	284812	ok
SCF:0002560	A4VEB3	I7MCM8	A4VE64	W7XJB1	312017	ok
SCF:0002561	A4VEB3	I7MCM8	A4VE64	Q24DI9	312017	ok
SCF:0002562	A4VEB3	I7MCM8	Q24C31	Q1HFV9	312017	ok
SCF:0002577	P69461	P00289	A0A9R0JBX6	P00166	3562	ok
SCF:0002581	P53197	Q04601	Q12004	Q08683	559292	ok
SCF:0002583	Q2FW30	Q2G2Q4	Q2FW17	Q2FW18	93061	ok
SCF:0002584	O85388	Q83ED6	Q83ER7	Q83ES0	227377	ok
SCF:0002587	O60566	P30260	O96019	Q9UJX5	9606	ok
SCF:0002588	P30260	O60566	O96019	Q9UJX6	9606	ok
SCF:0002589	A0T0T5	B8CEQ3	B5YM25	B8C0K4	35128	ok
SCF:0002590	A0T0T5	B8CEQ3	A0T0M8	B8BUW3	35128	ok
SCF:0002591	O43257	O96019	P30260	P60709	9606	ok
SCF:0002592	O43257	O96019	O60566	Q9GZN1	9606	ok
SCF:0002593	O96019	O43257	P61163	Q6AZJ8	9606	ok
SCF:0002594	O96019	O43257	P61163	Q9BQE9	9606	ok
SCF:0002595	P87173	Q9Y7M4	O14198	O94408	284812	ok
SCF:0002596	P87173	Q9Y7M4	Q9Y7N2	O14352	284812	ok
SCF:0002597	Q9Y7M4	P87173	O14010	O74483	284812	ok
SCF:0002598	P0A0F8	Q2FW17	Q2G2Q4	Q2FZ42	93061	ok
SCF:0002599	P0A0F8	Q2FW17	Q2FW31	Q2FW30	93061	ok
SCF:0002601	A4VE64	W7XJB1	Q24CE5	I7MCM8	312017	ok
SCF:0002602	W7XJB1	A4VE64	Q24C31	Q24CE5	312017	ok
SCF:0002603	W7XJB1	A4VE64	Q24C31	Q1HFW0	312017	ok
SCF:0002614	Q9LU21	P26288	O82504	P56752	3702	ok
SCF:0002615	P53859	Q08162	Q06406	Q99207	559292	ok
SCF:0002616	Q08162	P53859	P53905	P46948	559292	ok
SCF:0002617	O81098	O82504	P26288	Q9LK40	3702	ok
SCF:0002624	A0A0M3KL12	A0A0M3KL11	P05311	E1C9L3	3888	ok
SCF:0002625	A0A0M3KL12	A0A0M3KL11	P05311	Q9S7N7	3888	ok
SCF:0002626	A0A0M3KL12	A0A0M3KL11	A0A0M3KL13	P16002	3888	ok
SCF:0002633	I7MDA9	Q24C31	W7XJB1	Q23YW7	312017	ok
SCF:0002634	I7MDA9	Q24C31	W7XJB1	Q23S05	312017	ok
SCF:0002635	I7MDA9	Q24C31	W7XJB1	A4VD15	312017	ok
SCF:0002636	G3MXC8	Q3MHR7	P61157	Q1JP79	9913	ok
SCF:0002638	P53905	Q06406	Q08162	P40089	559292	ok
SCF:0002639	Q06406	P53905	P53859	P57743	559292	ok
SCF:0002640	Q06406	P53905	P38801	P47093	559292	ok
SCF:0002641	Q06406	P53905	P38801	P47017	559292	ok
SCF:0002644	P27766	Q39584	P50370	Q7Y0H2	3055	ok
SCF:0002645	Q39584	P27766	P50370	Q39578	3055	ok
SCF:0002646	P49960	Q06406	Q08162	P40089	559292	ok
SCF:0002647	P49960	Q06406	P53256	P38203	559292	ok
SCF:0002649	Q54G86	P22685	Q54XI5	Q9Y3A5	44689	ok
SCF:0002650	I7MHB1	A4VEB3	I7M6H4	Q1HFV9	312017	ok
SCF:0002651	W5I1R7	W5FWF5	W5I035	W5DS33	4565	ok
SCF:0002656	P21477	P21473	P21471	P21468	224308	ok
SCF:0002657	P21477	P21473	P21471	P21476	224308	ok
SCF:0002658	P21477	P21473	P21471	P21474	224308	ok
SCF:0002665	W7XJB1	I7M6H4	Q24CL2	Q22A67	312017	ok
SCF:0002666	C3SR62	C3SRY2	C3SR12	W8T6F0	562	ok
SCF:0002667	C3SR62	C3SRY2	C3SR12	C3SR52	562	ok
SCF:0002668	C3SR62	C3SRY2	C3SQR7	A0A024L8R9	562	ok
SCF:0002669	C3SRY2	C3SR62	C3SR52	P60422	562	ok
SCF:0002670	M1VKK5	Q85FP8	M1VFJ4	M1UU36	280699	ok
SCF:0002671	Q85FP8	M1VKK5	M1UU36	M1VFJ4	280699	ok
SCF:0002675	B8BUW3	A0T0M8	B8C770	A0T0M9	35128	ok
SCF:0002677	Q9BTE1	P61163	O43257	F2Z5G5	9606	ok
SCF:0002678	Q9BTE1	P61163	O43257	Q9NZ32	9606	ok
SCF:0002682	Q1HFX0	Q1HFX1	Q1HFW0	Q22MV2	5911	ok
SCF:0002683	Q1HFX0	Q1HFX1	Q1HFW0	I7MHB1	5911	ok
SCF:0002687	P0A8V2	P0AF28	P0A7G2	P0A7V8	83333	ok
SCF:0002692	P53859	P38801	P53905	P53256	559292	ok
SCF:0002693	P53859	P38801	P53905	P53725	559292	ok
SCF:0002697	P56769	Q9SY97	P26288	Q9SYW8	3702	ok
SCF:0002698	P56769	Q9SY97	O80634	Q8LCQ4	3702	ok
SCF:0002699	P53256	Q08162	Q06406	Q99207	559292	ok
SCF:0002700	Q08162	P53256	Q06406	P46948	559292	ok
SCF:0002701	Q08162	P53256	P47112	Q12277	559292	ok
SCF:0002704	Q24DI9	I7M6H4	Q24CL2	Q22A67	312017	ok
SCF:0002705	I7LT80	Q24CL2	A4VEB3	Q24DJ0	312017	ok
SCF:0002706	I7LT80	Q24CL2	I7M6H4	Q23YW7	312017	ok
SCF:0002707	Q24CL2	I7LT80	I7M9J2	Q23S05	312017	ok
SCF:0002713	O14010	Q9Y7N2	Q9Y7M4	O94376	284812	ok
SCF:0002714	Q9Y7N2	O14010	P87173	O94376	284812	ok
SCF:0002716	B8BRQ8	A0T0M8	B8CEQ3	A0T0M9	35128	ok
SCF:0002719	P12853	P18263	P50370	P92276	3055	ok
SCF:0002720	P18263	P12853	A8J353	Q93VE0	3055	ok
SCF:0002721	P18263	P12853	A8IS47	A8HY43	3055	ok
SCF:0002724	Q9M3L0	P69461	A0A9R0JBX6	P80883	3562	ok
SCF:0002725	Q5SLP8	Q5SKU2	Q5SJH3	P80373	300852	ok
SCF:0002726	Q5SLP8	Q5SKU2	Q5SJH3	P17291	300852	ok
SCF:0002727	P01730	P01857	Q9BT78	P0DOX5	9606	ok
SCF:0002728	P01857	P01730	Q9BT78	P55899	9606	ok
SCF:0002729	C3TRH7	W8T6F0	C3SR62	C3SRY2	562	ok
SCF:0002730	P40337	Q9BT78	P01857	Q7L5N1	9606	ok
SCF:0002731	P40337	Q9BT78	P01730	Q13098	9606	ok
SCF:0002732	P40337	Q9BT78	P0DP25	Q9UNS2	9606	ok
SCF:0002733	Q9BT78	P40337	Q9Y2L1	P63208	9606	ok
SCF:0002742	P46020	P0DP25	Q9BT78	P0DP23	9606	ok
SCF:0002743	Q24CE5	I7M9J2	I7LT80	Q22A67	312017	ok
SCF:0002746	P24279	P47112	P53256	P54791	559292	ok
SCF:0002747	P24279	P47112	P40352	P29469	559292	ok
SCF:0002748	P24279	P47112	P29056	P50874	559292	ok
SCF:0002749	P47112	P24279	P07703	P29469	559292	ok
SCF:0002750	P47112	P24279	Q04601	P53091	559292	ok
SCF:0002751	P47112	P24279	P32349	P38132	559292	ok
SCF:0002752	Q85G51	M1VFJ4	Q85FP8	M1VKK5	280699	ok
SCF:0002753	A8IS47	A8J353	P50370	A8IJ60	3055	ok
SCF:0002754	A8J353	A8IS47	P12853	A8INX1	3055	ok
SCF:0002760	Q22MV2	I7MCM8	Q22R86	Q1HFX0	312017	ok
SCF:0002761	Q22MV2	I7MCM8	I7M9J2	W7XJB1	312017	ok
SCF:0002762	Q22MV2	I7MCM8	Q24DI9	Q1HFV9	312017	ok
SCF:0002763	P22666	A8HY43	P11471	A0A2K3DWM2	3055	ok
SCF:0002765	Q9Y3B2	Q9Y2L1	P40337	Q8TF46	9606	ok
SCF:0002766	Q9Y3B2	Q9Y2L1	Q9NX08	Q9Y450	9606	ok
SCF:0002767	Q9GZQ3	Q9NX08	Q9Y2L1	Q9P000	9606	ok
SCF:0002768	Q9GZQ3	Q9NX08	Q99471	Q9Y6G5	9606	ok
SCF:0002769	Q9GZQ3	Q9NX08	P17987	Q86X83	9606	ok
SCF:0002770	Q9NX08	Q9GZQ3	P17987	Q9UBI1	9606	ok
SCF:0002771	Q9NX08	Q9GZQ3	P41143	Q9H0A8	9606	ok
SCF:0002775	I7MCM8	Q22R86	I7M9J2	A4VE64	312017	ok
SCF:0002776	Q22R86	I7MCM8	I7LT80	Q1HFX0	312017	ok
SCF:0002777	Q22R86	I7MCM8	I7LT80	W7XJB1	312017	ok
SCF:0002778	Q22R86	I7MCM8	A4VD15	Q1HFV9	312017	ok
SCF:0002782	P17987	Q99471	Q9NX08	O60925	9606	ok
SCF:0002783	Q99471	P17987	Q9NX08	P49368	9606	ok
SCF:0002784	Q99471	P17987	Q9GZQ3	P40227	9606	ok
SCF:0002785	P36053	P40352	P47112	P27692	559292	ok
SCF:0002786	P07703	P29056	P47112	P40992	559292	ok
SCF:0002787	P29056	P07703	P24279	P32910	559292	ok
SCF:0002788	P04899	P41143	Q9GZQ3	P25090	9606	ok
SCF:0002789	P04899	P41143	Q15819	Q8TDU9	9606	ok
SCF:0002790	P04899	P41143	Q15819	P25929	9606	ok
SCF:0002791	P41143	P04899	Q96B26	P63096	9606	ok
SCF:0002796	P92276	P11471	A8HY43	Q93VE0	3055	ok
SCF:0002797	P92276	P11471	A0A2K3DVJ8	P12853	3055	ok
SCF:0002798	A4VEB3	I7M9J2	I7MCM8	Q22A67	312017	ok
SCF:0002799	O80634	P26288	Q9SY97	A0A1B1W4Z4	3702	ok
SCF:0002800	P26288	O80634	Q9SY97	Q9SGH4	3702	ok
SCF:0002802	Q96FW1	Q15819	P41143	P62837	9606	ok
SCF:0002803	Q96FW1	Q15819	P41143	P61088	9606	ok
SCF:0002804	Q12379	Q04601	P24279	Q08683	559292	ok
SCF:0002806	Q8TF46	Q96B26	P04899	Q9NQT4	9606	ok
SCF:0002807	Q8TF46	Q96B26	Q9Y2L1	Q15024	9606	ok
SCF:0002808	O82504	Q9FJ98	P26288	Q9M1A8	3702	ok
SCF:0002809	Q9FJ98	O82504	P26288	Q9LK40	3702	ok
SCF:0002816	I7M9J2	Q24DI9	I7MCM8	Q1HFX5	312017	ok
SCF:0002817	I7M9J2	Q24DI9	I7MCM8	Q240X9	312017	ok
SCF:0002818	Q24DI9	I7M9J2	A4VD15	Q22A67	312017	ok
SCF:0002825	A0A2K3CY83	A0A2K3DVJ8	P11471	A0A2K3DM81	3055	ok
SCF:0002830	Q8DKF5	Q8DL32	Q8DKZ4	Q8DKF4	197221	ok
SCF:0002831	Q8DKF5	Q8DL32	Q8DJ02	Q8DMR6	197221	ok
SCF:0002832	Q8DL32	Q8DKF5	Q8DKZ4	Q8DKX9	197221	ok
SCF:0002833	Q8DL32	Q8DKF5	Q8DKF4	Q8DMR6	197221	ok
SCF:0002837	Q10317	Q9Y821	Q9US45	Q10477	284812	ok
SCF:0002838	Q9Y821	Q10317	O74499	O13964	284812	ok
SCF:0002839	Q13868	Q9Y2L1	Q96B26	Q8TF46	9606	ok
SCF:0002840	Q13868	Q9Y2L1	P0DP25	Q9Y450	9606	ok
SCF:0002841	Q9Y2L1	Q13868	Q9NVR2	Q9NPD3	9606	ok
SCF:0002842	Q93100	P0DP25	Q9Y2L1	P0DP23	9606	ok
SCF:0002843	Q9H0H0	Q9NVR2	Q13868	Q96HW7	9606	ok
SCF:0002844	Q9H0H0	Q9NVR2	P61758	Q75QN2	9606	ok
SCF:0002845	Q9NVR2	Q9H0H0	Q6PJ21	Q96HW7	9606	ok
SCF:0002849	W5E8X2	W5DS33	W5FWF5	A0A3B6SS17	4565	ok
SCF:0002856	A0A063XCP1	A0A063XF22	A0A063X781	A0A063XHU6	1423	ok
SCF:0002859	A0A0F6NFW5	A0A0M3KL13	A0A0M3KL11	E1C9L3	3888	ok
SCF:0002863	Q8DL30	Q8DKF4	Q8DIF8	Q8DKY0	197221	ok
SCF:0002864	Q8DL30	Q8DKF4	Q8DIF8	Q8DKF5	197221	ok
SCF:0002865	Q8DL30	Q8DKF4	Q8DIF8	Q8DMR6	197221	ok
SCF:0002872	P20986	P68610	P68439	P21034	10249	ok
SCF:0002876	P50990	P61758	Q9NVR2	O15212	9606	ok
SCF:0002878	Q8DMU4	Q8DJ02	Q8DKF4	Q8DL30	197221	ok
SCF:0002881	Q99877	Q6PJ21	Q9H0H0	Q8N884	9606	ok
SCF:0002882	P78371	P61758	Q6PJ21	Q9NQP4	9606	ok
SCF:0002883	Q99878	Q6PJ21	P61758	Q8N884	9606	ok
SCF:0002886	O94376	Q9US45	Q10317	Q9Y821	284812	ok
SCF:0002887	Q9US45	O94376	O74483	O14010	284812	ok
SCF:0002888	Q9US45	O94376	O74483	Q9Y7N2	284812	ok
SCF:0002889	P84077	Q9H4A6	Q969U7	P20290	9606	ok
SCF:0002897	P36121	P32349	P24279	P46678	559292	ok
SCF:0002902	Q5JS54	Q969U7	Q9H4A6	P25789	9606	ok
SCF:0002905	C4M5A0	A0A175JJM9	C4LXM0	C4M0Z2	294381	ok
SCF:0002913	P78371	Q13885	Q9NX08	P07437	9606	ok
SCF:0002914	P78371	Q13885	Q9NX08	P50991	9606	ok
SCF:0002915	Q13885	P78371	Q9NX08	P48643	9606	ok
SCF:0002916	Q13885	P78371	Q86VX2	P17987	9606	ok
SCF:0002917	Q13885	P78371	Q86VX2	Q99832	9606	ok
SCF:0002922	O85388	Q83ER7	Q83ED6	Q83ES0	227377	ok
SCF:0002923	Q86VX2	Q9NX08	Q13885	Q9P000	9606	ok
SCF:0002924	Q86VX2	Q9NX08	Q13885	Q9GZQ3	9606	ok
SCF:0002925	Q86VX2	Q9NX08	P78371	Q9Y6G5	9606	ok
SCF:0002926	Q9NX08	Q86VX2	P78371	Q8N668	9606	ok
SCF:0002927	Q9NX08	Q86VX2	P78371	Q9UBI1	9606	ok
SCF:0002938	G0SCD1	G0S9A0	G0SC21	G0RZX8	759272	ok
SCF:0002940	O74483	O74499	Q9Y821	Q9Y7M4	284812	ok
SCF:0002941	O74499	O74483	O94376	O42978	284812	ok
SCF:0002942	O74499	O74483	O94376	Q9UUI1	284812	ok
SCF:0002943	O74499	O74483	Q9Y7N2	O14352	284812	ok
SCF:0002944	P38907	P36012	P38801	Q12493	559292	ok
SCF:0002945	O95456	P28074	Q86X83	Q99436	9606	ok
SCF:0002946	O95456	P28074	Q86X83	P25787	9606	ok
SCF:0002947	O95456	P28074	Q86X83	P28066	9606	ok
SCF:0002948	P28074	O95456	Q969U7	P48556	9606	ok
SCF:0002949	P28074	O95456	Q969U7	O14818	9606	ok
SCF:0002956	P28074	Q969U7	O95456	P25789	9606	ok
SCF:0002957	P28074	Q969U7	O95456	P25787	9606	ok
SCF:0002958	P28074	Q969U7	Q861F7	P28072	9606	ok
SCF:0002959	Q969U7	P28074	P07766	Q99436	9606	ok
SCF:0002960	Q969U7	P28074	Q861F7	P25787	9606	ok
SCF:0002961	Q969U7	P28074	P04234	P28066	9606	ok
SCF:0002968	Q7Z4G1	Q86X83	P28074	Q86VX2	9606	ok
SCF:0002969	Q7Z4G1	Q86X83	P28074	Q9NX08	9606	ok
SCF:0002970	Q7Z4G1	Q86X83	P28074	Q9P000	9606	ok
SCF:0002976	A4VD15	I7LT80	I7MCM8	I7MG46	312017	ok
SCF:0002977	A4VD15	I7LT80	I7MCM8	Q23S05	312017	ok
SCF:0002978	I7LT80	A4VD15	I7MCM8	Q24DJ0	312017	ok
SCF:0002979	I7LT80	A4VD15	Q24DI9	I7MG46	312017	ok
SCF:0002980	I7LT80	A4VD15	I7M9J2	Q23YW7	312017	ok
SCF:0002984	P07766	Q861F7	Q969U7	P0DTU4	9606	ok
SCF:0002985	Q861F7	P07766	P28074	P09693	9606	ok
SCF:0002986	A8IJ60	A8J353	Q39584	A8INX1	3055	ok
SCF:0002987	A8IJ60	A8J353	A8IJY7	A8IS47	3055	ok
SCF:0002988	A8J353	A8IJ60	A8IS47	A8INX1	3055	ok
SCF:0002989	A8J353	A8IJ60	A8IS47	A8IH07	3055	ok
SCF:0002991	P04234	Q861F7	P28074	P0DTU4	9606	ok
SCF:0002992	Q861F7	P04234	P28074	P09693	9606	ok
SCF:0002995	Q8DJ02	Q8DKF5	Q8DL32	Q8DMR6	197221	ok
SCF:0002996	Q8DJ02	Q8DKF5	Q8DMP8	Q8DKY0	197221	ok
SCF:0002997	Q8DKF5	Q8DJ02	Q8DMP8	Q8DL29	197221	ok
SCF:0002998	Q8DKF5	Q8DJ02	Q8DMP8	Q8DL30	197221	ok
SCF:0002999	Q8DLJ8	Q8DIF8	Q8DL30	D0VWR1	197221	ok
SCF:0003000	Q8DLJ8	Q8DIF8	Q8DJ02	Q8DIQ1	197221	ok
SCF:0003001	Q8DLJ8	Q8DIF8	Q8DKF5	P0A444	197221	ok
SCF:0003003	Q22MV2	I7M9J2	A4VD15	Q22A67	312017	ok
SCF:0003005	Q9NQT5	Q9Y2L1	P09693	Q8TF46	9606	ok
SCF:0003006	Q9NQT5	Q9Y2L1	P09693	Q9Y450	9606	ok
SCF:0003007	O42978	O74483	O13964	O74499	284812	ok
SCF:0003008	O42978	O74483	O13964	Q9UUI1	284812	ok
SCF:0003009	O42978	O74483	Q9Y821	O14352	284812	ok
SCF:0003010	O74483	O42978	Q9P6Q0	Q9Y7M4	284812	ok
SCF:0003011	A0T0M9	B8C770	B8CEQ3	B8C0K4	35128	ok
SCF:0003012	A0T0M9	B8C770	A0T0M8	B8BU33	35128	ok
SCF:0003019	P04439	P09693	Q9Y2L1	P84077	9606	ok
SCF:0003020	P04439	P09693	Q9Y2L1	A0A578	9606	ok
SCF:0003021	P09693	P04439	P61758	Q861F7	9606	ok
SCF:0003022	P09693	P04439	P61758	P0DTU4	9606	ok
SCF:0003023	P49368	P61758	P04439	O60925	9606	ok
SCF:0003024	P49368	P61758	P04439	Q99471	9606	ok
SCF:0003025	C3SR12	C3SR52	W8T6F0	C3SRY2	562	ok
SCF:0003027	C3SR52	C3SR12	C3SRY2	P0ADY7	562	ok
SCF:0003028	C3SR52	C3SR12	C3SRY2	P02413	562	ok
SCF:0003033	Q5JS54	P25788	Q99832	P28066	9606	ok
SCF:0003034	Q5JS54	P25788	Q99832	O14818	9606	ok
SCF:0003035	Q5JS54	P25788	Q99832	P25789	9606	ok
SCF:0003036	P25359	P38801	P36012	P53256	559292	ok
SCF:0003037	Q8DIN9	Q8DMP8	Q8DKF5	Q8DHJ2	197221	ok
SCF:0003038	Q8DIN9	Q8DMP8	Q8DJ02	Q9F1R6	197221	ok
SCF:0003039	P29496	P50874	P38801	P54790	559292	ok
SCF:0003040	P29496	P50874	P57743	P38826	559292	ok
SCF:0003041	P50874	P29496	P53905	P29469	559292	ok
SCF:0003042	P50874	P29496	P53905	P24279	559292	ok
SCF:0003043	P46948	P38801	P50874	P53256	559292	ok
SCF:0003044	P53905	P57743	P50874	P40089	559292	ok
SCF:0003045	P57743	P53905	P29496	P47093	559292	ok
SCF:0003046	P57743	P53905	P29496	P47017	559292	ok
SCF:0003047	P57743	P53905	Q12488	Q06406	559292	ok
SCF:0003048	P60899	A0A481DF93	A0A8D1GCS3	I3LCH3	9823	ok
SCF:0003049	P60899	A0A481DF93	A0A8D1GCS3	O75586	9823	ok
SCF:0003050	Q99471	Q99832	P25788	P50991	9606	ok
SCF:0003051	Q99471	Q99832	P25788	P49368	9606	ok
SCF:0003052	Q99471	Q99832	P25788	P40227	9606	ok
SCF:0003053	Q8N0S6	Q13352	Q9NQT4	Q9BS16	9606	ok
SCF:0003054	Q8N0S6	Q13352	P42285	P49450	9606	ok
SCF:0003055	Q85FY0	M1UU36	M1VKK5	Q85FP8	280699	ok
SCF:0003059	P42285	Q9NQT4	Q13352	Q13868	9606	ok
SCF:0003060	Q9NQT4	P42285	Q13352	Q15477	9606	ok
SCF:0003061	Q9NQT4	P42285	Q9NVM9	Q8TF46	9606	ok
SCF:0003062	Q9NQT4	P42285	Q9NVM9	Q9Y450	9606	ok
SCF:0003082	O13964	Q9Y7N2	O74483	O94376	284812	ok
SCF:0003083	Q9Y7N2	O13964	O74483	O94376	284812	ok
SCF:0003084	Q9Y7N2	O13964	O74483	P87310	284812	ok
SCF:0003085	Q9P6Q0	Q9Y821	O74483	Q9US45	284812	ok
SCF:0003086	Q9Y821	Q9P6Q0	O42978	P87310	284812	ok
SCF:0003088	Q9NVH2	Q9NVM9	P42285	Q9NV88	9606	ok
SCF:0003089	Q9NVH2	Q9NVM9	P42285	Q8WX92	9606	ok
SCF:0003090	Q9NVH2	Q9NVM9	Q9BVA1	Q5TA45	9606	ok
SCF:0003091	P20979	P21087	P68610	P20980	10249	ok
SCF:0003094	Q86V25	Q9BVA1	Q9NVM9	P68363	9606	ok
SCF:0003095	Q8DIP0	Q8DMP8	Q8DJ02	Q8DHJ2	197221	ok
SCF:0003096	Q8DIP0	Q8DMP8	Q8DG60	Q9F1R6	197221	ok
SCF:0003097	P29469	Q12488	P53905	Q03406	559292	ok
SCF:0003098	Q12488	P29469	Q06406	P29496	559292	ok
SCF:0003099	Q12488	P29469	Q06406	P24279	559292	ok
SCF:0003100	Q12488	P29469	P32480	P53091	559292	ok
SCF:0003102	P01730	Q6N030	Q96SY0	P0DOX5	9606	ok
SCF:0003103	P01730	Q6N030	Q5TA45	P03437	9606	ok
SCF:0003109	I7MLZ4	Q24CL2	A4VEB3	A4VD15	312017	ok
SCF:0003113	P40070	Q06406	P29469	P40089	559292	ok
SCF:0003114	P40070	Q06406	P29469	P53905	559292	ok
SCF:0003115	A8IY95	Q39584	A8J353	Q7Y0H2	3055	ok
SCF:0003117	Q8DHJ2	Q8DG60	Q8DMP8	Q9F1L5	197221	ok
SCF:0003122	Q9W2V7	P49735	Q9XYU0	Q9XYU1	7227	ok
SCF:0003123	Q9W2V7	P49735	Q9XYU0	Q9VGW6	7227	ok
SCF:0003132	Q5TA45	Q96SY0	Q6N030	P30153	9606	ok
SCF:0003133	Q96SY0	Q5TA45	Q6N030	Q9NVM9	9606	ok
SCF:0003135	P20248	P61024	Q93034	Q9BS18	9606	ok
SCF:0003136	P61024	P20248	Q93034	Q13309	9606	ok
SCF:0003137	P61024	P20248	Q93034	Q13098	9606	ok
SCF:0003142	P61830	P32480	P29469	P54784	559292	ok
SCF:0003146	P61201	Q93034	P20248	Q13616	9606	ok
SCF:0003147	P61201	Q93034	P20248	Q13618	9606	ok
SCF:0003148	P61201	Q93034	P78371	Q13617	9606	ok
SCF:0003149	Q93034	P61201	P61024	Q9BT78	9606	ok
SCF:0003150	Q93034	P61201	P78371	Q13098	9606	ok
SCF:0003153	C3SR52	C3SQR7	C3SRY2	P0ADY7	562	ok
SCF:0003155	P29496	P47112	P32776	P29469	559292	ok
SCF:0003156	P47112	P29496	P32776	P29469	559292	ok
SCF:0003157	P47112	P29496	P32844	P53091	559292	ok
SCF:0003158	P47112	P29496	P32844	P38132	559292	ok
SCF:0003163	O60925	P78371	P61201	P17987	9606	ok
SCF:0003164	O60925	P78371	P61201	P49368	9606	ok
SCF:0003165	P78371	O60925	Q9UJX3	Q9NQP4	9606	ok
SCF:0003166	Q13042	Q9UJX3	O60925	Q9UJX2	9606	ok
SCF:0003167	Q13042	Q9UJX3	Q9P000	Q9UJX6	9606	ok
SCF:0003168	Q13042	Q9UJX3	Q9P000	P53197	9606	ok
SCF:0003169	Q9UJX3	Q13042	Q9P000	Q9UJX2	9606	ok
SCF:0003181	Q86X83	Q9P000	Q9UJX3	Q9UBI1	9606	ok
SCF:0003182	Q86X83	Q9P000	Q9UJX3	Q9GZQ3	9606	ok
SCF:0003183	Q86X83	Q9P000	Q13042	Q9Y6G5	9606	ok
SCF:0003184	Q9P000	Q86X83	Q9UBI1	Q9Y6G5	9606	ok
SCF:0003185	Q9P000	Q86X83	Q9UBI1	Q86VX2	9606	ok
SCF:0003187	P56751	P26288	Q9FJ98	A0A1B1W4Z0	3702	ok
SCF:0003188	P56751	P26288	O82504	A0A1B1W4Z4	3702	ok
SCF:0003190	P21466	P21471	P21473	P21474	224308	ok
SCF:0003197	Q9P000	Q9UBI1	Q86X83	Q9GZQ3	9606	ok
SCF:0003198	Q9P000	Q9UBI1	Q86X83	Q86VX2	9606	ok
SCF:0003199	Q9UBI1	Q9P000	Q6GMX6	Q9GZQ3	9606	ok
SCF:0003200	Q9UBI1	Q9P000	Q6GMX6	Q9Y6G5	9606	ok
SCF:0003201	Q9UBI1	Q9P000	Q9UBF6	Q9H0A8	9606	ok
SCF:0003202	Q3E7C1	P32776	P47112	P41895	559292	ok
SCF:0003203	Q3E7C1	P32776	P29496	P06839	559292	ok
SCF:0003218	A8J3C3	A8IH07	A8J353	A8IL21	3055	ok
SCF:0003219	A8J3C3	A8IH07	A8IJ60	A8INX1	3055	ok
SCF:0003220	P19658	P32844	P29496	P89102	559292	ok
SCF:0003221	P19658	P32844	P29496	P22224	559292	ok
SCF:0003222	P19658	P32844	P53905	Q06245	559292	ok
SCF:0003223	P32844	P19658	P53905	P89102	559292	ok
SCF:0003229	P0DOX5	Q6GMX6	Q9P000	P01857	9606	ok
SCF:0003230	P0DOX5	Q6GMX6	Q9P000	Q6N089	9606	ok
SCF:0003233	Q15843	Q9UBF6	Q9P000	P62877	9606	ok
SCF:0003235	Q15024	P42285	Q93034	Q15477	9606	ok
SCF:0003236	Q15024	P42285	Q93034	Q8TF46	9606	ok
SCF:0003237	Q15024	P42285	Q86X83	Q9Y450	9606	ok
SCF:0003238	A0A2K3DG79	A8IS47	A8IH07	A8IL21	3055	ok
SCF:0003239	A0A2K3DG79	A8IS47	A8IH07	A8IJ60	3055	ok
SCF:0003241	O80634	P56752	Q01667	P56767	3702	ok
SCF:0003242	O80634	P56752	P56766	A0A1B1W4Z4	3702	ok
SCF:0003243	P56752	O80634	P56766	Q9SGH4	3702	ok
SCF:0003248	Q22MV2	A4VEB3	Q24CL2	Q1HFV9	312017	ok
SCF:0003257	Q2G113	Q2FW31	Q2FW17	Q2FW21	93061	ok
SCF:0003259	A0A1D5UKZ4	W5I035	W5DS33	W5BFB7	4565	ok
SCF:0003260	Q99627	Q93034	P42285	Q13616	9606	ok
SCF:0003261	Q99627	Q93034	P42285	Q13619	9606	ok
SCF:0003271	Q86VX2	Q86X83	P42285	Q9Y6G5	9606	ok
SCF:0003272	Q86VX2	Q86X83	Q9NQP4	Q9P000	9606	ok
SCF:0003273	Q86VX2	Q86X83	P50990	Q8N668	9606	ok
SCF:0003274	Q86X83	Q86VX2	Q13042	Q9UBI1	9606	ok
SCF:0003275	Q86X83	Q86VX2	Q13042	Q9GZQ3	9606	ok
SCF:0003276	Q86X83	Q86VX2	P51955	Q9H0A8	9606	ok
SCF:0003279	A0ACD6B989	P58568	Q8YVQ2	P58560	103690	ok
SCF:0003280	A0A8D1DPV6	A0A4X1VYD0	A0A8D0JYF1	A0A8W4F9W9	9823	ok
SCF:0003282	P50990	Q9NQP4	Q86X83	O15212	9606	ok
SCF:0003283	Q9NQP4	P50990	Q86X83	P50991	9606	ok
SCF:0003285	P51955	Q13042	Q86VX2	Q9UJX3	9606	ok
SCF:0003286	P51955	Q13042	Q86VX2	Q9UJX2	9606	ok
SCF:0003287	Q13042	P51955	Q86VX2	Q9UJX2	9606	ok
SCF:0003294	Q86VX2	Q9H0A8	Q9BVW5	Q9P000	9606	ok
SCF:0003295	Q86VX2	Q9H0A8	Q14566	Q9GZQ3	9606	ok
SCF:0003296	Q86VX2	Q9H0A8	Q14566	Q8N668	9606	ok
SCF:0003297	Q9H0A8	Q86VX2	Q9Y6G5	Q8N668	9606	ok
SCF:0003298	Q9H0A8	Q86VX2	Q9Y6G5	Q9UBI1	9606	ok
SCF:0003299	Q9H0A8	Q86VX2	Q9Y6G5	Q86X83	9606	ok
SCF:0003301	A0A7M4DUC2	A0A8D0JYF1	A0A4X1VYD0	A0A4X1TRS6	9823	ok
SCF:0003305	P56766	Q01667	P56752	Q9SY97	3702	ok
SCF:0003306	Q01667	P56766	P56752	A0A0F6NGI2	3702	ok
SCF:0003307	Q01667	P56766	O80634	P56767	3702	ok
SCF:0003308	Q01667	P56766	Q9LK40	P05311	3702	ok
SCF:0003312	B8BUW3	B8BRQ8	B8C770	B8CEQ3	35128	ok
SCF:0003314	Q96L50	Q9BVW5	Q9H0A8	Q9BRX5	9606	ok
SCF:0003315	Q8DLJ8	Q9F1K9	Q8DMR6	Q8DIN9	197221	ok
SCF:0003316	P42380	A8IJY7	A8IJ60	A8IL21	3055	ok
SCF:0003323	O14010	O60104	P87310	P87306	284812	ok
SCF:0003327	Q8N668	Q9Y6G5	Q9H9Q2	Q9P000	9606	ok
SCF:0003328	Q8N668	Q9Y6G5	Q13618	Q9NX08	9606	ok
SCF:0003329	Q8N668	Q9Y6G5	P48643	Q9H0A8	9606	ok
SCF:0003330	Q9Y6G5	Q8N668	Q9H0A8	Q9P000	9606	ok
SCF:0003331	Q9Y6G5	Q8N668	Q9H0A8	Q86VX2	9606	ok
SCF:0003332	Q9Y6G5	Q8N668	P48643	Q86X83	9606	ok
SCF:0003333	Q54G86	Q54XI5	P22685	Q9Y3A5	44689	ok
SCF:0003334	P68449	P68439	P68610	P20979	10249	ok
SCF:0003336	O82504	Q9LK40	P56766	Q9LQ02	3702	ok
SCF:0003337	O14010	P87310	O60104	Q9P6Q0	284812	ok
SCF:0003339	Q9UBD5	Q14566	Q86VX2	P33993	9606	ok
SCF:0003340	Q9UBD5	Q14566	Q86VX2	P25205	9606	ok
SCF:0003345	Q13618	Q9H9Q2	Q86VX2	Q9BT78	9606	ok
SCF:0003346	Q9H9Q2	Q13618	Q8N668	Q13616	9606	ok
SCF:0003351	Q99471	P48643	Q8N668	P50991	9606	ok
SCF:0003352	Q99471	P48643	Q8N668	P49368	9606	ok
SCF:0003356	Q8DKF3	Q8DMR6	Q9F1K9	Q8DKF4	197221	ok
SCF:0003360	P38203	P53905	P32844	P57743	559292	ok
SCF:0003361	P38203	P53905	P19658	P47093	559292	ok
