source	match_id	experimental_id	structural_id	experimental_score	structural_score	score_difference	structural_gt_experimental	match_distance
Negatome	Negatome:0001	NEG:00761	AC:002567	0.000633	0.00098	0.000347	1	0.0
Negatome	Negatome:0002	NEG:01054	AC:002464	5.6e-05	0.846868	0.846812	1	0.008173299710012898
Negatome	Negatome:0003	NEG:01026	AC:001002	0.002692	0.00023	-0.0024619999999999998	0	0.008816265281118589
Negatome	Negatome:0004	NEG:00769	AC:000128	0.960797	0.999692	0.03889500000000001	1	0.018329338583684907
Negatome	Negatome:0005	NEG:01376	AC:000400	6e-05	0.999755	0.999695	1	0.025915135083639483
Negatome	Negatome:0006	NEG:01720	AC:001793	6.1e-05	0.997066	0.997005	1	0.026730192926060825
Negatome	Negatome:0007	NEG:00237	AC:001869	6.3e-05	0.998084	0.9980209999999999	1	0.028746875440918584
Negatome	Negatome:0008	NEG:01119	AC:000323	0.00026	0.000289	2.9e-05	1	0.029958411810304918
Negatome	Negatome:0009	NEG:00511	AC:002555	0.001141	7.4e-05	-0.001067	0	0.030914659039032483
Negatome	Negatome:0010	NEG:01380	AC:000011	0.000438	0.798163	0.7977249999999999	1	0.033877440152612175
Negatome	Negatome:0011	NEG:01566	AC:001162	5.5e-05	0.938969	0.938914	1	0.03406867352651081
Negatome	Negatome:0012	NEG:01494	AC:001943	0.880066	0.999944	0.11987800000000004	1	0.03558330695642365
Negatome	Negatome:0013	NEG:00762	AC:000266	7.6e-05	0.00058	0.000504	1	0.03882331015479609
Negatome	Negatome:0014	NEG:01150	AC:002064	0.97879	0.981109	0.00231899999999996	1	0.039265450644358664
Negatome	Negatome:0015	NEG:01490	AC:002883	0.473652	0.000153	-0.473499	0	0.03972130286161283
Negatome	Negatome:0016	NEG:00759	AC:001084	7.1e-05	0.004339	0.004268	1	0.04078834412947762
Negatome	Negatome:0017	NEG:00749	AC:002349	6.5e-05	0.99951	0.999445	1	0.042673533715641
Negatome	Negatome:0018	NEG:01755	AC:001680	0.01121	0.999759	0.9885489999999999	1	0.04301341644056383
Negatome	Negatome:0019	NEG:00562	AC:001590	0.330661	0.999706	0.669045	1	0.04500523645456432
Negatome	Negatome:0020	NEG:01558	AC:001181	0.004002	0.997925	0.993923	1	0.045088266425015296
Negatome	Negatome:0021	NEG:00782	AC:000347	0.998348	6.6e-05	-0.998282	0	0.045210124824854335
Negatome	Negatome:0022	NEG:01259	AC:000127	6.2e-05	0.999904	0.999842	1	0.046970694071138276
Negatome	Negatome:0023	NEG:01149	AC:001664	0.956495	0.030163	-0.9263319999999999	0	0.04742293092286716
Negatome	Negatome:0024	NEG:01128	AC:000273	0.00018	0.38765	0.38747	1	0.04834391912012027
Negatome	Negatome:0025	NEG:00937	AC:002532	0.000104	0.999887	0.999783	1	0.0518406501243137
Negatome	Negatome:0026	NEG:00747	AC:000338	0.022023	0.020317	-0.0017059999999999992	0	0.053491898143641796
Negatome	Negatome:0027	NEG:01719	AC:002152	7.6e-05	0.999703	0.999627	1	0.05377429063419988
Negatome	Negatome:0028	NEG:01066	AC:001832	0.004697	0.992402	0.987705	1	0.0543960596515049
Negatome	Negatome:0029	NEG:00770	AC:002597	0.000192	0.999785	0.9995930000000001	1	0.054475256303690274
Negatome	Negatome:0030	NEG:00765	AC:002553	0.00011	0.999828	0.999718	1	0.05556058123458915
Negatome	Negatome:0031	NEG:01261	AC:000344	0.000155	0.000721	0.000566	1	0.05620643076307578
Negatome	Negatome:0032	NEG:01749	AC:000561	5e-05	0.999823	0.999773	1	0.06077596811925698
Negatome	Negatome:0033	NEG:00115	AC:001483	6.8e-05	0.999655	0.999587	1	0.06629911250282815
Negatome	Negatome:0034	NEG:00875	AC:002497	0.998905	0.998776	-0.00012900000000004574	0	0.06714416810182815
Negatome	Negatome:0035	NEG:01567	AC:002119	0.000201	0.999917	0.9997159999999999	1	0.06735501396681172
Negatome	Negatome:0036	NEG:01021	AC:001674	0.000413	0.999327	0.998914	1	0.07099736154922906
Negatome	Negatome:0037	NEG:01472	AC:002158	0.99893	0.998689	-0.0002409999999999357	0	0.07174578485298987
Negatome	Negatome:0038	NEG:01057	AC:000457	0.130826	0.999813	0.868987	1	0.0732530048225102
Negatome	Negatome:0039	NEG:00775	AC:001370	0.041235	0.999929	0.9586939999999999	1	0.0747094567296704
Negatome	Negatome:0040	NEG:00745	AC:002147	8.5e-05	0.994442	0.994357	1	0.07529810349396679
Negatome	Negatome:0041	NEG:00943	AC:002590	5.5e-05	0.997303	0.997248	1	0.07585916611268684
Negatome	Negatome:0042	NEG:01126	AC:002014	0.999779	0.999578	-0.00020100000000000673	0	0.07843864193965207
Negatome	Negatome:0043	NEG:01064	AC:000356	6.1e-05	0.999731	0.9996700000000001	1	0.07849091406692092
Negatome	Negatome:0044	NEG:00746	AC:001604	5.1e-05	0.999679	0.999628	1	0.08446800479452142
Negatome	Negatome:0045	NEG:01712	AC:000442	0.001931	0.999631	0.9977	1	0.08552861350732224
Negatome	Negatome:0046	NEG:01833	AC:001726	0.000237	0.999577	0.99934	1	0.08645292742437331
Negatome	Negatome:0047	NEG:00435	AC:000049	0.069717	0.999637	0.92992	1	0.08658643271831994
Negatome	Negatome:0048	NEG:00945	AC:001558	5.7e-05	0.999856	0.999799	1	0.09236553186568006
Negatome	Negatome:0049	NEG:00442	AC:002223	0.997053	0.999649	0.0025960000000000427	1	0.09236791103892922
Negatome	Negatome:0050	NEG:01378	AC:000756	5.3e-05	0.999019	0.998966	1	0.09296886406871879
Negatome	Negatome:0051	NEG:00009	AC:002735	0.067713	0.991023	0.92331	1	0.09344706409288153
Negatome	Negatome:0052	NEG:00768	AC:000229	0.023967	0.994476	0.9705090000000001	1	0.09631394390388015
Negatome	Negatome:0053	NEG:00117	AC:002466	6.4e-05	0.001474	0.00141	1	0.09767849622545201
Negatome	Negatome:0054	NEG:00371	AC:001276	0.289736	0.999918	0.710182	1	0.09838981472823914
Negatome	Negatome:0055	NEG:00367	AC:001126	0.99959	0.999635	4.500000000007276e-05	1	0.10119291287889885
Negatome	Negatome:0056	NEG:00754	AC:002439	0.000494	0.999923	0.999429	1	0.1023973264421051
Negatome	Negatome:0057	NEG:00939	AC:000812	5.5e-05	0.999092	0.999037	1	0.10246217691281331
Negatome	Negatome:0058	NEG:01384	AC:000983	0.000116	0.999634	0.999518	1	0.103126780661058
Negatome	Negatome:0059	NEG:01750	AC:000480	0.001668	0.000242	-0.001426	0	0.10315361247793864
Negatome	Negatome:0060	NEG:01560	AC:001606	0.018707	0.627629	0.608922	1	0.10361051354217236
Negatome	Negatome:0061	NEG:01052	AC:000051	0.010243	0.99954	0.989297	1	0.10525983336241918
Negatome	Negatome:0062	NEG:00777	AC:002686	0.023088	0.997855	0.974767	1	0.10562270980595465
Negatome	Negatome:0063	NEG:01381	AC:000966	0.000268	0.999919	0.999651	1	0.10754853538860099
Negatome	Negatome:0064	NEG:00767	AC:001573	0.000378	0.999854	0.999476	1	0.10854206747162248
Negatome	Negatome:0065	NEG:00734	AC:001253	0.484056	0.287	-0.197056	0	0.11094605384893635
Negatome	Negatome:0066	NEG:00482	AC:001408	6.9e-05	0.999918	0.999849	1	0.1125661283296713
Negatome	Negatome:0067	NEG:01497	AC:000361	0.000944	0.999158	0.998214	1	0.1129234957171204
Negatome	Negatome:0068	NEG:00781	AC:002751	0.000264	0.999601	0.9993369999999999	1	0.11439644521136977
Negatome	Negatome:0069	NEG:01536	AC:001790	0.000108	0.999722	0.999614	1	0.11773158380500788
Negatome	Negatome:0070	NEG:01302	AC:002564	0.075789	0.999846	0.924057	1	0.11904592300330365
Negatome	Negatome:0071	NEG:01262	AC:001930	0.975278	0.99591	0.020631999999999984	1	0.1198356545529274
Negatome	Negatome:0072	NEG:00634	AC:000461	0.714484	0.997887	0.28340299999999996	1	0.12033565311596454
Negatome	Negatome:0073	NEG:01663	AC:000559	6.7e-05	0.99985	0.999783	1	0.12397706540524804
Negatome	Negatome:0074	NEG:01154	AC:001669	0.002754	0.998095	0.9953409999999999	1	0.12428208933208676
Negatome	Negatome:0075	NEG:00250	AC:001416	0.024349	0.113991	0.089642	1	0.12498427129950794
Negatome	Negatome:0076	NEG:00999	AC:002559	9.4e-05	0.007747	0.007653	1	0.12685506389122347
Negatome	Negatome:0077	NEG:00940	AC:001017	0.00135	0.001201	-0.00014900000000000004	0	0.13025287406341293
Negatome	Negatome:0078	NEG:01255	AC:000470	0.000813	0.999906	0.999093	1	0.1322585645366046
Negatome	Negatome:0079	NEG:01232	AC:002986	0.000154	0.998976	0.998822	1	0.13297052734178594
Negatome	Negatome:0080	NEG:00850	AC:002693	5.9e-05	0.999732	0.9996729999999999	1	0.13572114145741443
Negatome	Negatome:0081	NEG:01745	AC:001770	0.006917	0.999607	0.9926900000000001	1	0.13750146313901335
Negatome	Negatome:0082	NEG:00494	AC:002410	0.001874	0.999572	0.997698	1	0.1405304621395742
Negatome	Negatome:0083	NEG:01256	AC:002457	0.000594	0.999257	0.998663	1	0.141498986325209
Negatome	Negatome:0084	NEG:00558	AC:000122	0.992199	0.061902	-0.930297	0	0.14619057909345948
Negatome	Negatome:0085	NEG:00807	AC:000869	0.850199	0.010192	-0.8400070000000001	0	0.1516681316945042
Negatome	Negatome:0086	NEG:01252	AC:002059	0.052704	0.999781	0.9470770000000001	1	0.1523164823656617
Negatome	Negatome:0087	NEG:01770	AC:001269	0.000166	0.002684	0.0025180000000000003	1	0.162938076483692
Negatome	Negatome:0088	NEG:00350	AC:002271	0.000593	0.925061	0.9244680000000001	1	0.16302169314703843
Negatome	Negatome:0089	NEG:00755	AC:001901	0.004179	0.000783	-0.0033960000000000006	0	0.16378061067955355
Negatome	Negatome:0090	NEG:00868	AC:000392	0.010911	0.139282	0.12837099999999999	1	0.1742954941815391
Negatome	Negatome:0091	NEG:01019	AC:002197	6.2e-05	0.9996	0.999538	1	0.18179010777681706
Negatome	Negatome:0092	NEG:00756	AC:001290	0.001371	0.01177	0.010398999999999999	1	0.18184839366552696
Negatome	Negatome:0093	NEG:01246	AC:001472	0.998338	0.707071	-0.29126699999999994	0	0.18749668153645227
Negatome	Negatome:0094	NEG:00369	AC:000496	0.999019	0.982837	-0.01618200000000003	0	0.19414898334425265
Negatome	Negatome:0095	NEG:01768	AC:000932	0.000102	0.050832	0.050730000000000004	1	0.1958966717029221
Negatome	Negatome:0096	NEG:01744	AC:001008	0.000372	0.989566	0.9891939999999999	1	0.19642234726818786
Negatome	Negatome:0097	NEG:01053	AC:001861	6.5e-05	0.999867	0.999802	1	0.20027960392747945
Negatome	Negatome:0098	NEG:00869	AC:002617	0.996929	0.998537	0.0016080000000000538	1	0.2031227517699065
Negatome	Negatome:0099	NEG:01766	AC:002448	0.001075	0.999853	0.9987779999999999	1	0.20807934921667917
Negatome	Negatome:0100	NEG:01375	AC:001715	8.1e-05	0.999933	0.999852	1	0.2098367173642683
Negatome	Negatome:0101	NEG:01772	AC:003037	0.000711	0.999907	0.999196	1	0.21434875560002056
Negatome	Negatome:0102	NEG:00368	AC:002296	0.997995	0.00013	-0.997865	0	0.21565971623982091
Negatome	Negatome:0103	NEG:01264	AC:001169	0.003373	0.999827	0.9964540000000001	1	0.22028971135287015
Negatome	Negatome:0104	NEG:00946	AC:000750	0.999785	0.999855	7.00000000000145e-05	1	0.2265764838568031
Negatome	Negatome:0105	NEG:00877	AC:002774	0.00507	0.999886	0.994816	1	0.23508576751304533
Negatome	Negatome:0106	NEG:01385	AC:000542	0.000127	0.999944	0.9998170000000001	1	0.24165725004906946
Negatome	Negatome:0107	NEG:00570	AC:000590	0.980238	0.000813	-0.9794250000000001	0	0.24532569627210896
Negatome	Negatome:0108	NEG:01379	AC:001651	0.002524	0.058666	0.056142000000000004	1	0.2475530745531295
Negatome	Negatome:0109	NEG:01058	AC:000661	9.8e-05	0.999932	0.999834	1	0.24815252439337593
Negatome	Negatome:0110	NEG:00757	AC:002096	0.000331	0.999907	0.999576	1	0.28987563456379356
Negatome	Negatome:0111	NEG:00751	AC:002492	0.048935	0.998	0.949065	1	0.2955050455955252
Negatome	Negatome:0112	NEG:00748	AC:002652	6.2e-05	0.998098	0.998036	1	0.29922570907232887
Negatome	Negatome:0113	NEG:01495	AC:000786	0.003822	0.999897	0.996075	1	0.3032248259268664
Negatome	Negatome:0114	NEG:00763	AC:002707	0.000102	0.999721	0.9996189999999999	1	0.31172621499235553
Negatome	Negatome:0115	NEG:00016	AC:002583	0.000146	0.999214	0.9990680000000001	1	0.31552963596847017
Negatome	Negatome:0116	NEG:01661	AC:000052	7.1e-05	0.9988	0.998729	1	0.3247903125284416
Negatome	Negatome:0117	NEG:01751	AC:000456	0.003579	0.999714	0.996135	1	0.3303076184242467
Negatome	Negatome:0118	NEG:01059	AC:001363	0.005351	0.998747	0.9933960000000001	1	0.3467683761758571
Negatome	Negatome:0119	NEG:00698	AC:002251	0.000101	0.991738	0.991637	1	0.359026358723326
Negatome	Negatome:0120	NEG:00744	AC:002646	0.022213	0.998697	0.9764839999999999	1	0.3754811673796322
Negatome	Negatome:0121	NEG:01771	AC:001866	6.4e-05	0.999642	0.9995780000000001	1	0.3779765009570565
Negatome	Negatome:0122	NEG:01293	AC:000414	0.000129	0.999901	0.999772	1	0.41019057358520344
Negatome	Negatome:0123	NEG:01085	AC:002241	0.999672	0.742027	-0.257645	0	0.4533459875012469
Negatome	Negatome:0124	NEG:00601	AC:001714	0.99932	0.999446	0.00012599999999995948	1	0.46797201651672454
Negatome	Negatome:0125	NEG:01754	AC:000591	0.000391	0.021026	0.020635	1	0.47224172013536764
Negatome	Negatome:0126	NEG:01639	AC:001097	0.000118	0.000274	0.000156	1	0.5039641572012816
Negatome	Negatome:0127	NEG:01714	AC:002981	0.000675	0.000354	-0.00032100000000000005	0	0.565038245650732
Negatome	Negatome:0128	NEG:00365	AC:000953	0.26375	0.765984	0.5022340000000001	1	0.5733167649000237
Negatome	Negatome:0129	NEG:00510	AC:000252	0.99989	0.80679	-0.19309999999999994	0	0.595357291704307
Negatome	Negatome:0130	NEG:00948	AC:002552	0.0023	5.9e-05	-0.002241	0	0.6339069185850624
Negatome	Negatome:0131	NEG:00664	AC:001081	0.571381	0.990834	0.41945299999999996	1	0.6652320382858943
Negatome	Negatome:0132	NEG:00753	AC:002708	9.5e-05	0.999516	0.999421	1	0.7059920634088677
Negatome	Negatome:0133	NEG:00881	AC:001135	0.00521	0.999664	0.994454	1	0.7575915689485608
Negatome	Negatome:0134	NEG:00252	AC:001774	0.000104	0.99991	0.999806	1	0.7740855859187235
Negatome	Negatome:0135	NEG:01710	AC:002103	8.8e-05	0.998637	0.998549	1	0.7784555321350655
Negatome	Negatome:0136	NEG:01377	AC:000203	0.000123	0.996323	0.9962	1	0.814106323729482
Negatome	Negatome:0137	NEG:01245	AC:000340	0.963985	0.99982	0.03583500000000006	1	0.8444218194372276
Negatome	Negatome:0138	NEG:00705	AC:002407	5.7e-05	0.999379	0.999322	1	0.9103451325629683
Negatome	Negatome:0139	NEG:00699	AC:001389	0.000172	0.03769	0.037518	1	0.9362672718347941
Negatome	Negatome:0140	NEG:00808	AC:000243	0.921424	0.999818	0.07839399999999996	1	0.9421309736923443
Negatome	Negatome:0141	NEG:01270	AC:000292	6.3e-05	0.229207	0.229144	1	0.9442425134734929
Negatome	Negatome:0142	NEG:00116	AC:001708	7.2e-05	0.998772	0.9987	1	0.9540595187436394
Negatome	Negatome:0143	NEG:01637	AC:002421	6e-05	6.6e-05	6.0000000000000035e-06	1	0.9839676751376112
Negatome	Negatome:0144	NEG:01748	AC:000657	0.00759	0.999892	0.992302	1	1.0549072098873293
Negatome	Negatome:0145	NEG:01147	AC:000209	0.311468	0.99973	0.6882619999999999	1	1.0581373407070602
Negatome	Negatome:0146	NEG:01382	AC:000013	6.5e-05	0.999854	0.999789	1	1.1089934753393356
ProtNeg	ProtNeg:0001	PAIR2:GENE:6118|GENE:79661	AC:001790	0.999753	0.999722	-3.100000000000325e-05	0	0.02903839672585384
ProtNeg	ProtNeg:0002	PAIR2:GENE:100134934|GENE:3836	AC:001630	0.00018	0.999923	0.999743	1	0.035298692733557666
ProtNeg	ProtNeg:0003	PAIR2:GENE:1230|GENE:6348	AC:000330	0.886773	0.998566	0.11179299999999992	1	0.04605037306124565
ProtNeg	ProtNeg:0004	PAIR2:GENE:801|GENE:8795	AC:001363	0.999853	0.998747	-0.0011059999999999404	0	0.08887828658985782
ProtNeg	ProtNeg:0005	PAIR2:GENE:3836|GENE:79991	AC:002119	0.00768	0.999917	0.9922369999999999	1	0.09001742933863009
ProtNeg	ProtNeg:0006	PAIR2:GENE:6119|GENE:79661	AC:000049	0.999767	0.999637	-0.00012999999999996348	0	0.09383686510506418
ProtNeg	ProtNeg:0007	PAIR2:GENE:3487|GENE:652	AC:001008	0.000198	0.989566	0.9893679999999999	1	0.09696390499261157
ProtNeg	ProtNeg:0008	PAIR2:GENE:3486|GENE:801	AC:002774	0.040016	0.999886	0.95987	1	0.10304722969952128
ProtNeg	ProtNeg:0009	PAIR2:GENE:2597|GENE:3552	AC:000128	0.000186	0.999692	0.999506	1	0.1067312628457175
ProtNeg	ProtNeg:0010	PAIR2:GENE:50489|GENE:920	AC:002158	0.011475	0.998689	0.987214	1	0.11376949220116368
ProtNeg	ProtNeg:0011	PAIR2:GENE:29128|GENE:8361	AC:000307	0.999921	0.999832	-8.899999999989472e-05	0	0.1209983313703676
ProtNeg	ProtNeg:0012	PAIR2:GENE:2597|GENE:4155	AC:000347	0.000188	6.6e-05	-0.00012199999999999998	0	0.1217102701606676
ProtNeg	ProtNeg:0013	PAIR2:GENE:1670|GENE:3106	AC:000877	0.016229	0.817732	0.801503	1	0.12201759659279471
ProtNeg	ProtNeg:0014	PAIR2:GENE:3726|GENE:4942	AC:000344	6.6e-05	0.000721	0.000655	1	0.12955889540487833
ProtNeg	ProtNeg:0015	PAIR2:GENE:335|GENE:5055	AC:001017	0.003982	0.001201	-0.0027810000000000005	0	0.1335010093917009
ProtNeg	ProtNeg:0016	PAIR2:GENE:55070|GENE:7323	AC:002448	0.015469	0.999853	0.984384	1	0.13353488649517037
ProtNeg	ProtNeg:0017	PAIR2:GENE:3726|GENE:90416	AC:002686	0.000111	0.997855	0.9977440000000001	1	0.13965255689315836
ProtNeg	ProtNeg:0018	PAIR2:GENE:10133|GENE:64343	AC:001674	0.713073	0.999327	0.286254	1	0.14258898425603486
ProtNeg	ProtNeg:0019	PAIR2:GENE:27071|GENE:5062	AC:000461	0.000383	0.997887	0.997504	1	0.14386269796951062
ProtNeg	ProtNeg:0020	PAIR2:GENE:389|GENE:56924	AC:002064	0.111728	0.981109	0.869381	1	0.14467136874683886
ProtNeg	ProtNeg:0021	PAIR2:GENE:30835|GENE:920	AC:000051	0.61986	0.99954	0.37968	1	0.16333801874035106
ProtNeg	ProtNeg:0022	PAIR2:GENE:682|GENE:7031	AC:000178	7.7e-05	0.99982	0.999743	1	0.26653250303282905
ProtNeg	ProtNeg:0023	PAIR2:GENE:4155|GENE:5830	AC:002553	0.000749	0.999828	0.999079	1	0.4196182161025601
ProtNeg	ProtNeg:0024	PAIR2:GENE:3964|GENE:6520	AC:001680	0.993678	0.999759	0.006081000000000003	1	0.47317483125248616
ProtNeg	ProtNeg:0025	PAIR2:GENE:29128|GENE:8337	AC:001726	0.997847	0.999577	0.0017300000000000093	1	0.5347096791906933
ProtNeg	ProtNeg:0026	PAIR2:GENE:143384|GENE:79047	AC:000661	7.2e-05	0.999932	0.9998600000000001	1	0.6534992117829985
ProtNeg	ProtNeg:0027	PAIR2:GENE:2167|GENE:4000	AC:000891	0.003636	0.999337	0.9957010000000001	1	0.7638676404707029
ProtNeg	ProtNeg:0028	PAIR2:GENE:43847|GENE:643394	AC:002234	0.029219	0.977999	0.94878	1	1.0385677240641242
