directed_pair_id,score
A0A063XCP1|Q7Y0H2:forward,0.000215
A0A063XCP1|Q7Y0H2:reverse,0.000186
A0A072ZPV8|P25106:forward,0.000187
A0A072ZPV8|P25106:reverse,0.000241
A0A0G4FDJ8|Q93077:forward,0.000338
A0A0G4FDJ8|Q93077:reverse,0.000153
A0A0G4HFQ7|Q13323:forward,0.005542
A0A0G4HFQ7|Q13323:reverse,0.008634
A0A0M3KL10|P70371:forward,0.001248
A0A0M3KL10|P70371:reverse,0.012058
A0A0M3KL13|Q86Y07:forward,0.000060
A0A0M3KL13|Q86Y07:reverse,0.003600
A0A1D5SLI4|A0A5S8WF90:forward,0.988945
A0A1D5SLI4|A0A5S8WF90:reverse,0.003682
A0A1D8NGI5|P28700:forward,0.000058
A0A1D8NGI5|P28700:reverse,0.000081
A0A1S3YEW3|Q9GZQ3:forward,0.000187
A0A1S3YEW3|Q9GZQ3:reverse,0.000113
A0A241XG65|P61161:forward,0.000316
A0A241XG65|P61161:reverse,0.000113
A0A287AEW0|Q96DB2:forward,0.000050
A0A287AEW0|Q96DB2:reverse,0.000062
A0A2K1IAD0|Q9NQP4:forward,0.000078
A0A2K1IAD0|Q9NQP4:reverse,0.000105
A0A2K1J0L9|Q16548:forward,0.002347
A0A2K1J0L9|Q16548:reverse,0.000222
A0A2K1JC42|Q06609:forward,0.000091
A0A2K1JC42|Q06609:reverse,0.000080
A0A2K1JDR4|C3SR12:forward,0.555618
A0A2K1JDR4|C3SR12:reverse,0.001369
A0A2K3DG79|Q96GE6:forward,0.000102
A0A2K3DG79|Q96GE6:reverse,0.000070
A0A3Q7G7F0|Q06124:forward,0.000529
A0A3Q7G7F0|Q06124:reverse,0.000614
A0A482JYH1|P48283:forward,0.000263
A0A482JYH1|P48283:reverse,0.000269
A0A4V8GZZ4|Q6IAW1:forward,0.016314
A0A4V8GZZ4|Q6IAW1:reverse,0.002752
A0A4V8H004|P68106:forward,0.000455
A0A4V8H004|P68106:reverse,0.000838
A0A4X1TFI3|O15527:forward,0.000069
A0A4X1TFI3|O15527:reverse,0.000064
A0A5C2G4I7|O14746:forward,0.001326
A0A5C2G4I7|O14746:reverse,0.000525
A0A5C2GVU3|O95718:forward,0.000071
A0A5C2GVU3|O95718:reverse,0.000098
A0A5C6J4N7|Q9Y6Q9:forward,0.004479
A0A5C6J4N7|Q9Y6Q9:reverse,0.001224
A0A5S8WF79|P11142:forward,0.022560
A0A5S8WF79|P11142:reverse,0.009762
A0A5S8WF89|A0QVB8:forward,0.996898
A0A5S8WF89|A0QVB8:reverse,0.007917
A0A8D2A9I1|P05121:forward,0.000208
A0A8D2A9I1|P05121:reverse,0.000053
A0A8W4F9W9|O60880:forward,0.000715
A0A8W4F9W9|O60880:reverse,0.000463
A0ACD6B9N1|Q3SYX9:forward,0.000121
A0ACD6B9N1|Q3SYX9:reverse,0.000077
A0QSG2|Q9UK05:forward,0.000052
A0QSG2|Q9UK05:reverse,0.000077
A0R550|A0A2K1JC42:forward,0.000559
A0R550|A0A2K1JC42:reverse,0.011448
A0T0V0|P0AFW0:forward,0.000517
A0T0V0|P0AFW0:reverse,0.000504
A1B4F2|P01738:forward,0.000075
A1B4F2|P01738:reverse,0.000093
A2P1G9|Q15306:forward,0.000552
A2P1G9|Q15306:reverse,0.000773
A5YKK6|Q58FF6:forward,0.997693
A5YKK6|Q58FF6:reverse,0.804110
A6QRA1|Q15942:forward,0.001556
A6QRA1|Q15942:reverse,0.001815
A8IH07|P60842:forward,0.000498
A8IH07|P60842:reverse,0.001096
A8IJY7|P07823:forward,0.010479
A8IJY7|P07823:reverse,0.729735
A8IL32|P51693:forward,0.000078
A8IL32|P51693:reverse,0.000083
A8IY95|P33681:forward,0.000054
A8IY95|P33681:reverse,0.000060
A8J3C3|Q13148:forward,0.000058
A8J3C3|Q13148:reverse,0.000087
A9WEV6|P61982:forward,0.001969
A9WEV6|P61982:reverse,0.001085
B3H6Z4|Q13185:forward,0.000181
B3H6Z4|Q13185:reverse,0.000238
B7U179|A8IJ60:forward,0.000070
B7U179|A8IJ60:reverse,0.000065
B8BRQ8|Q5S006:forward,0.000228
B8BRQ8|Q5S006:reverse,0.000098
B8C770|Q9BCZ4:forward,0.006422
B8C770|Q9BCZ4:reverse,0.029911
B8LEV1|P61221:forward,0.999856
B8LEV1|P61221:reverse,0.999820
C3SR52|P30530:forward,0.000226
C3SR52|P30530:reverse,0.000060
D0CD01|P13073:forward,0.092924
D0CD01|P13073:reverse,0.877782
D0CD06|Q07440:forward,0.000074
D0CD06|Q07440:reverse,0.000087
E1C9K6|O60885:forward,0.999909
E1C9K6|O60885:reverse,0.999782
E1C9L0|F1N4X0:forward,0.001202
E1C9L0|F1N4X0:reverse,0.037010
E1C9L1|P30260:forward,0.000155
E1C9L1|P30260:reverse,0.086393
E2RXT8|P43004:forward,0.999856
E2RXT8|P43004:reverse,0.999903
E3UIU0|Q96KK5:forward,0.000080
E3UIU0|Q96KK5:reverse,0.000095
E3UIU9|Q9NXA8:forward,0.000138
E3UIU9|Q9NXA8:reverse,0.000322
E9NPW6|O14021:forward,0.002870
E9NPW6|O14021:reverse,0.964207
E9NPX1|P35232:forward,0.310715
E9NPX1|P35232:reverse,0.843556
F2DAN8|B8BUW3:forward,0.000880
F2DAN8|B8BUW3:reverse,0.004259
G0RZG4|A2AGH6:forward,0.019376
G0RZG4|A2AGH6:reverse,0.013620
G0S9A0|O43516:forward,0.000053
G0S9A0|O43516:reverse,0.000066
G0SC21|O15212:forward,0.033121
G0SC21|O15212:reverse,0.552339
G0SE33|Q00342:forward,0.000058
G0SE33|Q00342:reverse,0.000050
G0SH09|Q9NPH3:forward,0.000053
G0SH09|Q9NPH3:reverse,0.000077
I0YPL4|O14793:forward,0.000055
I0YPL4|O14793:reverse,0.000072
I0YQ44|O15212:forward,0.000071
I0YQ44|O15212:reverse,0.000504
I0YQ45|A0A4V8GZZ2:forward,0.999686
I0YQ45|A0A4V8GZZ2:reverse,0.999165
I0Z687|A0A3B6PK86:forward,0.000230
I0Z687|A0A3B6PK86:reverse,0.001552
I7M8B9|P36544:forward,0.000056
I7M8B9|P36544:reverse,0.000060
O00170|Q9WV08:forward,0.000058
O00170|Q9WV08:reverse,0.000065
O00206|P43699:forward,0.000069
O00206|P43699:reverse,0.000085
O00255|P19878:forward,0.002474
O00255|P19878:reverse,0.001383
O00401|P16035:forward,0.000757
O00401|P16035:reverse,0.000123
O00459|P21796:forward,0.001782
O00459|P21796:reverse,0.000601
O02002|Q9UPQ9:forward,0.000061
O02002|Q9UPQ9:reverse,0.000061
O08538|P0DP29:forward,0.001066
O08538|P0DP29:reverse,0.006527
O14352|A0A287BAW0:forward,0.000105
O14352|A0A287BAW0:reverse,0.000126
O14543|E2RXT8:forward,0.000080
O14543|E2RXT8:reverse,0.000083
O14558|Q07954:forward,0.000059
O14558|Q07954:reverse,0.000065
O14640|Q13418:forward,0.012969
O14640|Q13418:reverse,0.030799
O14733|Q13485:forward,0.995874
O14733|Q13485:reverse,0.994368
O14745|P50613:forward,0.000416
O14745|P50613:reverse,0.000776
O14746|P08620:forward,0.000254
O14746|P08620:reverse,0.000184
O14931|Q99640:forward,0.000078
O14931|Q99640:reverse,0.000073
O14965|F2Z4C9:forward,0.011903
O14965|F2Z4C9:reverse,0.481932
O14974|Q9JJS8:forward,0.000058
O14974|Q9JJS8:reverse,0.000080
O15117|D2IYK1:forward,0.000169
O15117|D2IYK1:reverse,0.000083
O15169|Q9SY97:forward,0.000080
O15169|Q9SY97:reverse,0.000183
O15212|Q9H8M2:forward,0.005063
O15212|Q9H8M2:reverse,0.000317
O15294|Q60598:forward,0.010667
O15294|Q60598:reverse,0.000371
O15524|G5E899:forward,0.000084
O15524|G5E899:reverse,0.000093
O15527|A0A3Q7G7F0:forward,0.000073
O15527|A0A3Q7G7F0:reverse,0.000222
O22476|Q9ERR1:forward,0.000058
O22476|Q9ERR1:reverse,0.000054
O31743|P36507:forward,0.000123
O31743|P36507:reverse,0.000088
O35179|Q9UPY5:forward,0.002211
O35179|Q9UPY5:reverse,0.026432
O35625|P50990:forward,0.000355
O35625|P50990:reverse,0.003018
O42978|P42684:forward,0.000099
O42978|P42684:reverse,0.000090
O43353|Q92966:forward,0.000089
O43353|Q92966:reverse,0.000109
O43516|Q96KS0:forward,0.000069
O43516|Q96KS0:reverse,0.000068
O43521|Q9BSM1:forward,0.000490
O43521|Q9BSM1:reverse,0.003748
O43561|P68400:forward,0.074972
O43561|P68400:reverse,0.003537
O43684|P55284:forward,0.000123
O43684|P55284:reverse,0.000113
O43791|K4G2D7:forward,0.000064
O43791|K4G2D7:reverse,0.000053
O54918|P18089:forward,0.000729
O54918|P18089:reverse,0.001330
O60238|Q9PU13:forward,0.000081
O60238|Q9PU13:reverse,0.000094
O60260|P01887:forward,0.885481
O60260|P01887:reverse,0.399846
O60603|P38936:forward,0.000098
O60603|P38936:reverse,0.000139
O60674|P20339:forward,0.132776
O60674|P20339:reverse,0.980947
O60749|Q9UIM3:forward,0.000337
O60749|Q9UIM3:reverse,0.000193
O60880|A0A2R4KP93:forward,0.000355
O60880|A0A2R4KP93:reverse,0.000607
O60885|Q15910:forward,0.999538
O60885|Q15910:reverse,0.999613
O60894|Q9TM21:forward,0.017147
O60894|Q9TM21:reverse,0.001799
O65101|P14873:forward,0.000052
O65101|P14873:reverse,0.000062
O74483|Q9LTJ6:forward,0.001150
O74483|Q9LTJ6:reverse,0.000731
O75376|P08913:forward,0.000063
O75376|P08913:reverse,0.000057
O75460|S6C4S0:forward,0.001330
O75460|S6C4S0:reverse,0.000275
O75496|Q9LMA8:forward,0.001964
O75496|Q9LMA8:reverse,0.004016
O75563|P26883:forward,0.000166
O75563|P26883:reverse,0.000180
O75581|Q13185:forward,0.000068
O75581|Q13185:reverse,0.000072
O88351|Q48UF7:forward,0.931178
O88351|Q48UF7:reverse,0.010968
O89100|P28223:forward,0.000431
O89100|P28223:reverse,0.000203
O94355|Q9WUD9:forward,0.268353
O94355|Q9WUD9:reverse,0.007477
O94742|P45956:forward,0.000092
O94742|P45956:reverse,0.000085
O94776|Q5M824:forward,0.000230
O94776|Q5M824:reverse,0.041600
O95259|P01009:forward,0.000052
O95259|P01009:reverse,0.000065
O95352|Q6IP71:forward,0.000069
O95352|Q6IP71:reverse,0.000076
O95817|P60520:forward,0.002590
O95817|P60520:reverse,0.005420
O95835|P08709:forward,0.000056
O95835|P08709:reverse,0.000049
O95931|Q99731:forward,0.000056
O95931|Q99731:reverse,0.000051
P00533|F1MSX6:forward,0.991275
P00533|F1MSX6:reverse,0.972578
P00734|Q9BPX5:forward,0.000076
P00734|Q9BPX5:reverse,0.000067
P00747|P49765:forward,0.001630
P00747|P49765:reverse,0.001813
P01009|P09874:forward,0.000115
P01009|P09874:reverse,0.000275
P01019|P27361:forward,0.000134
P01019|P27361:reverse,0.000153
P01024|P06897:forward,0.000144
P01024|P06897:reverse,0.000318
P01106|Q96CV9:forward,0.488007
P01106|Q96CV9:reverse,0.928842
P01112|P17948:forward,0.904185
P01112|P17948:reverse,0.099431
P01116|A1B4F2:forward,0.025266
P01116|A1B4F2:reverse,0.943674
P01137|P98170:forward,0.991398
P01137|P98170:reverse,0.470215
P01308|Q07912:forward,0.132210
P01308|Q07912:reverse,0.001347
P01584|F2DAN8:forward,0.000065
P01584|F2DAN8:reverse,0.000052
P01730|P16581:forward,0.790346
P01730|P16581:reverse,0.988388
P01857|P07204:forward,0.001060
P01857|P07204:reverse,0.000347
P01887|P40616:forward,0.002080
P01887|P40616:reverse,0.000746
P01889|Q9WTU3:forward,0.000169
P01889|Q9WTU3:reverse,0.000148
P02309|P05310:forward,0.953158
P02309|P05310:reverse,0.827210
P02649|Q13131:forward,0.000069
P02649|Q13131:reverse,0.000100
P02730|Q12464:forward,0.002429
P02730|Q12464:reverse,0.000088
P02749|Q06265:forward,0.000067
P02749|Q06265:reverse,0.000059
P02751|Q01043:forward,0.000067
P02751|Q01043:reverse,0.000089
P02768|Q9UQB8:forward,0.000070
P02768|Q9UQB8:reverse,0.000051
P02787|A0A9X9IKM4:forward,0.002742
P02787|A0A9X9IKM4:reverse,0.000225
P03372|P35226:forward,0.999831
P03372|P35226:reverse,0.999770
P04003|Q9CXM0:forward,0.000265
P04003|Q9CXM0:reverse,0.000705
P04004|Q43485:forward,0.000073
P04004|Q43485:reverse,0.000078
P04049|Q9BXA6:forward,0.005256
P04049|Q9BXA6:reverse,0.011032
P04150|O43521:forward,0.999281
P04150|O43521:reverse,0.998105
P04214|Q8A0S2:forward,0.000402
P04214|Q8A0S2:reverse,0.000317
P04406|Q9SGH4:forward,0.001184
P04406|Q9SGH4:reverse,0.001117
P04439|Q9HC29:forward,0.033103
P04439|Q9HC29:reverse,0.000689
P04626|Q13526:forward,0.007025
P04626|Q13526:reverse,0.146234
P04637|P13165:forward,0.995083
P04637|P13165:reverse,0.941798
P04921|A0A3Q7FNQ5:forward,0.000238
P04921|A0A3Q7FNQ5:reverse,0.000336
P05019|Q14766:forward,0.000095
P05019|Q14766:reverse,0.000067
P05067|O43353:forward,0.995690
P05067|O43353:reverse,0.998479
P05106|Q13873:forward,0.899910
P05106|Q13873:reverse,0.321707
P05112|Q99497:forward,0.000061
P05112|Q99497:reverse,0.000104
P05121|P49768:forward,0.000108
P05121|P49768:reverse,0.000164
P05311|Q8MKI8:forward,0.000077
P05311|Q8MKI8:reverse,0.000064
P05362|O15524:forward,0.998394
P05362|O15524:reverse,0.994295
P05556|Q13526:forward,0.000699
P05556|Q13526:reverse,0.000366
P06213|O65101:forward,0.000100
P06213|O65101:reverse,0.000112
P06269|A0A482JYH1:forward,0.000072
P06269|A0A482JYH1:reverse,0.000065
P06280|P10415:forward,0.000687
P06280|P10415:reverse,0.000266
P06730|O00459:forward,0.001286
P06730|O00459:reverse,0.003035
P06858|P12754:forward,0.000070
P06858|P12754:reverse,0.000191
P07204|P40616:forward,0.000079
P07204|P40616:reverse,0.000075
P07550|P49597:forward,0.000090
P07550|P49597:reverse,0.000081
P07703|P29460:forward,0.000060
P07703|P29460:reverse,0.000053
P07839|P05310:forward,0.001828
P07839|P05310:reverse,0.004479
P07858|O50245:forward,0.002326
P07858|O50245:reverse,0.010245
P07900|A2P1G9:forward,0.487186
P07900|A2P1G9:reverse,0.023288
P08069|O02002:forward,0.000284
P08069|O02002:reverse,0.001638
P08134|P52891:forward,0.057748
P08134|P52891:reverse,0.016441
P08195|Q08722:forward,0.960253
P08195|Q08722:reverse,0.797055
P08581|P41220:forward,0.000264
P08581|P41220:reverse,0.000660
P08603|O50245:forward,0.000106
P08603|O50245:reverse,0.000059
P08631|Q9Y5C1:forward,0.000063
P08631|Q9Y5C1:reverse,0.000076
P08670|F2D0D5:forward,0.000062
P08670|F2D0D5:reverse,0.000083
P09038|O14807:forward,0.000140
P09038|O14807:reverse,0.000461
P09382|Q0IIM2:forward,0.000108
P09382|Q0IIM2:reverse,0.000147
P09693|P71814:forward,0.000099
P09693|P71814:reverse,0.000113
P09874|Q96524:forward,0.188293
P09874|Q96524:reverse,0.151577
P09911|P42681:forward,0.000059
P09911|P42681:reverse,0.000064
P0A7W7|Q13557:forward,0.000086
P0A7W7|Q13557:reverse,0.000088
P0A7Z4|O75575:forward,0.993396
P0A7Z4|O75575:reverse,0.520894
P0A800|O43561:forward,0.000071
P0A800|O43561:reverse,0.000073
P0A8T7|A0A2K1JDR4:forward,0.000188
P0A8T7|A0A2K1JDR4:reverse,0.000160
P0A8V2|Q14766:forward,0.000050
P0A8V2|Q14766:reverse,0.000055
P0ACI0|P98170:forward,0.191873
P0ACI0|P98170:reverse,0.037169
P0AFF0|Q50755:forward,0.773250
P0AFF0|Q50755:reverse,0.064162
P0AFF6|P09104:forward,0.000160
P0AFF6|P09104:reverse,0.000541
P0CT46|P24311:forward,0.000158
P0CT46|P24311:reverse,0.000071
P0DOX5|Q9Y2K7:forward,0.000518
P0DOX5|Q9Y2K7:reverse,0.000147
P0DP23|Q14765:forward,0.004884
P0DP23|Q14765:reverse,0.000773
P0DTC2|P11802:forward,0.003100
P0DTC2|P11802:reverse,0.000232
P10145|O60260:forward,0.047176
P10145|O60260:reverse,0.004762
P10176|P62807:forward,0.000071
P10176|P62807:reverse,0.000063
P10276|P04591:forward,0.000169
P10276|P04591:reverse,0.000988
P10321|Q01321:forward,0.000108
P10321|Q01321:reverse,0.000099
P10415|P62875:forward,0.000371
P10415|P62875:reverse,0.000208
P10417|Q13563:forward,0.024442
P10417|Q13563:reverse,0.000109
P10599|A0A2K1IAD0:forward,0.001516
P10599|A0A2K1IAD0:reverse,0.001752
P10636|A0A9X9IKM4:forward,0.903927
P10636|A0A9X9IKM4:reverse,0.940922
P10721|Q92731:forward,0.000080
P10721|Q92731:reverse,0.000065
P10793|P38632:forward,0.003265
P10793|P38632:reverse,0.004271
P11142|P01837:forward,0.926017
P11142|P01837:reverse,0.978944
P11226|Q57XL7:forward,0.000609
P11226|Q57XL7:reverse,0.000354
P11362|Q8IWJ2:forward,0.001626
P11362|Q8IWJ2:reverse,0.002046
P11717|Q6FI13:forward,0.000091
P11717|Q6FI13:reverse,0.000078
P11831|P01660:forward,0.000168
P11831|P01660:reverse,0.000132
P11940|P43405:forward,0.066719
P11940|P43405:reverse,0.001351
P12003|Q96PY5:forward,0.462805
P12003|Q96PY5:reverse,0.975857
P12004|P10288:forward,0.027210
P12004|P10288:reverse,0.155056
P12357|P13497:forward,0.000353
P12357|P13497:reverse,0.000180
P12931|P87108:forward,0.000189
P12931|P87108:reverse,0.000241
P13073|P0A8T7:forward,0.000175
P13073|P0A8T7:reverse,0.000402
P13165|Q92570:forward,0.000102
P13165|Q92570:reverse,0.000083
P13501|P06756:forward,0.001806
P13501|P06756:reverse,0.000274
P13688|P04150:forward,0.000082
P13688|P04150:reverse,0.000151
P13726|P26992:forward,0.000877
P13726|P26992:reverse,0.003477
P13987|Q8NG31:forward,0.000060
P13987|Q8NG31:reverse,0.000050
P14210|P0A7X3:forward,0.000077
P14210|P0A7X3:reverse,0.000088
P14618|P27782:forward,0.000920
P14618|P27782:reverse,0.000538
P14635|P62010:forward,0.000742
P14635|P62010:reverse,0.000251
P14778|P09874:forward,0.000118
P14778|P09874:reverse,0.000100
P14873|Q9WV32:forward,0.000232
P14873|Q9WV32:reverse,0.000311
P15018|A0A3G1AUL2:forward,0.000071
P15018|A0A3G1AUL2:reverse,0.000057
P15056|P63146:forward,0.000097
P15056|P63146:reverse,0.000223
P15172|Q5SJH3:forward,0.001308
P15172|Q5SJH3:reverse,0.000407
P15311|P08069:forward,0.949437
P15311|P08069:reverse,0.991180
P15529|Q13951:forward,0.000058
P15529|Q13951:reverse,0.000068
P15692|Q9WTU3:forward,0.000054
P15692|Q9WTU3:reverse,0.000071
P16284|Q9NVH2:forward,0.000070
P16284|Q9NVH2:reverse,0.000073
P16371|P19878:forward,0.009043
P16371|P19878:reverse,0.001338
P16471|A0A8D2A9I1:forward,0.000195
P16471|A0A8D2A9I1:reverse,0.000368
P16858|Q07813:forward,0.044892
P16858|Q07813:reverse,0.015244
P17227|Q94AH6:forward,0.681968
P17227|Q94AH6:reverse,0.002734
P17275|Q8IZQ8:forward,0.000096
P17275|Q8IZQ8:reverse,0.000072
P17813|Q92731:forward,0.000072
P17813|Q92731:reverse,0.000070
P18031|Q9NWQ8:forward,0.030946
P18031|Q9NWQ8:reverse,0.009415
P18263|Q13794:forward,0.004283
P18263|Q13794:reverse,0.995798
P18384|O14640:forward,0.000099
P18384|O14640:reverse,0.000210
P18526|Q04206:forward,0.170888
P18526|Q04206:reverse,0.337758
P18887|O15123:forward,0.000050
P18887|O15123:reverse,0.000051
P19658|P12644:forward,0.000079
P19658|P12644:reverse,0.000558
P19793|P78324:forward,0.000056
P19793|P78324:reverse,0.000059
P19838|O75569:forward,0.282596
P19838|O75569:reverse,0.123919
P19878|Q07666:forward,0.112466
P19878|Q07666:reverse,0.902159
P20248|Q86W24:forward,0.008022
P20248|Q86W24:reverse,0.001396
P20339|P35250:forward,0.000080
P20339|P35250:reverse,0.000127
P20701|P12023:forward,0.997783
P20701|P12023:reverse,0.997247
P20936|Q15797:forward,0.996194
P20936|Q15797:reverse,0.959605
P20998|Q00526:forward,0.005938
P20998|Q00526:reverse,0.043782
P21187|Q13557:forward,0.001554
P21187|Q13557:reverse,0.000225
P21554|Q96AV8:forward,0.000050
P21554|Q96AV8:reverse,0.000050
P21708|Q04207:forward,0.999509
P21708|Q04207:reverse,0.997776
P21796|O75581:forward,0.980967
P21796|O75581:reverse,0.979469
P22087|A4VE64:forward,0.000088
P22087|A4VE64:reverse,0.000163
P22455|Q01705:forward,0.006098
P22455|Q01705:reverse,0.003955
P22681|P49137:forward,0.487184
P22681|P49137:reverse,0.104765
P23771|A0A0G4HFQ7:forward,0.000112
P23771|A0A0G4HFQ7:reverse,0.000305
P24394|P01750:forward,0.997643
P24394|P01750:reverse,0.999654
P24482|Q13555:forward,0.000078
P24482|Q13555:reverse,0.000072
P24863|P00488:forward,0.000105
P24863|P00488:reverse,0.000054
P24941|P05067:forward,0.011897
P24941|P05067:reverse,0.445592
P25054|Q91ZX7:forward,0.000049
P25054|Q91ZX7:reverse,0.000060
P25106|P51149:forward,0.004157
P25106|P51149:reverse,0.000598
P25342|Q9BQE4:forward,0.000197
P25342|Q9BQE4:reverse,0.000297
P25445|Q8IZD4:forward,0.810476
P25445|Q8IZD4:reverse,0.269636
P25685|P42679:forward,0.000252
P25685|P42679:reverse,0.000169
P25942|Q9HAW0:forward,0.000127
P25942|Q9HAW0:reverse,0.000093
P25963|Q07657:forward,0.978289
P25963|Q07657:reverse,0.247360
P26022|P62875:forward,0.000057
P26022|P62875:reverse,0.000062
P26288|P27512:forward,0.000055
P26288|P27512:reverse,0.000142
P26358|O14965:forward,0.958180
P26358|O14965:reverse,0.701840
P26441|P19438:forward,0.002234
P26441|P19438:reverse,0.000660
P27487|F2Z4C9:forward,0.000192
P27487|F2Z4C9:reverse,0.000076
P27521|P98170:forward,0.976465
P27521|P98170:reverse,0.525319
P27918|O89100:forward,0.000089
P27918|O89100:reverse,0.000085
P27986|P01116:forward,0.999489
P27986|P01116:reverse,0.999381
P28159|Q15311:forward,0.000279
P28159|Q15311:reverse,0.000091
P28632|Q14669:forward,0.000103
P28632|Q14669:reverse,0.000063
P28799|Q62986:forward,0.004969
P28799|Q62986:reverse,0.002211
P29317|P51587:forward,0.000062
P29317|P51587:reverse,0.000060
P29353|P63041:forward,0.023581
P29353|P63041:reverse,0.000163
P29475|P26288:forward,0.000051
P29475|P26288:reverse,0.000049
P29590|P07204:forward,0.000178
P29590|P07204:reverse,0.000142
P30101|F1M9D6:forward,0.000303
P30101|F1M9D6:reverse,0.000808
P30260|O08538:forward,0.000082
P30260|O08538:reverse,0.000056
P30530|P14210:forward,0.006080
P30530|P14210:reverse,0.003387
P30561|Q62386:forward,0.000063
P30561|Q62386:reverse,0.000059
P31016|Q9Y6W8:forward,0.000256
P31016|Q9Y6W8:reverse,0.000498
P31376|Q38997:forward,0.000276
P31376|Q38997:reverse,0.000133
P31749|P27782:forward,0.999843
P31749|P27782:reverse,0.999606
P31948|P20435:forward,0.018946
P31948|P20435:reverse,0.996068
P32481|Q9Y2K7:forward,0.000245
P32481|Q9Y2K7:reverse,0.000274
P32830|O00459:forward,0.000057
P32830|O00459:reverse,0.000078
P32844|Q712K3:forward,0.000070
P32844|Q712K3:reverse,0.000069
P33332|Q96EP0:forward,0.002936
P33332|Q96EP0:reverse,0.000636
P33448|Q9UDY2:forward,0.000071
P33448|Q9UDY2:reverse,0.000183
P33992|P25106:forward,0.000139
P33992|P25106:reverse,0.000170
P33993|Q5TA45:forward,0.972782
P33993|Q5TA45:reverse,0.999730
P34900|A1Z8I0:forward,0.000066
P34900|A1Z8I0:reverse,0.000140
P34998|P56766:forward,0.000070
P34998|P56766:reverse,0.000110
P35222|F8VQ72:forward,0.142119
P35222|F8VQ72:reverse,0.003855
P35251|Q48UF7:forward,0.000093
P35251|Q48UF7:reverse,0.000076
P35590|P53355:forward,0.000055
P35590|P53355:reverse,0.000080
P35637|Q9UPY5:forward,0.000094
P35637|Q9UPY5:reverse,0.000103
P35918|P24408:forward,0.001186
P35918|P24408:reverse,0.029555
P35968|Q9UJY5:forward,0.000054
P35968|Q9UJY5:reverse,0.000067
P36040|O60749:forward,0.000127
P36040|O60749:reverse,0.000570
P36886|P56658:forward,0.000222
P36886|P56658:reverse,0.000087
P37840|Q32L40:forward,0.973454
P37840|Q32L40:reverse,0.999650
P38203|E3UIU1:forward,0.000062
P38203|E3UIU1:reverse,0.000060
P38919|P21279:forward,0.000287
P38919|P21279:reverse,0.001842
P38936|Q07913:forward,0.998785
P38936|Q07913:reverse,0.998292
P39075|P49137:forward,0.000120
P39075|P49137:reverse,0.000152
P39429|P84022:forward,0.999506
P39429|P84022:reverse,0.999689
P39447|O75293:forward,0.007361
P39447|O75293:reverse,0.000135
P39744|Q15788:forward,0.000050
P39744|Q15788:reverse,0.000047
P40070|P26288:forward,0.000057
P40070|P26288:reverse,0.000050
P40189|Q9QUR7:forward,0.000375
P40189|Q9QUR7:reverse,0.000104
P40200|O60885:forward,0.000103
P40200|O60885:reverse,0.000112
P40208|P01865:forward,0.000104
P40208|P01865:reverse,0.000133
P40238|P62999:forward,0.773507
P40238|P62999:reverse,0.989061
P40337|P40200:forward,0.000306
P40337|P40200:reverse,0.000113
P40359|Q86Y07:forward,0.000202
P40359|Q86Y07:reverse,0.000300
P40422|Q9NQP4:forward,0.002306
P40422|Q9NQP4:reverse,0.161131
P40763|P10686:forward,0.000204
P40763|P10686:reverse,0.000965
P41002|P01865:forward,0.000064
P41002|P01865:reverse,0.000149
P41143|Q9TM23:forward,0.000275
P41143|Q9TM23:reverse,0.000097
P41220|Q6N095:forward,0.012657
P41220|Q6N095:reverse,0.070668
P41240|Q3ZBH0:forward,0.000286
P41240|Q3ZBH0:reverse,0.000247
P41806|P21728:forward,0.000094
P41806|P21728:reverse,0.000176
P42224|G0S3J8:forward,0.036732
P42224|G0S3J8:reverse,0.095774
P42574|A0A0F6NFW5:forward,0.002059
P42574|A0A0F6NFW5:reverse,0.002038
P42768|Q6UUV7:forward,0.000166
P42768|Q6UUV7:reverse,0.000696
P42771|P52294:forward,0.452075
P42771|P52294:reverse,0.840496
P42858|Q6ZW49:forward,0.000324
P42858|Q6ZW49:reverse,0.000092
P43254|Q8N2S1:forward,0.000071
P43254|Q8N2S1:reverse,0.000053
P43403|A0A063X781:forward,0.000159
P43403|A0A063X781:reverse,0.000133
P43628|O95817:forward,0.000068
P43628|O95817:reverse,0.000111
P43629|O43791:forward,0.000076
P43629|O43791:reverse,0.000074
P43632|Q01705:forward,0.000798
P43632|Q01705:reverse,0.000152
P43699|P04406:forward,0.003309
P43699|P04406:reverse,0.001709
P45984|Q8NB78:forward,0.000399
P45984|Q8NB78:reverse,0.000230
P46108|P01730:forward,0.001795
P46108|P01730:reverse,0.454708
P46527|A9WEV4:forward,0.000059
P46527|A9WEV4:reverse,0.000048
P46937|P09341:forward,0.000148
P46937|P09341:reverse,0.002240
P46940|P01660:forward,0.236347
P46940|P01660:reverse,0.000386
P47017|P05311:forward,0.000055
P47017|P05311:reverse,0.000069
P47093|Q9SY97:forward,0.000087
P47093|Q9SY97:reverse,0.000059
P48552|F1MSX6:forward,0.001016
P48552|F1MSX6:reverse,0.009414
P48643|P49597:forward,0.000226
P48643|P49597:reverse,0.000176
P48736|P26288:forward,0.000049
P48736|P26288:reverse,0.000048
P49005|P62826:forward,0.924515
P49005|P62826:reverse,0.997924
P49137|Q12834:forward,0.008697
P49137|Q12834:reverse,0.004152
P49366|Q7LBR1:forward,0.000067
P49366|Q7LBR1:reverse,0.000059
P49407|Q9H9Q2:forward,0.006344
P49407|Q9H9Q2:reverse,0.000440
P49597|Q13576:forward,0.000642
P49597|Q13576:reverse,0.000302
P49763|P32830:forward,0.000139
P49763|P32830:reverse,0.000151
P49764|Q00403:forward,0.004092
P49764|Q00403:reverse,0.000759
P49767|P06269:forward,0.000053
P49767|P06269:reverse,0.000049
P49768|O14021:forward,0.009691
P49768|O14021:reverse,0.001514
P49769|P63092:forward,0.000255
P49769|P63092:reverse,0.055841
P49841|P26441:forward,0.004386
P49841|P26441:reverse,0.002737
P49960|P18507:forward,0.000071
P49960|P18507:reverse,0.000055
P50281|Q9UKV0:forward,0.000060
P50281|Q9UKV0:reverse,0.000053
P50549|O60573:forward,0.000238
P50549|O60573:reverse,0.012368
P50570|P00750:forward,0.000154
P50570|P00750:reverse,0.000186
P50591|P15153:forward,0.014067
P50591|P15153:reverse,0.047447
P50616|P9WGZ1:forward,0.000216
P50616|P9WGZ1:reverse,0.001030
P51114|Q39615:forward,0.000095
P51114|Q39615:reverse,0.000169
P51532|P39429:forward,0.052617
P51532|P39429:reverse,0.198780
P51572|Q9DBG3:forward,0.020157
P51572|Q9DBG3:reverse,0.001139
P51587|Q9FL28:forward,0.000062
P51587|Q9FL28:reverse,0.000062
P51610|Q01043:forward,0.059762
P51610|Q01043:reverse,0.012503
P51677|Q9DBG3:forward,0.000313
P51677|Q9DBG3:reverse,0.000531
P51812|P48643:forward,0.007947
P51812|P48643:reverse,0.028796
P52292|P43034:forward,0.997292
P52292|P43034:reverse,0.947253
P52564|Q96B97:forward,0.893227
P52564|Q96B97:reverse,0.039230
P52565|P18089:forward,0.000073
P52565|P18089:reverse,0.000054
P52630|A0A5S8WF91:forward,0.969446
P52630|A0A5S8WF91:reverse,0.348721
P52631|Q06609:forward,0.156729
P52631|Q06609:reverse,0.999640
P52948|Q9C639:forward,0.000166
P52948|Q9C639:reverse,0.000195
P53011|Q96KS0:forward,0.000175
P53011|Q96KS0:reverse,0.000392
P53041|Q62406:forward,0.257861
P53041|Q62406:reverse,0.627596
P53073|Q14790:forward,0.000057
P53073|Q14790:reverse,0.000177
P53197|P02829:forward,0.972117
P53197|P02829:reverse,0.973851
P53355|P61158:forward,0.052212
P53355|P61158:reverse,0.008047
P53396|P25025:forward,0.000095
P53396|P25025:reverse,0.000171
P53840|A0A4X1TFI3:forward,0.000060
P53840|A0A4X1TFI3:reverse,0.000092
P53905|P10288:forward,0.002271
P53905|P10288:reverse,0.001632
P54784|O88602:forward,0.000050
P54784|O88602:reverse,0.000057
P55957|Q9NQP4:forward,0.000087
P55957|Q9NQP4:reverse,0.000130
P56704|P29469:forward,0.000065
P56704|P29469:reverse,0.000061
P56766|A7MB62:forward,0.000232
P56766|A7MB62:reverse,0.000089
P56945|Q06265:forward,0.000053
P56945|Q06265:reverse,0.000073
P59768|O14763:forward,0.999642
P59768|O14763:reverse,0.394687
P60238|P41143:forward,0.000075
P60238|P41143:reverse,0.000073
P60484|P46196:forward,0.999820
P60484|P46196:reverse,0.999830
P60842|Q9M1J2:forward,0.146681
P60842|Q9M1J2:reverse,0.041035
P60880|O75970:forward,0.004817
P60880|O75970:reverse,0.006528
P60896|P84022:forward,0.003715
P60896|P84022:reverse,0.006281
P60953|P40227:forward,0.008793
P60953|P40227:reverse,0.002377
P61024|Q8DIN9:forward,0.000636
P61024|Q8DIN9:reverse,0.000211
P61073|P24063:forward,0.001526
P61073|P24063:reverse,0.021363
P61157|Q8IVW4:forward,0.040354
P61157|Q8IVW4:reverse,0.004365
P61158|P29317:forward,0.006369
P61158|P29317:reverse,0.027837
P61221|Q9UNP9:forward,0.074784
P61221|Q9UNP9:reverse,0.019269
P61586|Q13185:forward,0.002055
P61586|Q13185:reverse,0.001556
P61769|P61221:forward,0.000405
P61769|P61221:reverse,0.002623
P62010|A0A063X781:forward,0.999949
P62010|A0A063X781:reverse,0.999941
P62136|P52565:forward,0.268443
P62136|P52565:reverse,0.062904
P62805|Q9UJX5:forward,0.999857
P62805|Q9UJX5:reverse,0.999114
P62875|P56704:forward,0.000066
P62875|P56704:reverse,0.000082
P62877|O14746:forward,0.999637
P62877|O14746:reverse,0.999593
P62913|A0A1S4CIZ9:forward,0.000105
P62913|A0A1S4CIZ9:reverse,0.000067
P62937|Q06245:forward,0.000080
P62937|Q06245:reverse,0.000102
P62987|Q86UT5:forward,0.000098
P62987|Q86UT5:reverse,0.000123
P62993|P28700:forward,0.362602
P62993|P28700:reverse,0.264383
P63000|O14746:forward,0.648495
P63000|O14746:reverse,0.003509
P63096|P21708:forward,0.977650
P63096|P21708:reverse,0.420498
P63244|O88522:forward,0.997878
P63244|O88522:reverse,0.999244
P67870|O54918:forward,0.998669
P67870|O54918:reverse,0.999613
P68135|Q99638:forward,0.000241
P68135|Q99638:reverse,0.000179
P70039|A9WEV7:forward,0.000052
P70039|A9WEV7:reverse,0.000056
P70444|P33992:forward,0.000202
P70444|P33992:reverse,0.000709
P78406|P98164:forward,0.000108
P78406|P98164:reverse,0.000081
P80377|P53073:forward,0.994083
P80377|P53073:reverse,0.999708
P80883|P21187:forward,0.000091
P80883|P21187:reverse,0.000217
P84077|P08913:forward,0.000243
P84077|P08913:reverse,0.001383
P87310|P23993:forward,0.000070
P87310|P23993:reverse,0.000084
P92276|Q8CFN2:forward,0.560784
P92276|Q8CFN2:reverse,0.997596
P92558|P70039:forward,0.000049
P92558|P70039:reverse,0.000051
P97953|Q980R1:forward,0.000074
P97953|Q980R1:reverse,0.000109
P98172|P62987:forward,0.032203
P98172|P62987:reverse,0.000678
P9WGY5|P13192:forward,0.000077
P9WGY5|P13192:reverse,0.000075
P9WGZ1|Q8R4L0:forward,0.000052
P9WGZ1|Q8R4L0:reverse,0.000054
P9WPS1|Q3UJU9:forward,0.000263
P9WPS1|Q3UJU9:reverse,0.000119
Q00534|P60896:forward,0.267239
Q00534|P60896:reverse,0.352623
Q00609|P41002:forward,0.000161
Q00609|P41002:reverse,0.000075
Q00731|Q8DIN9:forward,0.000090
Q00731|Q8DIN9:reverse,0.000087
Q00959|Q8WWW0:forward,0.000114
Q00959|Q8WWW0:reverse,0.000071
Q00987|O95718:forward,0.136726
Q00987|O95718:reverse,0.022936
Q01082|P28631:forward,0.000068
Q01082|P28631:reverse,0.000068
Q01321|Q9PVK1:forward,0.000070
Q01321|Q9PVK1:reverse,0.000544
Q01667|P22748:forward,0.000298
Q01667|P22748:reverse,0.000349
Q01853|O75376:forward,0.001561
Q01853|O75376:reverse,0.087630
Q01968|P25342:forward,0.099882
Q01968|P25342:reverse,0.001857
Q02156|Q96CV9:forward,0.002020
Q02156|Q96CV9:reverse,0.000417
Q02248|Q9Y2K7:forward,0.012621
Q02248|Q9Y2K7:reverse,0.017496
Q02297|O60749:forward,0.000198
Q02297|O60749:reverse,0.001660
Q02750|P27487:forward,0.000206
Q02750|P27487:reverse,0.004215
Q03135|P68135:forward,0.965103
Q03135|P68135:reverse,0.892470
Q03164|Q13636:forward,0.000063
Q03164|Q13636:reverse,0.000060
Q03181|Q5FWN0:forward,0.000088
Q03181|Q5FWN0:reverse,0.000069
Q03405|P16104:forward,0.059168
Q03405|P16104:reverse,0.002627
Q04637|P49682:forward,0.000055
Q04637|P49682:reverse,0.000056
Q04771|P53671:forward,0.000319
Q04771|P53671:reverse,0.007717
Q04864|P35232:forward,0.090747
Q04864|P35232:reverse,0.008527
Q05397|Q14653:forward,0.066714
Q05397|Q14653:reverse,0.024529
Q05541|P53778:forward,0.006303
Q05541|P53778:reverse,0.003821
Q06124|Q63472:forward,0.000202
Q06124|Q63472:reverse,0.000093
Q06187|O14974:forward,0.976929
Q06187|O14974:reverse,0.952907
Q06265|P36544:forward,0.000077
Q06265|P36544:reverse,0.000050
Q07157|Q96CA5:forward,0.006225
Q07157|Q96CA5:reverse,0.000378
Q07657|Q63754:forward,0.000175
Q07657|Q63754:reverse,0.000151
Q07812|Q60943:forward,0.818647
Q07812|Q60943:reverse,0.897946
Q07817|P63010:forward,0.002201
Q07817|P63010:reverse,0.004752
Q07820|Q96J02:forward,0.120510
Q07820|Q96J02:reverse,0.042780
Q07912|Q8WYR1:forward,0.000098
Q07912|Q8WYR1:reverse,0.000213
Q07913|P0DOX7:forward,0.000115
Q07913|P0DOX7:reverse,0.000333
Q08162|P41002:forward,0.000067
Q08162|P41002:reverse,0.000065
Q08722|O15123:forward,0.000121
Q08722|O15123:reverse,0.000222
Q08749|Q8IZD4:forward,0.000052
Q08749|Q8IZD4:reverse,0.000058
Q08881|P01040:forward,0.000103
Q08881|P01040:reverse,0.000292
Q08999|Q861F7:forward,0.000058
Q08999|Q861F7:reverse,0.000067
Q09472|Q86VX2:forward,0.000083
Q09472|Q86VX2:reverse,0.000072
Q0IIM2|Q8N2S1:forward,0.000050
Q0IIM2|Q8N2S1:reverse,0.000052
Q12464|Q14669:forward,0.017758
Q12464|Q14669:reverse,0.281633
Q12509|A0A2K1JLZ3:forward,0.000077
Q12509|A0A2K1JLZ3:reverse,0.000070
Q12824|P41143:forward,0.000051
Q12824|P41143:reverse,0.000059
Q12888|P51812:forward,0.001458
Q12888|P51812:reverse,0.000215
Q12933|P61769:forward,0.999408
Q12933|P61769:reverse,0.995051
Q13077|Q13618:forward,0.178028
Q13077|Q13618:reverse,0.515655
Q13094|Q9Z261:forward,0.000132
Q13094|Q9Z261:reverse,0.000086
Q13098|P0A6Y1:forward,0.026245
Q13098|P0A6Y1:reverse,0.003352
Q13153|Q9UQE7:forward,0.005723
Q13153|Q9UQE7:reverse,0.101244
Q13241|Q15796:forward,0.000062
Q13241|Q15796:reverse,0.000051
Q13263|Q39193:forward,0.007088
Q13263|Q39193:reverse,0.003677
Q13309|P63096:forward,0.000360
Q13309|P63096:reverse,0.001478
Q13323|P60880:forward,0.001353
Q13323|P60880:reverse,0.001888
Q13485|Q6PIL8:forward,0.000123
Q13485|Q6PIL8:reverse,0.000618
Q13501|O35082:forward,0.000353
Q13501|O35082:reverse,0.017401
Q13541|P35590:forward,0.000050
Q13541|P35590:reverse,0.000055
Q13546|O43353:forward,0.997971
Q13546|O43353:reverse,0.997359
Q13555|Q05923:forward,0.000546
Q13555|Q05923:reverse,0.010501
Q13563|P18418:forward,0.031898
Q13563|P18418:reverse,0.003169
Q13569|Q9UP38:forward,0.000108
Q13569|Q9UP38:reverse,0.000072
Q13576|P12277:forward,0.001692
Q13576|P12277:reverse,0.860990
Q13596|Q01321:forward,0.000063
Q13596|Q01321:reverse,0.000057
Q13616|P20339:forward,0.992715
Q13616|P20339:reverse,0.992387
Q13618|Q04207:forward,0.999226
Q13618|Q04207:reverse,0.993952
Q13705|P11152:forward,0.000161
Q13705|P11152:reverse,0.003187
Q13794|P63165:forward,0.000534
Q13794|P63165:reverse,0.132593
Q13873|Q9UFF9:forward,0.001049
Q13873|Q9UFF9:reverse,0.001637
Q13905|Q8NHM5:forward,0.000048
Q13905|Q8NHM5:reverse,0.000071
Q13951|Q12983:forward,0.000417
Q13951|Q12983:reverse,0.000369
Q14145|Q99104:forward,0.066087
Q14145|Q99104:reverse,0.925759
Q14164|P25942:forward,0.999002
Q14164|P25942:reverse,0.999775
Q14242|Q1JP79:forward,0.000066
Q14242|Q1JP79:reverse,0.000069
Q14669|Q9UKG1:forward,0.014001
Q14669|Q9UKG1:reverse,0.160778
Q14790|Q12888:forward,0.114581
Q14790|Q12888:reverse,0.708598
Q14896|Q9BQI3:forward,0.002282
Q14896|Q9BQI3:reverse,0.000466
Q14943|P42227:forward,0.000129
Q14943|P42227:reverse,0.000074
Q14BN4|O75970:forward,0.017238
Q14BN4|O75970:reverse,0.001800
Q15078|P26022:forward,0.000258
Q15078|P26022:reverse,0.001067
Q15116|M2Y652:forward,0.000054
Q15116|M2Y652:reverse,0.000056
Q15185|A0A5C6J4N7:forward,0.602603
Q15185|A0A5C6J4N7:reverse,0.988991
Q15311|Q9BYT3:forward,0.005362
Q15311|Q9BYT3:reverse,0.012197
Q15369|A0A2R4KP93:forward,0.000465
Q15369|A0A2R4KP93:reverse,0.000315
Q15370|Q32PE0:forward,0.999723
Q15370|Q32PE0:reverse,0.999586
Q15389|P30101:forward,0.000092
Q15389|P30101:reverse,0.000262
Q15418|Q3UJU9:forward,0.000583
Q15418|Q3UJU9:reverse,0.000070
Q15596|O93352:forward,0.000724
Q15596|O93352:reverse,0.000581
Q15628|A0A1D8NGI5:forward,0.000121
Q15628|A0A1D8NGI5:reverse,0.000082
Q15762|P20029:forward,0.001841
Q15762|P20029:reverse,0.001065
Q15788|Q9Z0Y9:forward,0.986393
Q15788|Q9Z0Y9:reverse,0.999774
Q15796|O95257:forward,0.275348
Q15796|O95257:reverse,0.194523
Q15831|Q06187:forward,0.784414
Q15831|Q06187:reverse,0.992348
Q15843|P49682:forward,0.000624
Q15843|P49682:reverse,0.006210
Q15942|P38203:forward,0.000205
Q15942|P38203:reverse,0.000305
Q16254|O00187:forward,0.000047
Q16254|O00187:reverse,0.000057
Q16531|P10415:forward,0.311482
Q16531|P10415:reverse,0.985277
Q16539|Q9JM54:forward,0.169383
Q16539|Q9JM54:reverse,0.774447
Q16543|Q13526:forward,0.991075
Q16543|Q13526:reverse,0.223857
Q16581|Q13794:forward,0.000769
Q16581|Q13794:reverse,0.000354
Q16611|P62937:forward,0.000381
Q16611|P62937:reverse,0.000967
Q16665|P31785:forward,0.000198
Q16665|P31785:reverse,0.000118
Q16667|P61981:forward,0.001247
Q16667|P61981:reverse,0.001112
Q1JP79|Q944A6:forward,0.000201
Q1JP79|Q944A6:reverse,0.000110
Q22MV2|Q01650:forward,0.000260
Q22MV2|Q01650:reverse,0.000065
Q22R86|Q46896:forward,0.000061
Q22R86|Q46896:reverse,0.000092
Q23RH8|A0A8D2A9I1:forward,0.000378
Q23RH8|A0A8D2A9I1:reverse,0.000267
Q24CE5|P51610:forward,0.003253
Q24CE5|P51610:reverse,0.002086
Q2FME3|P49427:forward,0.000278
Q2FME3|P49427:reverse,0.000999
Q2FW30|P17275:forward,0.000113
Q2FW30|P17275:reverse,0.000113
Q30201|P06213:forward,0.001131
Q30201|P06213:reverse,0.000600
Q32904|P04637:forward,0.026107
Q32904|P04637:reverse,0.938798
Q32L40|Q9H444:forward,0.105724
Q32L40|Q9H444:reverse,0.653073
Q32P73|Q15185:forward,0.301843
Q32P73|Q15185:reverse,0.945711
Q38876|P12357:forward,0.000053
Q38876|P12357:reverse,0.000051
Q389F5|P37870:forward,0.000110
Q389F5|P37870:reverse,0.000207
Q39615|D2IYK1:forward,0.000152
Q39615|D2IYK1:reverse,0.000133
Q3E7C1|O00401:forward,0.001247
Q3E7C1|O00401:reverse,0.000151
Q3E830|P0C6X7:forward,0.008778
Q3E830|P0C6X7:reverse,0.008514
Q3UJU9|P0A7X3:forward,0.000052
Q3UJU9|P0A7X3:reverse,0.000073
Q3ZBH0|Q83ER2:forward,0.653622
Q3ZBH0|Q83ER2:reverse,0.105667
Q41038|Q9JI12:forward,0.000063
Q41038|Q9JI12:reverse,0.000066
Q46896|P10415:forward,0.000209
Q46896|P10415:reverse,0.000447
Q495A1|Q15418:forward,0.000098
Q495A1|Q15418:reverse,0.000075
Q50297|A0A482JYH1:forward,0.000968
Q50297|A0A482JYH1:reverse,0.053768
Q54VN6|Q9VA95:forward,0.000079
Q54VN6|Q9VA95:reverse,0.000095
Q5RKV6|Q22XT1:forward,0.001416
Q5RKV6|Q22XT1:reverse,0.016154
Q5S007|P35968:forward,0.000059
Q5S007|P35968:reverse,0.000053
Q5T2W1|O15514:forward,0.000059
Q5T2W1|O15514:reverse,0.000065
Q5T9L3|E3UIU9:forward,0.998982
Q5T9L3|E3UIU9:reverse,0.998640
Q60770|Q75VY7:forward,0.000129
Q60770|Q75VY7:reverse,0.000100
Q60943|Q9Y2X3:forward,0.000057
Q60943|Q9Y2X3:reverse,0.000070
Q61483|A0A2K1JLW2:forward,0.000102
Q61483|A0A2K1JLW2:reverse,0.000159
Q62406|P50616:forward,0.000851
Q62406|P50616:reverse,0.000991
Q64337|Q9WV32:forward,0.003032
Q64337|Q9WV32:reverse,0.001931
Q66HD0|P36980:forward,0.000179
Q66HD0|P36980:reverse,0.006118
Q6NLH0|Q9UPY6:forward,0.000090
Q6NLH0|Q9UPY6:reverse,0.000060
Q6P1N0|Q9WUL5:forward,0.000089
Q6P1N0|Q9WUL5:reverse,0.000086
Q6PFX9|P01750:forward,0.000974
Q6PFX9|P01750:reverse,0.003359
Q6PJ56|P51532:forward,0.000079
Q6PJ56|P51532:reverse,0.000075
Q6UUV7|P48643:forward,0.000111
Q6UUV7|P48643:reverse,0.000152
Q6YXK4|P17544:forward,0.000500
Q6YXK4|P17544:reverse,0.000412
Q75VY6|P51693:forward,0.000057
Q75VY6|P51693:reverse,0.000090
Q75VY8|Q14790:forward,0.000174
Q75VY8|Q14790:reverse,0.000261
Q75VY9|O88602:forward,0.000061
Q75VY9|O88602:reverse,0.000053
Q7L5N1|Q9GZZ9:forward,0.004176
Q7L5N1|Q9GZZ9:reverse,0.006588
Q7Z434|P20353:forward,0.003733
Q7Z434|P20353:reverse,0.015366
Q7Z4G1|Q15831:forward,0.003693
Q7Z4G1|Q15831:reverse,0.001809
Q7Z7J7|Q12824:forward,0.000065
Q7Z7J7|Q12824:reverse,0.000061
Q7ZYJ8|P04080:forward,0.000200
Q7ZYJ8|P04080:reverse,0.003498
Q83ES8|P25054:forward,0.000207
Q83ES8|P25054:reverse,0.000107
Q86V25|O75569:forward,0.000062
Q86V25|O75569:reverse,0.000078
Q86V81|P0AFF0:forward,0.000076
Q86V81|P0AFF0:reverse,0.000053
Q86VP6|Q99638:forward,0.002668
Q86VP6|Q99638:reverse,0.005007
Q86VX2|P13501:forward,0.000056
Q86VX2|P13501:reverse,0.000056
Q86XL3|P36886:forward,0.000058
Q86XL3|P36886:reverse,0.000066
Q86Y07|O23629:forward,0.001490
Q86Y07|O23629:reverse,0.000689
Q8A1D9|P39429:forward,0.777902
Q8A1D9|P39429:reverse,0.856412
Q8BPM0|Q6J9G0:forward,0.000064
Q8BPM0|Q6J9G0:reverse,0.000058
Q8DIN9|P40984:forward,0.000349
Q8DIN9|P40984:reverse,0.000095
Q8DJZ6|Q9FVC1:forward,0.000076
Q8DJZ6|Q9FVC1:reverse,0.000063
Q8DKZ3|Q9FIF5:forward,0.000047
Q8DKZ3|Q9FIF5:reverse,0.000053
Q8DL32|G3V9R2:forward,0.000052
Q8DL32|G3V9R2:reverse,0.000058
Q8IRE3|Q9UBL3:forward,0.000120
Q8IRE3|Q9UBL3:reverse,0.000139
Q8IU60|P29496:forward,0.000174
Q8IU60|P29496:reverse,0.001732
Q8IV16|Q9JI12:forward,0.000296
Q8IV16|Q9JI12:reverse,0.000096
Q8IWJ2|Q6P9V9:forward,0.000299
Q8IWJ2|Q6P9V9:reverse,0.000206
Q8IXK0|Q12834:forward,0.000320
Q8IXK0|Q12834:reverse,0.000477
Q8IZP0|P02749:forward,0.000756
Q8IZP0|P02749:reverse,0.026515
Q8K4C2|P91943:forward,0.000058
Q8K4C2|P91943:reverse,0.000061
Q8MFA2|P42574:forward,0.000481
Q8MFA2|P42574:reverse,0.000414
Q8N0X7|Q9H8M2:forward,0.000071
Q8N0X7|Q9H8M2:reverse,0.000078
Q8N140|Q495A1:forward,0.000050
Q8N140|Q495A1:reverse,0.000050
Q8N668|Q2HR75:forward,0.001487
Q8N668|Q2HR75:reverse,0.007801
Q8N884|P15923:forward,0.000079
Q8N884|P15923:reverse,0.000218
Q8NCN4|Q75VY9:forward,0.000048
Q8NCN4|Q75VY9:reverse,0.000048
Q8NDV7|P06703:forward,0.000320
Q8NDV7|P06703:reverse,0.001111
Q8NG31|A0A5C2G4I7:forward,0.000078
Q8NG31|A0A5C2G4I7:reverse,0.000097
Q8NHL6|P25342:forward,0.000593
Q8NHL6|P25342:reverse,0.000262
Q8R4L0|P36507:forward,0.000107
Q8R4L0|P36507:reverse,0.000156
Q8WUF5|P10793:forward,0.000119
Q8WUF5|P10793:reverse,0.000101
Q8WVM7|P24732:forward,0.000368
Q8WVM7|P24732:reverse,0.000353
Q8WWW0|F1N4X0:forward,0.000060
Q8WWW0|F1N4X0:reverse,0.000068
Q92692|Q96DB2:forward,0.000051
Q92692|Q96DB2:reverse,0.000053
Q92736|O14965:forward,0.004099
Q92736|O14965:reverse,0.000553
Q92769|P04921:forward,0.000125
Q92769|P04921:reverse,0.000059
Q92793|P15172:forward,0.005551
Q92793|P15172:reverse,0.006847
Q92905|P0ABS1:forward,0.002295
Q92905|P0ABS1:reverse,0.022446
Q92966|Q7Z4G1:forward,0.000569
Q92966|Q7Z4G1:reverse,0.137065
Q93034|P61982:forward,0.028794
Q93034|P61982:reverse,0.054348
Q944A6|P07611:forward,0.000081
Q944A6|P07611:reverse,0.000096
Q94AH6|A0A1S4CKK0:forward,0.001427
Q94AH6|A0A1S4CKK0:reverse,0.116159
Q94F62|P63165:forward,0.002656
Q94F62|P63165:reverse,0.000439
Q969H0|P52294:forward,0.995575
Q969H0|P52294:reverse,0.996771
Q96AV8|P15172:forward,0.136790
Q96AV8|P15172:reverse,0.003956
Q96B67|Q9HBH9:forward,0.000570
Q96B67|Q9HBH9:reverse,0.002681
Q96B86|Q6N095:forward,0.122835
Q96B86|Q6N095:reverse,0.155459
Q96CV9|Q06609:forward,0.005573
Q96CV9|Q06609:reverse,0.006465
Q96E09|Q9BV36:forward,0.000059
Q96E09|Q9BV36:reverse,0.000110
Q96EP0|A0A287BAW0:forward,0.000098
Q96EP0|A0A287BAW0:reverse,0.000072
Q96F46|P56704:forward,0.015857
Q96F46|P56704:reverse,0.001324
Q96FW1|Q96DB2:forward,0.022244
Q96FW1|Q96DB2:reverse,0.030647
Q96J02|Q7L523:forward,0.000188
Q96J02|Q7L523:reverse,0.000142
Q96P20|O95831:forward,0.001347
Q96P20|O95831:reverse,0.000240
Q980R1|P56658:forward,0.000093
Q980R1|P56658:reverse,0.000101
Q99075|P60510:forward,0.000051
Q99075|P60510:reverse,0.000080
Q99104|P70444:forward,0.000107
Q99104|P70444:reverse,0.003296
Q99471|O15514:forward,0.011756
Q99471|O15514:reverse,0.005438
Q99497|Q02297:forward,0.007577
Q99497|Q02297:reverse,0.000884
Q99638|A0ACD6B9N1:forward,0.000072
Q99638|A0ACD6B9N1:reverse,0.000060
Q99816|P01837:forward,0.053518
Q99816|P01837:reverse,0.002349
Q99873|P05362:forward,0.000051
Q99873|P05362:reverse,0.000068
Q99N57|P36507:forward,0.979756
Q99N57|P36507:reverse,0.998532
Q9AU02|P25815:forward,0.073137
Q9AU02|P25815:reverse,0.000128
Q9BPZ7|Q9S7N7:forward,0.000066
Q9BPZ7|Q9S7N7:reverse,0.000065
Q9BQ15|P10914:forward,0.000123
Q9BQ15|P10914:reverse,0.000103
Q9BQE4|P04150:forward,0.000112
Q9BQE4|P04150:reverse,0.000631
Q9BQI3|O94355:forward,0.000497
Q9BQI3|O94355:reverse,0.003088
Q9BS18|Q9R0Q7:forward,0.228279
Q9BS18|Q9R0Q7:reverse,0.995267
Q9BSM1|Q9V195:forward,0.001352
Q9BSM1|Q9V195:reverse,0.000556
Q9BST9|Q9R1B9:forward,0.000061
Q9BST9|Q9R1B9:reverse,0.000063
Q9BTE1|Q9C639:forward,0.000156
Q9BTE1|Q9C639:reverse,0.000307
Q9BV36|Q07157:forward,0.000140
Q9BV36|Q07157:reverse,0.000115
Q9BVC4|P07900:forward,0.997515
Q9BVC4|P07900:reverse,0.998466
Q9BXW9|Q07817:forward,0.000198
Q9BXW9|Q07817:reverse,0.013459
Q9BYF1|Q60770:forward,0.000105
Q9BYF1|Q60770:reverse,0.000101
Q9ESN9|A7U8D2:forward,0.992492
Q9ESN9|A7U8D2:reverse,0.991362
Q9FIF5|I0YQ45:forward,0.000097
Q9FIF5|I0YQ45:reverse,0.000098
Q9FN03|P63146:forward,0.001088
Q9FN03|P63146:reverse,0.000347
Q9GZM8|Q77YG1:forward,0.001309
Q9GZM8|Q77YG1:reverse,0.000290
Q9GZQ8|Q9MYV3:forward,0.000090
Q9GZQ8|Q9MYV3:reverse,0.000077
Q9GZZ9|P16710:forward,0.000106
Q9GZZ9|P16710:reverse,0.000053
Q9H0B6|Q9Y6R1:forward,0.000117
Q9H0B6|Q9Y6R1:reverse,0.000125
Q9H0H5|Q32L40:forward,0.376809
Q9H0H5|Q32L40:reverse,0.400781
Q9H0R8|Q9Y4K3:forward,0.999314
Q9H0R8|Q9Y4K3:reverse,0.995963
Q9H269|P55211:forward,0.000220
Q9H269|P55211:reverse,0.001163
Q9H3P7|Q9H9Q2:forward,0.000576
Q9H3P7|Q9H9Q2:reverse,0.000129
Q9H6Z4|P78371:forward,0.000168
Q9H6Z4|P78371:reverse,0.002745
Q9H9Q2|Q1HFW2:forward,0.000303
Q9H9Q2|Q1HFW2:reverse,0.000511
Q9HAU4|P61221:forward,0.034315
Q9HAU4|P61221:reverse,0.000600
Q9HB71|Q32PE0:forward,0.026601
Q9HB71|Q32PE0:reverse,0.041577
Q9I9A7|Q9FJE8:forward,0.946773
Q9I9A7|Q9FJE8:reverse,0.946091
Q9JM54|P49761:forward,0.000168
Q9JM54|P49761:reverse,0.000215
Q9LMA8|Q8WYR1:forward,0.000371
Q9LMA8|Q8WYR1:reverse,0.000066
Q9MA75|P08069:forward,0.000382
Q9MA75|P08069:reverse,0.000090
Q9NPB6|P15923:forward,0.000061
Q9NPB6|P15923:reverse,0.000064
Q9NPF5|P30556:forward,0.001194
Q9NPF5|P30556:reverse,0.000220
Q9NQL2|P52891:forward,0.508726
Q9NQL2|P52891:reverse,0.414433
Q9NQP4|P06213:forward,0.000078
Q9NQP4|P06213:reverse,0.000087
Q9NRA8|Q5RKV6:forward,0.999519
Q9NRA8|Q5RKV6:reverse,0.997253
Q9NRI5|P63103:forward,0.039618
Q9NRI5|P63103:reverse,0.931904
Q9NRM7|A0A069PXX1:forward,0.001312
Q9NRM7|A0A069PXX1:reverse,0.000241
Q9NVH2|A0A9X9IKM4:forward,0.017414
Q9NVH2|A0A9X9IKM4:reverse,0.000148
Q9NXA8|P24593:forward,0.000172
Q9NXA8|P24593:reverse,0.000129
Q9NZQ7|P39744:forward,0.000071
Q9NZQ7|P39744:reverse,0.000086
Q9PU13|O08734:forward,0.000161
Q9PU13|O08734:reverse,0.000181
Q9QUK6|P41806:forward,0.000150
Q9QUK6|P41806:reverse,0.000102
Q9R1B9|Q944A6:forward,0.000097
Q9R1B9|Q944A6:reverse,0.000074
Q9S7N7|P01584:forward,0.000611
Q9S7N7|P01584:reverse,0.000075
Q9S7P9|Q9UNP9:forward,0.000312
Q9S7P9|Q9UNP9:reverse,0.000167
Q9SV55|P61830:forward,0.999527
Q9SV55|P61830:reverse,0.999432
Q9SY97|Q62634:forward,0.000074
Q9SY97|Q62634:reverse,0.000111
Q9TM23|P16858:forward,0.034385
Q9TM23|P16858:reverse,0.002044
Q9UBF6|P33992:forward,0.121112
Q9UBF6|P33992:reverse,0.031031
Q9UBL3|Q9BVA1:forward,0.000131
Q9UBL3|Q9BVA1:reverse,0.000135
Q9UHD2|P61371:forward,0.000290
Q9UHD2|P61371:reverse,0.000103
Q9UHV9|Q9UH77:forward,0.000472
Q9UHV9|Q9UH77:reverse,0.000465
Q9UHX3|Q13563:forward,0.000386
Q9UHX3|Q13563:reverse,0.000059
Q9UI95|P39688:forward,0.193121
Q9UI95|P39688:reverse,0.968295
Q9UJY4|P04004:forward,0.003077
Q9UJY4|P04004:reverse,0.001154
Q9UJY5|A0QSG2:forward,0.000066
Q9UJY5|A0QSG2:reverse,0.000050
Q9UKG1|Q08491:forward,0.048129
Q9UKG1|Q08491:reverse,0.080818
Q9UKL0|Q02326:forward,0.000100
Q9UKL0|Q02326:reverse,0.000237
Q9UKV0|Q77YG1:forward,0.000131
Q9UKV0|Q77YG1:reverse,0.000497
Q9ULW0|Q9HAU4:forward,0.000237
Q9ULW0|Q9HAU4:reverse,0.003882
Q9ULZ3|P21359:forward,0.000078
Q9ULZ3|P21359:reverse,0.000052
Q9UN37|O60684:forward,0.000060
Q9UN37|O60684:reverse,0.000064
Q9UNP9|O35625:forward,0.009095
Q9UNP9|O35625:reverse,0.817422
Q9UPY3|P25342:forward,0.000145
Q9UPY3|P25342:reverse,0.000069
Q9UQ13|P49841:forward,0.300925
Q9UQ13|P49841:reverse,0.996616
Q9UQB8|A0A4V8H004:forward,0.000056
Q9UQB8|A0A4V8H004:reverse,0.000066
Q9UQE7|Q9XIC7:forward,0.000157
Q9UQE7|Q9XIC7:reverse,0.004736
Q9USP0|P14416:forward,0.990582
Q9USP0|P14416:reverse,0.309755
Q9UUI1|Q7TNI7:forward,0.000082
Q9UUI1|Q7TNI7:reverse,0.000079
Q9V1V5|Q15306:forward,0.000055
Q9V1V5|Q15306:reverse,0.000053
Q9VB22|D0CD14:forward,0.000062
Q9VB22|D0CD14:reverse,0.000059
Q9VUZ1|O15379:forward,0.000278
Q9VUZ1|O15379:reverse,0.000119
Q9WV32|Q08491:forward,0.000095
Q9WV32|Q08491:reverse,0.000137
Q9XFH4|P14649:forward,0.000373
Q9XFH4|P14649:reverse,0.000135
Q9Y265|P04003:forward,0.000049
Q9Y265|P04003:reverse,0.000063
Q9Y2H1|Q9EP73:forward,0.000070
Q9Y2H1|Q9EP73:reverse,0.000112
Q9Y2Z0|Q05541:forward,0.032606
Q9Y2Z0|Q05541:reverse,0.111759
Q9Y3A3|P36886:forward,0.000076
Q9Y3A3|P36886:reverse,0.000146
Q9Y3I1|O88522:forward,0.983653
Q9Y3I1|O88522:reverse,0.998419
Q9Y5B9|Q8NHL6:forward,0.000065
Q9Y5B9|Q8NHL6:reverse,0.000090
Q9Y6K9|Q8IVW4:forward,0.574484
Q9Y6K9|Q8IVW4:reverse,0.961519
Q9Y6R1|O14745:forward,0.225686
Q9Y6R1|O14745:reverse,0.924825
Q9Y6W8|S6B291:forward,0.997453
Q9Y6W8|S6B291:reverse,0.999185
Q9Y7M4|Q54XI5:forward,0.312863
Q9Y7M4|Q54XI5:reverse,0.001886
Q9Z0U1|Q9P2J3:forward,0.000197
Q9Z0U1|Q9P2J3:reverse,0.000081
Q9Z266|P01344:forward,0.001233
Q9Z266|P01344:reverse,0.000730
S6B2B6|Q861F7:forward,0.998862
S6B2B6|Q861F7:reverse,0.999415
S6C4R2|Q9NXA8:forward,0.000107
S6C4R2|Q9NXA8:reverse,0.000071
