Q92496	Q92496
Q92570	Q92570
Q92570	P22736
Q92570	P10276
Q92570	P28700
Q92570	P19793
Q92598	Q92598
Q92598	P34932
Q92598	P20029
Q92598	P06761
Q92598	P07823
Q92598	P11021
Q92598	P11142
Q92598	P0DMV8
Q92598	P0DMV9
Q92598	P34930
Q92736	Q92736
Q92769	Q92769
Q92769	Q13547
Q92769	O15379
Q92769	Q96DB2
Q92793	Q92793
Q92793	Q09472
Q92800	Q92800
Q92800	Q15910
Q92851	Q92851
Q92851	O02002
Q92851	P42574
Q92851	P55211
Q92851	Q14790
Q92905	Q92905
Q92966	Q92966
Q93034	Q93034
Q944A6	Q944A6
Q969H0	Q969H0
Q969H0	P43034
Q969H0	P63005
Q96AV8	Q96AV8
Q96B86	Q96B86
Q96B97	Q96B97
Q96B97	Q9Y5K6
Q96CF2	Q96CF2
Q96CF2	Q9H444
Q96CV9	Q96CV9
Q96CV9	Q9Y6K9
Q96CV9	O88522
Q96E09	Q96E09
Q96EP0	Q96EP0
Q96F46	Q96F46
Q96F46	Q60943
Q96FW1	Q96FW1
Q96KB5	Q96KB5
Q96MF7	Q96MF7
Q96MP8	Q96MP8
Q96NY8	Q96NY8
Q96NY8	Q9NQS3
Q96NY8	Q92692
Q96NY8	P15151
Q96NY8	Q15223
Q96PU5	Q96PU5
Q96PU5	Q96J02
Q96PU5	O00308
Q96PU5	Q9HCE7
Q96PU5	Q9HAU4
Q96PY5	Q96PY5
Q96SI1	Q96SI1
Q96ST3	Q96ST3
Q96ST3	Q62141
Q980Q9	Q980Q9
Q980R1	Q980R1
Q99075	Q99075
Q99081	Q99081
Q99081	P15923
Q99104	Q99104
Q99471	Q99471
Q99497	Q99497
Q99523	Q99523
Q99523	Q6PHU5
Q99623	Q99623
Q99623	P35232
Q99638	Q99638
Q99665	Q99665
Q99731	Q99731
Q99767	Q99767
Q99814	Q99814
Q99814	Q16665
Q99814	Q61079
Q99816	Q99816
Q9AU02	Q9AU02
Q9BCZ4	Q9BCZ4
Q9BCZ4	Q9BQE4
Q9BPZ7	Q9BPZ7
Q9BQ15	Q9BQ15
Q9BQI3	Q9BQI3
Q9BS18	Q9BS18
Q9BST9	Q9BST9
Q9BTE1	Q9BTE1
Q9BV36	Q9BV36
Q9BVC4	Q9BVC4
P0C0L5	P0C0L5
P0C0L5	P01024
P0C263	P0C263
P0CF65	P0CF65
P0CF65	Q96SW2
P0CG48	P0CG48
P0CG48	P62987
P0CG48	Q15843
P0CT46	P0CT46
P0DTD1	P0DTD1
P0DTD1	P0C6X7
P0DTD1	K9N7C7
P10145	P10145
P10145	P09341
P10176	P10176
P10288	P10288
P10288	P19022
P10288	P33148
P10288	P55284
P10415	P10415
P10415	P10417
P10415	P70345
P10415	Q92843
P10415	Q07817
P10415	Q64373
P10415	Q07812
P10415	Q07813
P10415	Q16611
P10415	O08734
P10636	P10636
P10636	P19332
P11150	P11150
P11150	P06858
P11150	P11152
P11226	P11226
P11226	P39039
P11226	Q9CQI1
P11308	P11308
P11471	P11471
P11717	P11717
P11831	P11831
P11940	P11940
P11940	P21187
P12003	P12003
P12004	P12004
P12277	P12277
P12357	P12357
P12357	B6U534
P12357	Q9S7N7
P12357	A0A0M3KL13
P12357	A0A2K1JC42
P12357	P14224
P12504	P12504
P12504	Q77YG0
P12754	P12754
P12853	P12853
P13073	P13073
P13194	P13194
P13194	E1C9K6
P13194	Q9S831
P13726	P13726
P13987	P13987
P14316	P14316
P14316	P10914
P14618	P14618
P14618	P52480
P14635	P14635
P14635	P20248
P14649	P14649
P14649	P02602
P14649	P0DP23
P14649	P0DP26
P14649	P0DP29
P14649	Q96GE6
P14778	P14778
P14873	P14873
P15018	P15018
P15056	P15056
P15056	P04049
P15056	Q99N57
P15056	P10398
P15172	P15172
P15253	P15253
P15253	P18418
P15253	P27797
P15311	P15311
P15311	P26038
P15597	P15597
P15692	P15692
P15692	Q9MYV3
P15692	Q00731
P15692	P49765
P16035	P16035
P16035	P16368
P16035	P01033
P68400	P68400
P68400	P19784
P68610	P68610
P71814	P71814
P75560	P75560
P75560	A0QVB8
P75560	A0A072ZPV8
P78344	P78344
P78406	P78406
P78406	O43684
P78552	P78552
P80377	P80377
P80377	Q50297
P80377	C3SR52
P80377	Q2FW30
P80377	D0CD19
P80883	P80883
P87310	P87310
P89102	P89102
P91943	P91943
P91943	Q9NQB0
P91943	Q9UJU2
P91943	P27782
P92177	P92177
P92177	P31947
P92177	P27348
P92177	P63103
P92177	P63104
P92177	P61981
P92177	P61982
P92177	Q04917
P92276	P92276
P97710	P97710
P97710	P78324
P97710	O00241
P98164	P98164
P98164	P01130
P98164	P35951
P98164	O75581
P98164	P98155
P98164	Q91ZX7
P98164	Q07954
P98172	P98172
P98172	P52803
P98172	P20827
P9WGH5	P9WGH5
P9WGH9	P9WGH9
P9WGH9	P0AGB6
P9WGH9	P9WGG7
P9WGY5	P9WGY5
P9WGZ1	P9WGZ1
P9WGZ1	P0A7Z4
P9WIU9	P9WIU9
P9WIU9	P0AFG0
P9WPS1	P9WPS1
P9WPU9	P9WPU9
P9WPV3	P9WPV3
Q00403	Q00403
Q00609	Q00609
Q00609	P33681
Q00623	Q00623
Q00959	Q00959
Q00987	Q00987
Q00987	O15151
Q00987	O35618
Q01043	Q01043
Q01082	Q01082
Q01082	O43707
Q01082	P12814
Q01082	P35609
Q01321	Q01321
Q01321	O00483
Q01650	Q01650
Q01650	Q9UPY5
Q01853	Q01853
Q01853	Q9UN37
Q01968	Q01968
Q02241	Q02241
Q02297	Q02297
Q02326	Q02326
Q03135	Q03135
Q03164	Q03164
Q03164	Q9UMN6
Q03405	Q03405
Q03431	Q03431
Q03431	P41586
Q03431	Q16602
Q03431	P34998
Q04307	Q04307
Q04637	Q04637
Q04759	Q04759
Q04759	Q05655
Q04759	P17612
Q04759	Q15831
Q04864	Q04864
Q04864	Q04206
Q04864	Q04207
Q05397	Q05397
Q05541	Q05541
Q05586	Q05586
O88351	O88351
O88351	O14920
O88351	O15111
O88602	O88602
O88602	Q71RJ2
O88846	O88846
O88846	P78317
O89100	O89100
O89100	P62993
O89100	P62994
O94355	O94355
O94646	O94646
O94742	O94742
O94742	P60896
O94776	O94776
O95343	O95343
O95352	O95352
O95500	O95500
O95500	Q9ET38
O95500	O88551
O95500	O95832
O95500	Q9Z261
O95750	O95750
O95817	O95817
O95831	O95831
O95831	Q9Z0X1
O95835	O95835
O95835	P23443
O95835	P31749
O95835	P31750
O95835	Q02156
O95835	Q15208
O95835	Q9Y2H1
O95835	Q9NRM7
O95931	O95931
P00166	P00166
P00289	P00289
P00289	P16002
P00429	P00429
P00429	P14854
P00488	P00488
P00488	P21980
P00747	P00747
P00747	P00734
P00747	P00748
P00747	P00749
P00747	P00750
P00747	P00760
P00747	P14210
P00747	Q08048
P00747	P00742
P00747	P08709
P00747	P08246
P00813	P00813
P00813	P56658
P01009	P01009
P01009	P05154
P01009	P01008
P01009	P07093
P01019	P01019
P01040	P01040
P01040	P04080
P01106	P01106
P01236	P01236
P01241	P01241
P01584	P01584
P01730	P01730
P01738	P01738
P01887	P01887
P01887	P61769
P02299	P02299
P02299	P61830
P02299	P84233
P02299	Q71DI3
P02309	P02309
P02309	P62805
P02649	P02649
P02741	P02741
P02741	P02743
P02751	P02751
P02768	P02768
P02787	P02787
P03347	P03347
P03347	P04591
P03347	Q72497
P03347	Q77YG1
P04004	P04004
P04150	P04150
P04150	P03372
P04150	P62508
P04150	O95718
P04150	Q62986
P04150	Q92731
P04214	P04214
P04406	P04406
P04406	P16858
P04406	P46406
Q9PU13	Q9PU13
Q9QUR7	Q9QUR7
Q9QUR7	Q13526
Q9R1B9	Q9R1B9
Q9R1M7	Q9R1M7
Q9S7P9	Q9S7P9
Q9SGH4	Q9SGH4
Q9SJW9	Q9SJW9
Q9SJW9	Q9M1S9
Q9SV55	Q9SV55
Q9TM22	Q9TM22
Q9TM23	Q9TM23
Q9UBF6	Q9UBF6
Q9UBF6	P62877
Q9UBL3	Q9UBL3
Q9UBW8	Q9UBW8
Q9UBW8	Q9H9Q2
Q9UFF9	Q9UFF9
Q9UFF9	Q9UIV1
Q9UHD2	Q9UHD2
Q9UHD2	Q9R0T8
Q9UHD2	Q14164
Q9UHV9	Q9UHV9
Q9UHX3	Q9UHX3
Q9UI95	Q9UI95
Q9UIM3	Q9UIM3
Q9UJX2	Q9UJX2
Q9UJX5	Q9UJX5
Q9UJY5	Q9UJY5
Q9UJY5	Q9UJY4
Q9UK32	Q9UK32
Q9UK32	P51812
Q9UK32	Q15418
Q9UK32	O15530
Q9UK32	Q9BYT3
Q9UK32	O14733
Q9UK32	P36507
Q9UK32	Q01986
Q9UK32	Q02750
Q9UK32	P52564
Q9UK32	Q99640
Q9UKC9	Q9UKC9
Q9UKG1	Q9UKG1
Q9UKL0	Q9UKL0
Q9UKT4	Q9UKT4
Q9UKV0	Q9UKV0
Q9UL62	Q9UL62
Q9UL62	P48995
Q9ULW0	Q9ULW0
Q9ULZ3	Q9ULZ3
Q9UNH7	Q9UNH7
Q9UNH7	Q9Y5X3
Q9UNP9	Q9UNP9
Q9UNP9	P62937
Q9UNS2	Q9UNS2
Q9UNU6	Q9UNU6
Q9UPY3	Q9UPY3
Q9UPY6	Q9UPY6
Q9UPY6	Q9Y6W5
Q9UQ13	Q9UQ13
Q9UQ52	Q9UQ52
Q9UQ52	Q8IWV2
Q9UQB8	Q9UQB8
Q9UQC2	Q9UQC2
Q9UQC2	Q3ZB57
Q9UQE7	Q9UQE7
Q9US45	Q9US45
Q9USP0	Q9USP0
Q9UUI1	Q9UUI1
Q9UUI1	O94408
Q9UUI1	P38203
Q9V195	Q9V195
Q9V195	Q2FW39
Q9V195	A0A069PXX1
Q9V195	D0CG36
Q9V195	P0A7X3
Q9V1V0	Q9V1V0
Q9VA95	Q9VA95
Q9VB22	Q9VB22
Q9VSY8	Q9VSY8
Q9VUZ1	Q9VUZ1
Q9VVR2	Q9VVR2
Q9WV32	Q9WV32
Q9WV32	Q1JP79
Q9Y239	Q9Y239
Q9Y239	Q9HC29
Q9Y2C9	Q9Y2C9
Q9Y2C9	Q15399
Q9Y2C9	O60603
Q9BXW4	Q9BXW4
Q9BXW4	Q91VR7
Q9BXW4	Q9GZQ8
Q9BXW4	O95166
Q9BXW4	Q6IAW1
Q9BXW4	Q9H0R8
Q9BXW4	P38182
Q9BXW4	P60520
Q9BXW9	Q9BXW9
Q9BZW8	Q9BZW8
Q9C6B3	Q9C6B3
Q9C6B3	Q9SMN1
Q9CXM0	Q9CXM0
Q9EP73	Q9EP73
Q9EP73	Q9NZQ7
Q9EP73	Q9BQ51
Q9EP73	Q9WUL5
Q9ERR1	Q9ERR1
Q9ERR1	Q9GZM8
Q9ESN9	Q9ESN9
Q9F1L5	Q9F1L5
Q9FJE8	Q9FJE8
Q9FJE8	P04908
Q9FJE8	P04911
Q9FJE8	P04912
Q9FJE8	P06897
Q9FJE8	P16104
Q9FJE8	P27661
Q9FJE8	Q6FI13
Q9FJE8	Q7L7L0
Q9FJE8	Q93077
Q9FJE8	Q96KK5
Q9FJE8	Q99878
Q9FJE8	Q9BTM1
Q9FJE8	Q9LD28
Q9FJE8	P0C0S5
Q9FN03	Q9FN03
Q9GZQ3	Q9GZQ3
Q9GZT9	Q9GZT9
Q9GZT9	Q96KS0
Q9GZZ9	Q9GZZ9
Q9H0A8	Q9H0A8
Q9H0B6	Q9H0B6
Q9H0B6	O88447
Q9H0H5	Q9H0H5
Q9H267	Q9H267
Q9H267	Q96AX1
Q9H269	Q9H269
Q9H3P7	Q9H3P7
Q9H6Z4	Q9H6Z4
Q9H9F9	Q9H9F9
Q9HAD4	Q9HAD4
Q9HAW0	Q9HAW0
Q9HB71	Q9HB71
Q9HD36	Q9HD36
Q9I9A7	Q9I9A7
Q9JKX3	Q9JKX3
Q9JKX3	Q99376
Q9JKX3	P02786
Q9JM54	Q9JM54
Q9JM54	Q13794
Q9LMA8	Q9LMA8
Q9LMA8	Q9C5K8
Q9M1J2	Q9M1J2
Q9M1J2	O81098
Q9MA75	Q9MA75
Q9NPB6	Q9NPB6
Q9NPF5	Q9NPF5
Q9NPH3	Q9NPH3
Q9NPI1	Q9NPI1
Q9NPI1	Q9H8M2
Q9NQL2	Q9NQL2
Q9NQL2	Q9HB90
Q9NQL2	P53290
Q9NQP4	Q9NQP4
Q9NRA8	Q9NRA8
Q9NRI5	Q9NRI5
Q9NTI5	Q9NTI5
Q9NTI5	Q29RF7
Q9NV88	Q9NV88
Q9NVH2	Q9NVH2
Q9NVM9	Q9NVM9
Q9NWQ8	Q9NWQ8
Q9NWQ8	Q3U1F9
Q9NX08	Q9NX08
Q9NXA8	Q9NXA8
Q9NXK8	Q9NXK8
Q9NYB9	Q9NYB9
Q9NYB9	Q8IZP0
Q9P000	Q9P000
Q9P0M4	Q9P0M4
Q9P0M4	Q9H293
Q9P0M4	Q8VHH8
Q9P0M4	Q7TNI7
Q9P0M4	Q16552
Q9P0M4	Q62386
Q9P2J3	Q9P2J3
P43699	P43699
P45956	P45956
P46108	P46108
P46108	P46109
P46527	P46527
P46673	P46673
P46937	P46937
P46937	P46938
P46937	Q9EPK5
P46940	P46940
P46940	Q13576
P47017	P47017
P47017	P53905
P47017	O74499
P47017	P57743
P47093	P47093
P47128	P47128
P47133	P47133
P48023	P48023
P48061	P48061
P48552	P48552
P48736	P48736
P48736	Q9JHG7
P48736	P32871
P48736	P42336
P48736	P42338
P48740	P48740
P48740	O00187
P48740	Q9JJS8
P49005	P49005
P49023	P49023
P49023	Q62219
P49028	P49028
P49028	P61326
P49286	P49286
P49366	P49366
P49597	P49597
P49597	Q9FIF5
P49662	P49662
P49763	P49763
P49763	P49764
P49767	P49767
P49767	P97953
P49767	P52584
P49767	P97946
P49768	P49768
P49768	P49769
P49768	Q61144
P49960	P49960
P50281	P50281
P50549	P50549
P50549	Q9UKW6
P50570	P50570
P50591	P50591
P50616	P50616
P51114	P51114
P51159	P51159
P51159	Q9ERI2
P51159	P24408
P51159	P51149
P51159	P61006
P51159	P61007
P51159	Q9H0U4
P51159	O14966
P51159	P18066
P51159	P20339
P51159	Q13636
P51159	P62826
P51532	P51532
P51532	Q9XFH4
P51572	P51572
P51587	P51587
P51587	P97929
P51610	P51610
P51671	P51671
P51671	P13236
P51671	P13501
P51955	P51955
P51955	Q8TDX7
P51955	Q9ES74
P52286	P52286
P52286	P63208
P52286	P63209
P52294	P52294
P52294	O60684
P52294	P52292
P52565	P52565
P52630	P52630
P52630	Q14765
P52630	Q5XI26
P52630	P40763
P52630	P42227
P52630	P52631
P52630	F1M9D6
P52630	P42224
P52891	P52891
P52948	P52948
P53041	P53041
P53041	P60510
P53041	O00743
P53041	P62136
P53041	P36873
P53041	P62140
P53073	P53073
P53076	P53076
P53197	P53197
P53197	Q9UM11
P53197	Q12834
P53350	P53350
P53350	P53778
P53350	Q96QS6
P53355	P53355
P53355	P49137
P53355	Q16566
P53355	Q9HBH9
P53355	Q13555
P53355	P11275
P53355	Q13557
P53355	P50613
P53355	Q9BXA7
P53396	P53396
P53667	P53667
P53667	P53671
P53762	P53762
P53762	P27540
P16109	P16109
P16109	P16581
P16284	P16284
P16371	P16371
P16471	P16471
P16710	P16710
P17227	P17227
P17227	E9NPX1
P17227	P13165
P17230	P17230
P17230	E1C9L0
P17230	E9NPW6
P17275	P17275
P17275	P05412
P17544	P17544
P17813	P17813
P17927	P17927
P17927	P08174
P17927	P15529
P17987	P17987
P17987	Q32L40
P17987	P48643
P17987	P50991
P17987	P49368
P17987	P78371
P17987	Q3ZBH0
P17987	P50990
P18263	P18263
P18263	A0ACD6B9M4
P18384	P18384
P18507	P18507
P18507	P14867
P18510	P18510
P18510	Q8WWZ1
P18824	P18824
P18824	P35222
P18824	Q02248
P18887	P18887
P19438	P19438
P19438	P25118
P19658	P19658
P19838	P19838
P19838	Q01201
P19838	P20749
P19838	P25963
P19878	P19878
P20023	P20023
P20023	P02749
P20023	P04003
P20435	P20435
P20435	A0A4X1VEK9
P20435	F2Z4C9
P20435	Q9FJ98
P20435	Q32PE0
P20659	P20659
P20701	P20701
P20701	P24063
P20936	P20936
P20998	P20998
P21034	P21034
P21242	P21242
P21359	P21359
P21359	P97526
P21554	P21554
P21796	P21796
P21860	P21860
P21860	Q15303
P21860	P04626
P21860	P00533
P22004	P22004
P22004	P12643
P22004	P12644
P22004	Q9PVK1
P22004	Q9UK05
P22087	P22087
P22224	P22224
P22681	P22681
P22748	P22748
P22748	P48283
P23198	P23198
P23198	Q13185
P23458	P23458
P23458	O60674
P23644	P23644
P23771	P23771
P24279	P24279
P24279	P25205
P24279	P29469
P24279	P29496
P24279	P33992
P24279	P33993
P24279	P30665
P24311	P24311
P24385	P24385
P24385	P30279
P24385	P30281
P24394	P24394
P24482	P24482
P24593	P24593
P24593	P08833
P24732	P24732
P24821	P24821
P24863	P24863
P25043	P25043
P25054	P25054
P25054	P70039
O00482	O00482
O00567	O00567
O00567	Q9Y2X3
O08538	O08538
O08538	Q15389
O08538	O15123
O08538	Q9BY76
O08538	Q9Y5C1
O08689	O08689
O08689	O14793
O08808	O08808
O14021	O14021
O14543	O14543
O14543	O15524
O14558	O14558
O14625	O14625
O14640	O14640
O14746	O14746
O14807	O14807
O14807	P61224
O14807	Q15382
O14807	Q6IP71
O14807	A7U8D2
O14807	P01111
O14807	P01112
O14807	P01116
O14807	P62745
O14807	P08134
O14807	P61586
O14807	Q9QUI0
O14807	P15153
O14807	P60763
O14807	P60953
O14807	P62999
O14807	P63000
O14807	P63001
O14807	Q8CFN2
O14810	O14810
O14810	P63041
O14931	O14931
O14974	O14974
O15066	O15066
O15105	O15105
O15117	O15117
O15212	O15212
O15294	O15294
O15350	O15350
O15350	P04637
O15514	O15514
O15527	O15527
O18734	O18734
O18734	Q96A00
O18924	O18924
O18924	P37231
O18924	Q03181
O22476	O22476
O22476	Q9FL28
O22476	Q9XIC7
O22476	Q94F62
O23629	O23629
O23629	P02281
O23629	P02293
O23629	P62807
O23629	Q9FFC0
O31743	O31743
O35082	O35082
O35082	Q9UEF7
O35179	O35179
O43353	O43353
O43516	O43516
O43521	O43521
O43521	O54918
O43561	O43561
O43683	O43683
O43791	O43791
O43897	O43897
O43897	P13497
O50245	O50245
O55042	O55042
O55042	P37840
O55042	Q63754
O60238	O60238
O60238	Q12983
O60260	O60260
O60341	O60341
O60341	Q8NB78
O60353	O60353
O60353	Q13467
O60353	Q9UP38
O60353	Q14332
O60566	O60566
O60885	O60885
O60885	P25440
O60894	O60894
O65101	O65101
O65101	A0A0M3KL10
O65101	A0A2K1JDR4
O74483	O74483
O74736	O74736
O75144	O75144
O75293	O75293
O75293	O95257
O75376	O75376
O75460	O75460
O75460	Q00534
O75460	P11802
O75563	O75563
O75575	O75575
O75575	P47076
O75716	O75716
O75970	O75970
O75970	Q8VBX6
O80634	O80634
P35249	P35249
P35249	P40937
P35249	P35250
P35249	P40938
P35251	P35251
P35414	P35414
P35414	Q9WV08
P35414	P49682
P35414	P30556
P35590	P35590
P35590	Q02763
P35590	Q02858
P35637	P35637
P35916	P35916
P35916	P35917
P35916	P35968
P35916	P35918
P35916	P08631
P35916	P06239
P35916	P10721
P35916	P11362
P35916	P21802
P35916	P22455
P35916	P22607
P35916	P32577
P35916	P41240
P35916	P17948
P35916	P35969
P35916	P42681
P35916	Q00342
P35916	P36888
P36040	P36040
P36544	P36544
P36544	P49582
P36969	P36969
P36969	P18283
P38042	P38042
P38632	P38632
P38919	P38919
P38919	P60842
P38936	P38936
P39075	P39075
P39429	P39429
P39429	Q12933
P39429	Q13077
P39543	P39543
P39744	P39744
P39748	P39748
P40026	P40026
P40070	P40070
P40070	O14352
P40089	P40089
P40089	O42978
P40189	P40189
P40200	P40200
P40208	P40208
P40226	P40226
P40226	P40225
P40227	P40227
P40227	Q3MHL7
P40227	Q3T084
P40238	P40238
P40337	P40337
P40359	P40359
P40422	P40422
P41002	P41002
P41220	P41220
P41235	P41235
P41235	Q14994
P41235	Q9Y5X4
P41499	P41499
P41499	Q06124
P41499	P18031
P41806	P41806
P41895	P41895
P42081	P42081
P42229	P42229
P42575	P42575
P42684	P42684
P42684	P00519
P42684	P12931
P42684	Q9WUD9
P42684	P06241
P42684	P39688
P42684	P09769
P42684	Q06187
P42684	Q08881
P42684	P43405
P42684	P43403
P42684	Q6J9G0
P42684	O60880
P42702	P42702
P42858	P42858
P42921	P42921
P43004	P43004
P43004	P43006
P43586	P43586
P04921	P04921
P04925	P04925
P04925	P04156
P05019	P05019
P05019	P01344
P05019	P01308
P05067	P05067
P05067	P12023
P05067	Q06481
P05067	P51693
P05112	P05112
P05160	P05160
P05546	P05546
P05556	P05556
P05556	P05106
P06213	P06213
P06213	P08069
P06213	P30530
P06213	P42679
P06269	P06269
P06280	P06280
P06731	P06731
P06731	P13688
P06731	P31997
P06746	P06746
P06746	P06766
P06756	P06756
P06756	P08514
P07204	P07204
P07207	P07207
P07207	Q01705
P07358	P07358
P07358	P07357
P07470	P07470
P07611	P07611
P07703	P07703
P07858	P07858
P08195	P08195
P08487	P08487
P08487	P10686
P08487	P19174
P08581	P08581
P08581	P16056
P08670	P08670
P08887	P08887
P08887	P26992
P08913	P08913
P08913	P19328
P08913	P18089
P08913	P14416
P08913	P21728
P09038	P09038
P09038	P05230
P09038	P08620
P09038	P21781
P09382	P09382
P09382	P11762
P09382	Q9Z144
P09429	P09429
P09429	P12682
P09619	P09619
P09669	P09669
P09693	P09693
P09874	P09874
P09911	P09911
P09911	P07839
P0A6Y1	P0A6Y1
P0A7V8	P0A7V8
P0A800	P0A800
P0A8A8	P0A8A8
P0A8T7	P0A8T7
P0A8T7	P37871
P0A8V2	P0A8V2
P0A8V2	P37870
P0A9G4	P0A9G4
P0ABS1	P0ABS1
P0ACI0	P0ACI0
P0ADY3	P0ADY3
P0ADY3	A0A063X754
P0ADY7	P0ADY7
P0AF28	P0AF28
P0AFE8	P0AFE8
P0AFE8	P26288
P0AFF0	P0AFF0
P0AFF6	P0AFF6
P0AFW0	P0AFW0
Q9Y2Z0	Q9Y2Z0
Q9Y3A3	Q9Y3A3
Q9Y3A5	Q9Y3A5
Q9Y3I1	Q9Y3I1
Q9Y450	Q9Y450
Q9Y4K3	Q9Y4K3
Q9Y4R8	Q9Y4R8
Q9Y4X5	Q9Y4X5
Q9Y4X5	O95376
Q9Y5B9	Q9Y5B9
Q9Y6G5	Q9Y6G5
Q9Y6N7	Q9Y6N7
Q9Y6R1	Q9Y6R1
Q9Y6R1	P02730
Q9Y6W8	Q9Y6W8
Q9Y6Y0	Q9Y6Y0
Q9Y7M4	Q9Y7M4
Q9Z266	Q9Z266
Q9ZR12	Q9ZR12
Q9ZSD4	Q9ZSD4
Q9ZSD4	Q42374
W7XJB1	W7XJB1
W7XJB1	Q24CE5
A0A063X781	A0A063X781
A0A063XCP1	A0A063XCP1
A0A069QC99	A0A069QC99
A0A0B4J1S8	A0A0B4J1S8
A0A0B4J1S8	Q9UBF8
A0A0F6NFW5	A0A0F6NFW5
A0A0F6NFW5	A0A3G1AUL2
A0A0F6NFW5	P05310
A0A0F6NFW5	P56766
A0A0F6NFW5	A0T0M8
A0A0F6NFW5	A0A4V8GZZ2
A0A0F6NFW5	E3UIU0
A0A0F6NFW5	A0A0F6NGI2
A0A0F6NFW5	A0A3G1AZK6
A0A0F6NFW5	A0A4V8H003
A0A0F6NFW5	A0T0M9
A0A0F6NFW5	E3UIU1
A0A0F6NFW5	P05311
A0A0F6NFW5	Q8MFA2
A0A0G4FDJ8	A0A0G4FDJ8
A0A0G4FL36	A0A0G4FL36
A0A0G4FL36	A0A0G4HMN0
A0A0G4FL36	A0A0G4I0G6
A0A0G4FL36	M2Y652
A0A0G4FL36	B8BYV4
A0A0G4FL36	A0A4V8GZZ8
A0A0G4FL36	Q75VY9
A0A0G4FL36	A0A4V8H001
A0A0G4FL36	I0YPL4
A0A0G4FL36	Q32904
A0A0G4FL36	F2DAN8
A0A0G4FL36	Q9SY97
A0A0G4FL36	A0A2K1K0C7
A0A0G4FL36	Q41038
A0A0G4FL36	Q43485
A0A0G4FL36	A0A2K1KN29
A0A0G4FL36	F2CW18
A0A0G4FL36	M2XR49
A0A0G4FL36	A8ITV3
A0A0G4FL36	I0YQ46
A0A0G4FL36	A0A482JYH1
A0A0G4FL36	Q01667
A0A0G4FL36	I0Z2Y0
A0A0G4FL36	Q75VY8
A0A0G4FL36	Q9C639
A0A0G4FL36	I0Z7A6
A0A0G4FL36	Q93VE0
A0A0G4FL36	F2D0D5
A0A0G4FL36	Q8LCQ4
A0A0G4FL36	I0YQ44
A0A0G4FL36	A0A2K1JLZ3
A0A0G4FL36	E1C9L2
A0A0G4FL36	A0A4V8H004
A0A0G4FL36	I0YQ45
A0A0G4FL36	Q05093
A0A0G4FL36	Q75VY6
A0A0G4FL36	Q75VY7
A0A0G4FL36	Q84Y02
A0A0G4FL36	Q9SQL2
A0A0G4FL36	P27521
A0A0G4HFQ7	A0A0G4HFQ7
A0A1D5SLI4	A0A1D5SLI4
A0A1D8NEL0	A0A1D8NEL0
A0A1D8NGI5	A0A1D8NGI5
A0A1S3X147	A0A1S3X147
A0A1S4CE74	A0A1S4CE74
A0A1S4CIZ9	A0A1S4CIZ9
A0A1S4CIZ9	A0A1S4CKK0
A0A241XG65	A0A241XG65
A0A241XG65	D0CD14
A0A287AEW0	A0A287AEW0
A0A287BAW0	A0A287BAW0
A0A2I3BRC5	A0A2I3BRC5
A0A2I3BRC5	Q03343
A0A2K1IAD0	A0A2K1IAD0
A0A2K1IAD0	E1C9L1
A0A2K1IAD0	P23993
A0A2K1IAD0	Q41385
A0A2K1IAD0	Q9SUI4
A0A2K1IAD0	A8IL32
A0A2K1IAD0	I0Z687
A0A2K1IAD0	E3UIU9
A0A2K1J0L9	A0A2K1J0L9
A0A2K1J0L9	A0A0H2UKZ4
A0A2K1J0L9	P13192
A0A2K1J0L9	A0T0V0
A0A2K1J0L9	P12355
A0A2K1J0L9	P12356
A0A2K1JDE1	A0A2K1JDE1
A0A2K3CXW8	A0A2K3CXW8
A0A2K3D591	A0A2K3D591
A0A2K3E6S5	A0A2K3E6S5
A0A3B6PK86	A0A3B6PK86
A0A3B6PK86	A0A3B6RHV8
A0A3Q7FNQ5	A0A3Q7FNQ5
A0A3Q7G7F0	A0A3Q7G7F0
A0A3Q7G7F0	Q9V1V5
A0A3Q7HSH1	A0A3Q7HSH1
A0A4X1SN37	A0A4X1SN37
A0A4X1TFI3	A0A4X1TFI3
A0A5C6J4N7	A0A5C6J4N7
A0A5M5QTL0	A0A5M5QTL0
A0A5S8WF79	A0A5S8WF79
A0A5S8WF79	A0A5S8WF89
A0A5S8WF81	A0A5S8WF81
A0A5S8WF81	A0A5S8WF91
A0A5S8WF81	A0A5S8WF90
A0A8D1AQR7	A0A8D1AQR7
A0A8D1AQR7	O81097
A0A8D2A9I1	A0A8D2A9I1
A0A8J1KWU4	A0A8J1KWU4
A0A8J1KWU4	O93352
A0A8J1KWU4	O75496
A0A8W4F9W9	A0A8W4F9W9
A0A8W4F9W9	P62875
A0A9X9IKM4	A0A9X9IKM4
A0ACD6B9N1	A0ACD6B9N1
A0QSD7	A0QSD7
A0QSD7	P41205
A0R550	A0R550
A0R550	A0QSG2
A0R550	E2RXT8
A1B3D7	A1B3D7
A1B4F2	A1B4F2
A1B4F3	A1B4F3
A1Z8I0	A1Z8I0
A2AGH6	A2AGH6
A2AGH6	Q93074
A2APX8	A2APX8
A2APX8	Q9WTU3
A5YKK6	A5YKK6
A6QRA1	A6QRA1
Q3UJU9	Q3UJU9
Q43125	Q43125
Q43125	Q96524
Q46896	Q46896
Q48UF7	Q48UF7
Q48UF7	P09104
Q495A1	Q495A1
Q4FZW5	Q4FZW5
Q4FZW5	Q6GNF1
Q4FZW5	P53011
Q4FZW5	Q7ZYJ8
Q50755	Q50755
Q54VN6	Q54VN6
Q54XI5	Q54XI5
Q57XL7	Q57XL7
Q57ZX7	Q57ZX7
Q5FWN0	Q5FWN0
Q5FWN0	Q9YGY0
Q5FWN0	O35625
Q5FWN0	O15169
Q5S006	Q5S006
Q5S006	Q5S007
Q5SJH3	Q5SJH3
Q5SLQ0	Q5SLQ0
Q5T9L3	Q5T9L3
Q5TA45	Q5TA45
Q60770	Q60770
Q61483	Q61483
Q62406	Q62406
Q64337	Q64337
Q64337	Q13501
Q66HD0	Q66HD0
Q66HD0	P07900
Q66HD0	P08238
Q66HD0	P02829
Q66HD0	Q58FF6
Q66HD0	Q12931
Q68D85	Q68D85
Q6N030	Q6N030
Q6N030	P01857
Q6N030	P0DOX5
Q6N030	S6C4R2
Q6N030	P01865
Q6N030	Q6N095
Q6N030	Q6GMX6
Q6N030	S6B291
Q6N030	S6B2B6
Q6N030	S6C4S0
Q6N030	U5LP42
Q6N030	P01750
Q6N030	P18526
Q6P1N0	Q6P1N0
Q6PFX9	Q6PFX9
Q6PFX9	P42771
Q6PGQ7	Q6PGQ7
Q6PIL8	Q6PIL8
Q6PIL8	P0DOX7
Q6PIL8	A0A5C2GTV1
Q6PIL8	A0A5C2GVU3
Q6PIL8	A2P1G9
Q6PIL8	P01837
Q6PIL8	P01660
Q6PIL8	A0A5C2G4I7
Q6PIL8	G0YP42
Q6PJ56	Q6PJ56
Q6PJ56	Q5R1F1
Q6Q1S2	Q6Q1S2
Q6Q1S2	A0A2R4KP93
Q6Q1S2	P0DTC2
Q6UUV7	Q6UUV7
Q6UXN9	Q6UXN9
Q6YXK4	Q6YXK4
Q6ZW49	Q6ZW49
Q6ZW49	Q6NZQ4
Q6ZY23	Q6ZY23
Q708Y0	Q708Y0
Q712K3	Q712K3
Q712K3	P49427
Q712K3	P63279
Q712K3	P40984
Q712K3	P63146
Q712K3	P68036
Q712K3	A0A6P5C4T4
Q712K3	P62837
Q7KRY6	Q7KRY6
Q7KRY6	Q19848
Q7KRY6	Q86Y07
Q7L523	Q7L523
Q7L523	Q00582
Q7L5N1	Q7L5N1
Q7LBR1	Q7LBR1
Q7LBR1	Q9HD42
Q7LXK4	Q7LXK4
P25445	P25445
P25569	P25569
P25685	P25685
P25815	P25815
P25815	P04271
P25815	P33763
P25815	P06703
P25815	P23297
P26022	P26022
P26358	P26358
P26441	P26441
P26651	P26651
P26651	P22893
P26717	P26717
P26717	Q13241
P26718	P26718
P27487	P27487
P27512	P27512
P27512	P25942
P27512	Q92956
P27512	Q80WM9
P27918	P27918
P28159	P28159
P28223	P28223
P28223	P07550
P28630	P28630
P28631	P28631
P28632	P28632
P28799	P28799
P29066	P29066
P29066	P49407
P29274	P29274
P29323	P29323
P29323	P54762
P29323	P29317
P29323	P54764
P29353	P29353
P29353	G3V8S2
P29353	Q5M824
P29460	P29460
P29475	P29475
P29590	P29590
P30101	P30101
P30101	A0A1S3YEW3
P30101	P10599
P30260	P30260
P30561	P30561
P30872	P30872
P30872	P35346
P30872	P41143
P30872	P50052
P30872	P25106
P30872	P25025
P30872	P25024
P30872	P51679
P30872	Q80KM9
P30872	P51677
P30872	P51681
P30872	P61073
P31152	P31152
P31152	P50750
P31152	Q00526
P31152	P24941
P31152	P00546
P31152	P35567
P31152	P06493
P31152	P18431
P31152	P49840
P31152	P49841
P31152	Q9WV60
P31376	P31376
P31785	P31785
P31948	P31948
P32457	P32457
P32457	P32468
P32457	P25342
P32481	P32481
P32501	P32501
P32501	P56287
P32776	P32776
P32830	P32830
P32830	P87108
P32842	P32842
P32842	P25515
P32844	P32844
P32855	P32855
P32942	P32942
P32942	P05362
P32942	P13597
P33332	P33332
P33421	P33421
P33448	P33448
P34900	P34900
P35226	P35226
P35226	P25916
P35226	Q9BSM1
Q7TSF2	Q7TSF2
Q7TSF2	Q9JI12
Q7TSF2	Q62634
Q7Y0H2	Q7Y0H2
Q7Z434	Q7Z434
Q7Z434	Q8VCF0
Q7Z7J7	Q7Z7J7
Q80ZJ3	Q80ZJ3
Q80ZJ3	O60573
Q80ZJ3	Q8BMB3
Q80ZJ3	P06730
Q83ED6	Q83ED6
Q83ES8	Q83ES8
Q83ES8	A0A2V3F2U6
Q86UT5	Q86UT5
Q86UT5	Q5T2W1
Q86UT5	O14745
Q86UT5	Q15599
Q86V25	Q86V25
Q86V81	Q86V81
Q86VP6	Q86VP6
Q86VX2	Q86VX2
Q86VX2	Q7Z4G1
Q86W24	Q86W24
Q86W24	Q96P20
Q86X55	Q86X55
Q86X55	Q9NR22
Q86X55	Q99873
Q86XL3	Q86XL3
Q8A0S2	Q8A0S2
Q8A1D9	Q8A1D9
Q8A1P7	Q8A1P7
Q8BHK6	Q8BHK6
Q8BPM0	Q8BPM0
Q8C310	Q8C310
Q8CIB5	Q8CIB5
Q8CIB5	Q9BQL6
Q8DG60	Q8DG60
Q8DIN9	Q8DIN9
Q8DIN9	A0ACD6B9L6
Q8DIN9	Q9TM21
Q8DJ02	Q8DJ02
Q8DJZ6	Q8DJZ6
Q8DKF5	Q8DKF5
Q8DKX9	Q8DKX9
Q8DKZ3	Q8DKZ3
Q8DL30	Q8DL30
Q8DL32	Q8DL32
Q8DL32	P0AFD4
Q8DL32	P92558
Q8IRE3	Q8IRE3
Q8IU60	Q8IU60
Q8IUQ4	Q8IUQ4
Q8IUQ4	Q920M9
Q8IV16	Q8IV16
Q8IVW4	Q8IVW4
Q8IVW4	Q00535
Q8IVW4	P21708
Q8IVW4	P27361
Q8IVW4	P28482
Q8IVW4	P46196
Q8IVW4	P45985
Q8IVW4	P47811
Q8IVW4	Q16539
Q8IVW4	P45983
Q8IVW4	P45984
Q8IWJ2	Q8IWJ2
Q8IXK0	Q8IXK0
Q8IZD4	Q8IZD4
Q8IZD4	Q9NPI6
Q8IZQ8	Q8IZQ8
Q8IZQ8	Q969V6
Q8K4C2	Q8K4C2
Q8N0X7	Q8N0X7
Q8N140	Q8N140
Q8N461	Q8N461
Q8N5H7	Q8N5H7
Q8N5H7	O75815
Q8N668	Q8N668
Q8N884	Q8N884
Q8NB16	Q8NB16
Q8NCN4	Q8NCN4
Q8NCT1	Q8NCT1
Q8NCT1	Q96B67
Q8NCT1	Q9H3M7
Q8NDV7	Q8NDV7
Q8NDV7	Q9UPQ9
Q8NG31	Q8NG31
Q8NHL6	Q8NHL6
Q8NHL6	Q8N149
Q8NHL6	Q8N423
Q8NHL6	P43630
Q8NHL6	P43626
Q8NHL6	P43627
Q8NHL6	P43628
Q8NHL6	P43629
Q8NHL6	P43631
Q8NHL6	P43632
Q8NHL6	Q14943
Q8NHM5	Q8NHM5
Q8NHM5	Q9Y2K7
Q8NHY2	Q8NHY2
Q8NHY2	P43254
Q8NHY2	Q9LTJ6
Q8R0I0	Q8R0I0
Q8R0I0	Q9BYF1
Q8R4H2	Q8R4H2
Q8R4H2	O15085
Q8R4L0	Q8R4L0
Q8R511	Q8R511
Q8R511	Q5T0N5
Q8TAF3	Q8TAF3
Q8TDQ0	Q8TDQ0
Q8TDQ0	Q8VIM0
Q8U1Y5	Q8U1Y5
Q8VI63	Q8VI63
Q8VI63	Q7L9L4
Q8VI63	Q9H8S9
Q8VZS8	Q8VZS8
Q8VZS8	Q84MC7
Q8WUF5	Q8WUF5
Q8WV22	Q8WV22
Q8WVM7	Q8WVM7
Q8WWW0	Q8WWW0
Q8WYR1	Q8WYR1
Q8WYR1	O02696
P53840	P53840
P53969	P53969
P54257	P54257
P54257	P54256
P54274	P54274
P54274	P70371
P54784	P54784
P55055	P55055
P55055	Q13133
P55055	Q9Z0Y9
P55055	P11473
P55899	P55899
P55899	Q61559
P55957	P55957
P55957	P70444
P56199	P56199
P56288	P56288
P56704	P56704
P56945	P56945
P59634	P59634
P59634	P0DTC6
P59768	P59768
P60238	P60238
P60239	P60239
P60484	P60484
P60880	P60880
P61024	P61024
P61157	P61157
P61157	P61158
P61157	Q99JY9
P61157	A7MB62
P61157	P61160
P61157	P61161
P61157	F2Z5G5
P61157	P68135
P61157	P60706
P61157	P60709
P61201	P61201
P61221	P61221
P61371	P61371
P61812	P61812
P61812	P01137
P61812	P04202
P61964	P61964
P61964	Q9BZK7
P61964	P63244
P61994	P61994
P61994	D0C9P6
P61994	A0A071L394
P62010	P62010
P62010	Q2FW31
P62913	P62913
P63010	P63010
P63010	Q9DBG3
P63044	P63044
P63044	P63045
P63092	P63092
P63092	P04899
P63092	P20353
P63092	P09471
P63092	P16378
P63092	P21279
P63092	P63096
P63151	P63151
P63151	Q00005
P63165	P63165
P63165	P61956
P67870	P67870
P68363	P68363
P68363	P68366
P68363	Q5XIF6
P68363	Q6P9V9
P68363	Q9BVA1
Q14627	Q14627
Q14669	Q14669
Q14683	Q14683
Q14767	Q14767
Q14767	Q14766
Q14767	Q8N2S1
Q14896	Q14896
Q14BN4	Q14BN4
Q15054	Q15054
Q15078	Q15078
Q15116	Q15116
Q15185	Q15185
Q15185	Q9R0Q7
Q15311	Q15311
Q15369	Q15369
Q15370	Q15370
Q15477	Q15477
Q15477	P42285
Q15596	Q15596
Q15596	Q15788
Q15596	Q9Y6Q9
Q15628	Q15628
Q15633	Q15633
Q15633	O75569
Q15762	Q15762
Q15819	Q15819
Q15942	Q15942
Q16254	Q16254
Q16531	Q16531
Q16543	Q16543
Q16548	Q16548
Q16548	Q07440
Q16581	Q16581
Q16667	Q16667
Q1JQ97	Q1JQ97
Q22MV2	Q22MV2
Q22MV2	A8IY95
Q22R86	Q22R86
Q22VV9	Q22VV9
Q22W32	Q22W32
Q22XT1	Q22XT1
Q23RH8	Q23RH8
Q23S01	Q23S01
Q24306	Q24306
Q29983	Q29983
Q29983	P01901
Q29983	A0A583ZBW8
Q29983	D2IYK1
Q29983	P01889
Q29983	P04439
Q29983	P10321
Q29983	P17693
Q29983	P30511
Q29983	Q861F7
Q29983	P70387
Q29983	Q30201
Q29983	Q95460
Q2F514	Q2F514
Q2F514	Q9QMH9
Q2FME3	Q2FME3
Q2FRK1	Q2FRK1
Q2FRL9	Q2FRL9
Q2FW18	Q2FW18
Q2G2Q4	Q2G2Q4
Q32KD4	Q32KD4
Q32KD4	Q9UL18
Q32P73	Q32P73
Q32P73	Q6NLH0
Q32P73	P27999
Q381A0	Q381A0
Q38876	Q38876
Q38876	Q9FVC1
Q38876	Q9SZJ6
Q389F5	Q389F5
Q389W4	Q389W4
Q39204	Q39204
Q39204	Q9FIP9
Q39584	Q39584
Q39615	Q39615
Q3E7C1	Q3E7C1
Q3E830	Q3E830
A8IH07	A8IH07
A8IH07	A8IXD6
A8IJ60	A8IJ60
A8IJ60	A8IL21
A8IJ60	A8INX1
A8IJY7	A8IJY7
A8IJY7	A0A2K3DG79
A8J353	A8J353
A8J3C3	A8J3C3
A8J6N0	A8J6N0
A9WEV4	A9WEV4
A9WEV6	A9WEV6
A9WEV7	A9WEV7
B3H6Z4	B3H6Z4
B5YM25	B5YM25
B5YM25	B8CEQ3
B5YM25	B7FRW2
B6TR16	B6TR16
B6TR16	A0A0M3KL11
B6TR16	A0A2K1JLW2
B6TR16	P36886
B6TR16	A0A4V8GZZ4
B6TR16	P14225
B7U179	B7U179
B8BRQ8	B8BRQ8
B8BUW3	B8BUW3
B8C770	B8C770
B8LEV1	B8LEV1
B8LEV1	P10793
C3SR12	C3SR12
C3SR12	E2RXT9
C3SR12	P0A7W7
C3SR12	Q83ER2
D0CD01	D0CD01
D0CD06	D0CD06
D0UZS0	D0UZS0
D0UZS0	Q2HR75
D3ZYG0	D3ZYG0
E2RXT0	E2RXT0
F1M951	F1M951
F1M951	Q9H3S7
F1MSX6	F1MSX6
F1N4X0	F1N4X0
F8VQ72	F8VQ72
F8VQ72	Q62925
F8VQ72	O14965
G0RZG4	G0RZG4
G0RZX8	G0RZX8
G0S1P1	G0S1P1
G0S3J8	G0S3J8
G0S8E0	G0S8E0
G0S9A0	G0S9A0
G0SC21	G0SC21
G0SC21	Q5RKV6
G0SCD1	G0SCD1
G0SE33	G0SE33
G0SH09	G0SH09
G3MXC8	G3MXC8
G3MXC8	O15511
G3MXC8	Q3SYX9
G3MXC8	Q9BPX5
G3V9R2	G3V9R2
G3V9R2	P08603
G3V9R2	Q03591
G3V9R2	P36980
G5E899	G5E899
G5E899	P05121
I7M8B9	I7M8B9
I7MCM8	I7MCM8
I7MCM8	Q1HFX0
I7MCM8	Q24DI9
I7MCM8	A4VE64
I7MCM8	Q1HFW2
K4G2D7	K4G2D7
K4G2D7	Q77YB1
O00170	O00170
O00206	O00206
O00206	Q9QUK6
O00220	O00220
O00220	O14763
O00255	O00255
O00401	O00401
O00401	P42768
O00459	O00459
O00459	P23727
O00459	P26450
O00459	P27986
Q06245	Q06245
Q06265	Q06265
Q06265	G0S755
Q06406	Q06406
Q06587	Q06587
Q06587	Q99496
Q06609	Q06609
Q06609	Q8MKI8
Q06797	Q06797
Q06884	Q06884
Q06AT4	Q06AT4
Q06AT4	Q06AT5
Q07157	Q07157
Q07157	P39447
Q07157	Q9UDY2
Q07157	Q9Z0U1
Q07657	Q07657
Q07666	Q07666
Q07666	Q60749
Q07820	Q07820
Q07820	P97287
Q07912	Q07912
Q07912	Q9UJM3
Q07913	Q07913
Q08162	Q08162
Q08491	Q08491
Q08722	Q08722
Q08749	Q08749
Q08999	Q08999
Q08999	P28749
Q0IIM2	Q0IIM2
Q0IIM2	P40616
Q0IIM2	P84077
Q12049	Q12049
Q12149	Q12149
Q12250	Q12250
Q12464	Q12464
Q12464	Q9Y265
Q12509	Q12509
Q12809	Q12809
Q12809	O95259
Q12809	Q63472
Q12824	Q12824
Q12888	Q12888
Q12959	Q12959
Q12959	P31016
Q12959	P78352
Q12959	Q92796
Q12959	Q8N3R9
Q13094	Q13094
Q13098	Q13098
Q13131	Q13131
Q13131	Q5EG47
Q13131	P92958
Q13131	Q38997
Q13131	Q940H6
Q13131	Q39193
Q13148	Q13148
Q13148	Q921F2
Q13153	Q13153
Q13153	Q13177
Q13153	Q8CIN4
Q13153	Q13188
Q13153	Q07174
Q13158	Q13158
Q13158	Q61160
Q13202	Q13202
Q13202	Q05923
Q13263	Q13263
Q13309	Q13309
Q13323	Q13323
Q13323	O70337
Q13415	Q13415
Q13418	Q13418
Q13451	Q13451
Q13451	P26883
Q13451	P68106
Q13485	Q13485
Q13485	P97471
Q13485	O15198
Q13485	Q15796
Q13485	P84022
Q13485	Q15797
Q13490	Q13490
Q13490	Q13489
Q13490	P98170
Q13490	Q24307
Q13490	Q96CA5
Q13541	Q13541
Q13546	Q13546
Q13546	Q9Y572
Q13546	Q9QZL0
Q13563	Q13563
Q13568	Q13568
Q13568	Q14653
Q13568	Q15306
Q13569	Q13569
Q13596	Q13596
Q13596	O60749
Q13620	Q13620
Q13620	Q13619
Q13620	Q94AH6
Q13620	Q13616
Q13620	Q13617
Q13620	Q13618
Q13620	Q9ZVH4
Q13627	Q13627
Q13627	Q9Y463
Q13627	Q8NE63
Q13627	Q9BXA6
Q13627	P49761
Q13873	Q13873
Q13873	Q13705
Q13873	Q04771
Q13905	Q13905
Q13951	Q13951
Q14145	Q14145
Q14145	Q9UH77
Q14242	Q14242
Q14247	Q14247
Q14247	Q60598
Q14393	Q14393
Q14393	P07225
Q14494	Q14494
Q14494	Q9WTM4
