triplet_id	ac_id	anchor	C	D	PLM-Interact_ad	PLM-Interact_ac	hit_PLM-Interact	MINT_ad	MINT_ac	hit_MINT	D-SCRIPT_ad	D-SCRIPT_ac	hit_D-SCRIPT	Topsy-Turvy_ad	Topsy-Turvy_ac	hit_Topsy-Turvy	SPRINT_ad	SPRINT_ac	hit_SPRINT	ESMFold_ad	ESMFold_ac	hit_ESMFold	AF3_ad	AF3_ac	hit_AF3
SCF:0002277	AC:001972	I7M8B9	Q22XT1	Q22VV9	0.234645	0.101584	1.0	0.83032774	0.5738973	1.0	0.004173	0.004174	0.0	0.317004	0.029896	1.0	0.293992	0.347437	0.0	-30.35767212338816	-29.55235273554176	0.0	0.42	0.17	1.0
SCF:0001908	AC:001644	D0FXX2	A0A1C8XRM6	D0FXY3	0.997665	0.991829	1.0	0.83715841	0.71683797	1.0	0.856027	0.847517	1.0	0.414103	0.422369	0.0	0.0561633	0.0850308	0.0	-27.901244241044754	-27.39394483738507	0.0	0.85	0.23	1.0
SCF:0001223	AC:001023	Q00914	A8ITV3	Q05093	0.001015	0.000624	1.0	0.35911824	0.38275765	0.0	0.004567	0.013177	0.0	0.068007	0.201118	0.0	0.0	0.0	0.5	-27.34557545476851	-25.24058465615484	0.0	0.11	0.06	1.0
SCF:0003053	AC:002708	Q8N0S6	Q13352	Q9BS16	0.99992	0.999516	1.0	0.52182814	0.56165155	0.0	0.004175	0.004175	0.5	0.125804	0.320286	0.0	0.62821	1.36382	0.0	-30.10905438710529	-28.780152892771945	0.0	0.12	0.24	0.0
SCF:0000063	AC:000052	Q13426	Q9NP87	Q9UGP5	0.997916	0.9988	0.0	0.31696304	0.31450351	1.0	0.893317	0.937962	0.0	0.837604	0.816987	1.0	190.228	19.1982	1.0	-29.745082821520217	-29.32689321010081	0.0	0.13	0.21	0.0
SCF:0003289	AC:002981	O15527	P0C0S8	P62807	0.000639	0.000354	1.0	0.38736375	0.4772467	0.0	0.004188	0.004278	0.0	0.619902	0.246551	1.0	3.27479	3.99748	0.0	-26.20996728267016	-26.77343981510022	1.0	0.09	0.14	0.0
SCF:0002992	AC:002652	Q861F7	P04234	P09693	0.998931	0.998098	1.0	0.54722231	0.61790185	0.0	0.026368	0.333824	0.0	0.358977	0.305705	1.0	7.3503	10.4844	0.0	-28.14150250655292	-27.52239289992495	0.0	0.19	0.31	0.0
SCF:0000456	AC:000346	E9NPX1	I0Z7A6	I0YQ46	0.999716	0.146805	1.0	0.93795887	0.9211635	1.0	0.004367	0.021229	0.0	0.616995	0.629284	0.0	0.0	0.0	0.5	-25.14713653827285	-25.490821759928675	1.0	0.5	0.23	1.0
SCF:0001179	AC:000986	A0A125YXT1	S8F943	A0A125YMK3	0.003499	0.973637	0.0	0.61531834	0.87039119	0.0	0.004185	0.004178	1.0	0.199934	0.647721	0.0	0.173651	0.300067	0.0	-30.192545861460147	-30.903369764376542	1.0	0.06	0.08	0.0
SCF:0000875	AC:000723	F1SDI2	F1RPD2	A0A8D0PK14	0.998758	0.999549	0.0	0.9660483	0.95567924	1.0	0.638541	0.76117	0.0	0.843359	0.737727	1.0	128.007	125.552	1.0	-25.899912477887813	-25.401938315409286	0.0	0.72	0.11	1.0
SCF:0001025	AC:000841	P9WPV3	P9WPV1	P9WPV5	0.990348	0.96422	1.0	0.83150631	0.68808257	1.0	0.060191	0.004191	1.0	0.709868	0.057897	1.0	0.368578	0.333321	1.0	-18.619740420310357	-28.87116116218834	1.0	0.47	0.38	1.0
SCF:0000390	AC:000298	P59768	Q03431	Q9UP38	0.999888	0.999908	0.0	0.28477673	0.28061043	1.0	0.004212	0.012705	0.0	0.654996	0.779538	0.0	4.67368	515.868	0.0	-28.196758345873352	-30.037179333850574	1.0	0.26	0.18	1.0
SCF:0000775	AC:000643	A0A3Q7G7F0	A0A3Q7HSH1	A0A3Q7FNQ5	0.999946	0.999948	0.0	0.95306396	0.96272293	0.0	0.941261	0.899807	1.0	0.768648	0.849865	0.0	76.0321	73.5441	1.0	-28.24486433780459	-30.22484836619405	1.0	0.07	0.11	0.0
SCF:0002705	AC:002381	I7LT80	Q24CL2	Q24DJ0	0.001762	0.011293	0.0	0.96602866	0.76034514	1.0	0.004181	0.004192	0.0	0.117251	0.277578	0.0	0.901156	0.757725	1.0	-30.63422359120361	-31.06787200912859	1.0	0.31	0.15	1.0
SCF:0001217	AC:001016	A0QSD5	A0QSP9	A0R550	0.999091	0.999888	0.0	0.84934753	0.78889031	1.0	0.858091	0.746395	1.0	0.766571	0.00603	1.0	0.00787821	0.0372043	0.0	-25.99417549000499	-27.733459358625513	1.0	0.48	0.42	1.0
SCF:0002218	AC:001926	Q83E83	Q83AX9	Q83ER3	0.999648	0.9999	0.0	0.9308362	0.91039172	1.0	0.814905	0.740624	1.0	7e-05	2.2e-05	1.0	4.1566	1.12277	1.0	-26.67694762279913	-26.28166906051023	0.0	0.05	0.13	0.0
SCF:0000897	AC:000738	A0A1J7CBX1	A0A1M5L8S8	A0A1M5L6R0	0.999936	0.999888	1.0	0.89514688	0.87305257	1.0	0.646237	0.529321	1.0	0.826876	0.835802	0.0	0.235953	0.0552536	1.0	-26.939158471420733	-28.57339921056854	1.0	0.08	0.13	0.0
SCF:0001545	AC:001330	A0QSG2	A0QVB8	A0QSD7	0.999884	0.999868	1.0	0.96021751	0.86034894	1.0	0.819752	0.894509	0.0	0.864584	0.826777	1.0	0.00923994	0.273421	0.0	-28.277204771994125	-26.181071832687	0.0	0.86	0.09	1.0
SCF:0002490	AC:002169	I3LRR4	A0A287BAW0	A0A4X1SN37	0.999711	0.998482	1.0	0.85927081	0.72043031	1.0	0.93125	0.022553	1.0	0.829794	0.676337	1.0	3.41766	95.2602	0.0	-30.15631170594847	-28.578664911054894	0.0	0.08	0.28	0.0
SCF:0002468	AC:002146	A0T0V0	B5YM25	B8BYV4	0.991607	0.997364	0.0	0.9141401	0.89605075	1.0	0.005194	0.00436	1.0	0.590463	0.332655	1.0	0.0714827	0.0460132	1.0	-28.58248040767052	-28.37062209687022	0.0	0.16	0.12	1.0
SCF:0001458	AC:001262	P12352	Q75VY7	Q05093	0.998331	0.83404	1.0	0.84404435	0.73581981	1.0	0.004407	0.004218	1.0	0.140956	0.053645	1.0	0.0362633	0.247168	0.0	-27.800700561718692	-25.130977046539783	0.0	0.1	0.16	0.0
SCF:0001873	AC:001611	Q8LGE7	P93313	B5TM92	0.999716	0.997363	1.0	0.85889974	0.73271802	1.0	0.004517	0.004695	0.0	0.587753	0.516222	1.0	10.4732	2.71719	1.0	-20.419567248893927	-24.054267379127502	1.0	0.11	0.3	0.0
SCF:0001455	AC:001260	A0A1B2U6N1	A0A1M6QTP8	A0A1J7BSW7	0.999607	0.999457	1.0	0.86345872	0.88601497	0.0	0.586444	0.008112	1.0	0.824151	0.318945	1.0	0.0527361	0.196429	0.0	-22.155694886022083	-26.150659991991542	1.0	0.83	0.04	1.0
SCF:0001236	AC:001043	A0A287ADR4	A0A481DF93	I3LCH3	0.999801	0.999935	0.0	0.60961018	0.51488771	1.0	0.00418	0.004188	0.0	0.72618	0.636291	1.0	146.123	125.625	1.0	-27.247656018008357	-27.718200692906976	1.0	0.22	0.15	1.0
SCF:0001465	AC:001270	Q8LCQ4	Q9SHE8	Q9SY97	0.999914	0.998942	1.0	0.883248	0.96411422	0.0	0.119164	0.006033	1.0	0.704079	0.597638	1.0	0.0437932	0.0914027	0.0	-27.159703091717272	-28.844199403446684	1.0	0.16	0.27	0.0
SCF:0002872	AC:002538	P20986	P68610	P21034	0.029007	0.989654	0.0	0.81557083	0.88451889	0.0	0.004174	0.004175	0.0	0.110763	0.589979	0.0	0.250345	0.183985	1.0	-29.27220549268341	-29.60507746654636	1.0	0.09	0.17	0.0
SCF:0000592	AC:000498	W7WX86	Q24C31	Q23YW7	0.011433	0.006627	1.0	0.62687695	0.61603591	1.0	0.004189	0.004181	1.0	0.49953	0.499525	1.0	0.865131	0.45362	1.0	-31.422376399437862	-27.6539242339035	0.0	0.09	0.28	0.0
SCF:0002195	AC:001900	G3MXC8	P61157	A7MB62	0.996292	0.997986	0.0	0.30815847	0.24471729	1.0	0.636657	0.800329	0.0	0.665148	0.64662	1.0	91.2869	106.436	0.0	-26.96410573048302	-26.42637454812288	0.0	0.68	0.46	1.0
SCF:0002696	AC:002371	P56769	Q9SY97	P27521	0.99935	0.311985	1.0	0.859523	0.83062332	1.0	0.005558	0.014474	0.0	0.694948	0.681869	1.0	0.0207352	0.00641026	1.0	-25.891627888625965	-26.74898256614055	1.0	0.31	0.19	1.0
SCF:0000856	AC:000707	P28072	O95456	Q99933	0.249391	0.999602	0.0	0.33266189	0.49272786	0.0	0.395984	0.004177	1.0	0.879518	0.199969	1.0	0.892208	1.30171	0.0	-26.54342607849544	-24.16636772852119	0.0	0.18	0.26	0.0
SCF:0001128	AC:000934	Q39615	Q75VY4	Q05093	0.999502	0.99879	1.0	0.90207186	0.88096968	1.0	0.004725	0.004473	1.0	0.035385	0.031214	1.0	0.0428079	0.0491151	0.0	-30.30046752552981	-30.09318082352195	0.0	0.1	0.1	0.5
SCF:0001199	AC:000999	Q8U0E4	Q8U216	Q8U4N1	0.999834	0.998163	1.0	0.98704714	0.98169657	1.0	0.004757	0.004179	1.0	0.668828	0.498751	1.0	3.66965	3.14278	1.0	-3.3868423701714883	-23.59192051048632	1.0	0.91	0.17	1.0
SCF:0000326	AC:000246	A0QS97	A0QSD5	A0QSL5	0.999935	0.999838	1.0	0.79053136	0.71774164	1.0	0.915394	0.701302	1.0	0.017012	0.783621	0.0	0.0532465	0.057072	0.0	-21.386008816528555	-27.608287770786923	1.0	0.07	0.06	1.0
SCF:0000739	AC:000625	A0A3B6IU74	W5FPA7	W5BFB7	0.999913	0.999927	0.0	0.6464752	0.84318507	0.0	0.673561	0.446674	1.0	0.59872	0.802667	0.0	64.9289	94.6177	0.0	-28.828335978839615	-28.758494207879263	0.0	0.08	0.08	0.5
SCF:0002482	AC:002157	P02293	P43618	P40154	0.999066	0.978809	1.0	0.89382312	0.57410743	1.0	0.004356	0.004181	1.0	0.313127	0.216886	1.0	1.9734	5.71699	0.0	-30.488173419578384	-30.002226867763707	0.0	0.09	0.17	0.0
SCF:0000812	AC:000673	P36886	P13194	P36213	0.018297	0.009447	1.0	0.86610743	0.62363335	1.0	0.049664	0.703189	0.0	0.337387	0.172581	1.0	0.0499721	0.00379083	1.0	-29.77013866763345	-27.958526917581537	0.0	0.12	0.06	1.0
SCF:0002211	AC:001913	Q04307	P35718	P20434	0.998803	0.999799	0.0	0.56331028	0.52963694	1.0	0.040644	0.014857	1.0	0.782052	0.702178	1.0	40.1972	37.9678	1.0	-25.626122079127434	-26.528719896763103	1.0	0.06	0.05	1.0
SCF:0003014	AC:002677	B8C770	A0T0M9	A0T0M8	0.999447	0.99739	1.0	0.93368788	0.95851408	0.0	0.015813	0.066562	0.0	0.206039	0.152847	1.0	0.00701223	0.0266311	0.0	-30.23185198004765	-30.426274284163153	1.0	0.16	0.34	0.0
SCF:0000940	AC:000789	P0A707	P0A7T7	P69222	0.999857	0.999905	0.0	0.67767258	0.61044986	1.0	0.643029	0.646471	0.0	2.8e-05	0.758816	0.0	0.143981	0.146741	0.0	-27.11901882401219	-27.24533201012788	1.0	0.08	0.1	0.0
SCF:0001173	AC:000982	P56768	Q9SA56	Q9SUI7	0.004928	0.002936	1.0	0.78460226	0.44304075	1.0	0.01956	0.005412	1.0	0.652226	0.642213	1.0	0.0132339	0.0192104	0.0	-29.28936223708239	-30.250150334222266	1.0	0.08	0.07	1.0
SCF:0002744	AC:002421	Q7Z7J7	P14867	P18507	0.000288	6.6e-05	1.0	0.64231526	0.66907463	0.0	0.004174	0.004176	0.0	0.343193	0.167797	1.0	0.636497	0.324908	1.0	-25.68464777837754	-25.164796262092572	0.0	0.31	0.16	1.0
SCF:0000235	AC:000192	A0A2K1JDR4	A0A2K1JLW2	A0A2K1KU02	0.997832	0.997815	1.0	0.99546194	0.9970122	0.0	0.980421	0.967246	1.0	0.395214	0.380606	1.0	0.0625681	0.054204	1.0	-28.80568917031015	-28.63352779946942	0.0	0.07	0.11	0.0
SCF:0002313	AC:002002	A1Z8I0	Q9VA95	Q9VSY8	0.988708	0.999542	0.0	0.71962911	0.79315898	0.0	0.004174	0.004176	0.0	0.743251	0.716295	1.0	62.3182	78.7307	0.0	-6.821434265272254	-23.83683808844784	1.0	0.71	0.09	1.0
SCF:0002034	AC:001758	P9WPS1	P9WPV3	P9WPU7	0.999703	0.99708	1.0	0.97038236	0.89750406	1.0	0.961613	0.01667	1.0	0.699817	0.279464	1.0	3.25361	0.410176	1.0	-25.7561541730294	-28.75212766424218	1.0	0.11	0.12	0.0
SCF:0002134	AC:001827	Q9Y6G5	Q9H0A8	Q9P000	0.999633	0.999797	0.0	0.60932541	0.64938539	0.0	0.004185	0.004178	1.0	0.734473	0.782945	0.0	183.138	4.29454	1.0	-23.66152826542019	-23.24785816390109	0.0	0.43	0.4	1.0
SCF:0002589	AC:002270	A0T0T5	B8CEQ3	B8C0K4	0.004918	0.00701	0.0	0.62489332	0.59019089	1.0	0.004229	0.004202	1.0	0.045717	0.169341	0.0	0.0230712	0.0556453	0.0	-30.066301987984602	-30.096505681002757	1.0	0.06	0.1	0.0
SCF:0003025	AC:002694	C3SR12	C3SR52	C3SRY2	0.999945	0.999927	1.0	0.76440543	0.6975899	1.0	0.887472	0.621004	1.0	0.657082	0.59363	1.0	0.102012	0.0723598	1.0	-17.253699438557824	-24.17265770133813	1.0	0.1	0.07	1.0
SCF:0001748	AC:001502	Q9C639	Q9S7N7	Q9SHE8	0.999005	0.99909	0.0	0.97324944	0.97964859	0.0	0.004401	0.004618	0.0	0.629739	0.618993	1.0	0.0565964	0.0432129	1.0	-29.134892124665807	-29.485661280434577	1.0	0.12	0.16	0.0
SCF:0002382	AC:002071	S0BBU7	S0BBR6	S0BCU7	0.99951	0.999896	0.0	0.8145586	0.92098916	0.0	0.150536	0.072317	1.0	0.56369	0.639194	0.0	0.125922	0.117955	1.0	-7.989429101938747	-6.082543670719095	0.0	0.78	0.79	0.0
SCF:0000038	AC:000034	C3SQX2	C3SR57	C3SQT7	0.99995	0.999938	1.0	0.79903916	0.64012924	1.0	0.831636	0.703785	1.0	0.867574	0.877508	0.0	0.071878	0.186313	0.0	-24.604145583174983	-28.27050788703109	1.0	0.78	0.06	1.0
SCF:0001816	AC:001550	A8IS47	A0A2K3CXW8	A8IH07	0.999116	0.999309	0.0	0.64322013	0.69132254	0.0	0.004182	0.100313	0.0	0.148491	0.343531	0.0	0.168213	0.184587	0.0	-26.68166523528162	-25.490383095672236	0.0	0.61	0.52	1.0
SCF:0002192	AC:001896	P14575	Q9P4W1	G2TRP5	0.9961	0.999925	0.0	0.99749062	0.99797413	0.0	0.675168	0.951824	0.0	0.568035	0.401463	1.0	0.181904	1.0062	0.0	-22.868135450588014	-21.412978534482548	0.0	0.54	0.25	1.0
SCF:0002494	AC:002173	P60238	Q50755	P60239	0.970953	0.99114	0.0	0.84573865	0.82785321	1.0	0.004178	0.004203	0.0	0.499087	0.499058	1.0	0.23874	0.364943	0.0	-21.76683756954226	-16.375877044797868	0.0	0.67	0.15	1.0
SCF:0000845	AC:000690	A8JC51	A8IKI9	A8J5P7	0.965155	0.999833	0.0	0.82189327	0.83074499	0.0	0.004239	0.004179	1.0	0.419542	0.126871	1.0	0.207441	0.0391409	1.0	-25.38087519395231	-22.758753337237433	0.0	0.65	0.7	0.0
SCF:0001201	AC:001001	Q15369	Q8N884	Q6PJ21	0.999828	0.999718	1.0	0.68107599	0.59605468	1.0	0.004185	0.004183	1.0	0.611368	0.306918	1.0	170.165	0.910492	1.0	-19.587225080800938	-28.477202319550788	1.0	0.84	0.19	1.0
SCF:0000468	AC:000366	P9WPV7	P9WPU7	P9WPV3	0.999789	0.999674	1.0	0.81493404	0.88271414	0.0	0.004204	0.004427	0.0	0.526639	0.191806	1.0	0.200215	7.07344	0.0	-29.090960289292273	-24.93296845076514	0.0	0.37	0.21	1.0
SCF:0002402	AC:002093	A0T0T5	B8C2K6	B8C0K4	0.004918	0.001758	1.0	0.62489332	0.61281683	1.0	0.004229	0.004221	1.0	0.045717	0.097331	0.0	0.0230712	0.0381876	0.0	-30.066301987984602	-29.30244981420481	0.0	0.06	0.07	0.0
SCF:0001387	AC:001192	A8ISA4	A0A2K3DHV6	A0A2K3CRM9	0.006016	0.009664	0.0	0.8064948	0.5724991	1.0	0.004175	0.004177	0.0	0.060874	0.167991	0.0	0.212203	0.234855	0.0	-30.365290930948074	-30.450063211697987	1.0	0.15	0.25	0.0
SCF:0000899	AC:000742	P13192	P36213	P13194	0.266755	0.94586	0.0	0.56242035	0.72608608	0.0	0.966494	0.004292	1.0	0.062018	0.040241	1.0	0.148936	0.0499222	1.0	-28.604456694279	-29.912062238169632	1.0	0.17	0.08	1.0
SCF:0000464	AC:000357	Q83D75	Q83E83	Q83AX9	0.999896	0.999915	0.0	0.86148709	0.90937221	0.0	0.945485	0.949765	0.0	0.664273	0.73311	0.0	0.37686	2.48775	0.0	-13.076200550126714	-24.60056169871485	1.0	0.03	0.06	0.0
SCF:0000449	AC:000340	P68431	Q96GM5	Q9Y230	0.999632	0.99982	0.0	0.70758337	0.60802885	1.0	0.875693	0.004176	1.0	0.756286	0.669508	1.0	89.1956	5.36037	1.0	-28.086277822423746	-30.295537009476117	1.0	0.11	0.25	0.0
SCF:0001421	AC:001223	A0QU34	A0QU24	A0QU23	0.000177	8.1e-05	1.0	0.41304211	0.48394129	0.0	0.004187	0.004215	0.0	0.029059	0.043098	0.0	1.225	1.79559	0.0	-25.93404115490203	-28.752808412724068	1.0	0.13	0.1	1.0
SCF:0003197	AC:002868	Q9P000	Q9UBI1	Q9GZQ3	0.999858	0.999859	0.0	0.66122311	0.71769726	0.0	0.00418	0.004178	1.0	0.73269	0.742923	0.0	171.246	9.63398	1.0	-23.217913468334753	-27.546225946599787	1.0	0.42	0.36	1.0
SCF:0001709	AC:001472	Q99627	Q13617	Q13616	0.998925	0.707071	1.0	0.73301669	0.78407914	0.0	0.004176	0.004176	0.5	0.698675	0.654796	1.0	382.456	347.078	1.0	-27.545210530201285	-27.658286963130525	1.0	0.16	0.62	0.0
SCF:0000952	AC:000795	P21464	P21469	P12879	0.999837	0.999862	0.0	0.6903756	0.81103742	0.0	0.822494	0.88448	0.0	0.846146	0.865417	0.0	0.100764	0.949812	0.0	-23.351027130845676	-24.394647146056588	1.0	0.14	0.22	0.0
SCF:0001506	AC:001300	Q86VX2	Q9UBI1	Q9P000	0.999835	0.999888	0.0	0.62973058	0.73371509	0.0	0.004176	0.004175	1.0	0.771751	0.785687	0.0	9.57232	0.605923	1.0	-20.55129482339729	-24.24928963443102	1.0	0.82	0.35	1.0
SCF:0003190	AC:002861	P21466	P21471	P21474	0.999892	0.999937	0.0	0.8077335	0.8766284	0.0	0.865356	0.489262	1.0	8e-06	0.829665	0.0	0.239667	0.175392	1.0	-21.676919706079694	-24.606284344593686	1.0	0.09	0.05	1.0
SCF:0001147	AC:000957	P12352	Q75VY9	Q05093	0.998331	0.983503	1.0	0.84404435	0.69345733	1.0	0.004407	0.004191	1.0	0.140956	0.117387	1.0	0.0362633	0.0951002	0.0	-27.800700561718692	-27.103693880976486	0.0	0.1	0.15	0.0
SCF:0000053	AC:000046	A0R550	A0QVB8	A0QSD7	0.999931	0.999436	1.0	0.75942352	0.71768963	1.0	0.836454	0.816142	1.0	0.834505	0.897696	0.0	0.530729	2.07027	0.0	-28.497083760080415	-22.81640410301415	0.0	0.84	0.19	1.0
SCF:0000653	AC:000553	Q8LE42	Q9M1A8	Q9FJ98	0.999893	0.999941	0.0	0.51027785	0.4894219	1.0	0.65221	0.004284	1.0	0.411217	0.607394	0.0	10.5565	8.86967	1.0	-26.44639341664497	-23.64094230393278	0.0	0.85	0.22	1.0
SCF:0000397	AC:000302	A8J7I9	A8IKI9	A8J5P7	0.993194	0.999858	0.0	0.98266208	0.98730469	0.0	0.015043	0.004181	1.0	0.694565	0.126284	1.0	3.82347	0.334388	1.0	-27.27768108048049	-25.52766296977698	0.0	0.69	0.1	1.0
SCF:0002057	AC:001770	Q13352	Q9H3R5	Q6IPU0	0.999916	0.999607	1.0	0.75489909	0.80045414	0.0	0.004174	0.004194	0.0	0.321378	0.748389	0.0	165.493	0.56655	1.0	-28.635370931962864	-29.71722950184208	1.0	0.18	0.25	0.0
SCF:0003016	AC:002679	P75818	P0AE06	P02930	0.967085	0.841543	1.0	0.65243679	0.7507492	0.0	0.0105	0.017785	0.0	0.048163	0.492236	0.0	0.200681	0.213826	0.0	-28.180157464963184	-24.517963577416438	0.0	0.11	0.15	0.0
SCF:0001343	AC:001126	O00399	P60709	Q9NZ32	0.999775	0.999635	1.0	0.56532163	0.76058358	0.0	0.435779	0.918473	0.0	0.770348	0.817735	0.0	201.658	258.435	0.0	-26.432111063211778	-26.09244457843178	0.0	0.28	0.11	1.0
SCF:0000100	AC:000091	P28070	O95456	P48556	0.999922	0.999575	1.0	0.60817167	0.65156379	0.0	0.832167	0.004178	1.0	0.761184	0.746537	1.0	1.64545	1.05945	1.0	-27.642445730265084	-25.762775376313662	0.0	0.66	0.16	1.0
SCF:0002584	AC:002250	O85388	Q83ED6	Q83ES0	0.999923	0.999886	1.0	0.85515946	0.72694108	1.0	0.476548	0.652904	0.0	0.817023	0.498076	1.0	0.0401577	0.143074	0.0	-26.96694215544133	-27.70332815368212	1.0	0.07	0.06	1.0
SCF:0001477	AC:001281	P56767	Q8LCQ4	Q01667	0.99946	0.998563	1.0	0.87349466	0.77555178	1.0	0.228762	0.01528	1.0	0.459443	0.427042	1.0	0.0486223	0.0344081	1.0	-30.484828773916334	-30.470606430715673	0.0	0.14	0.27	0.0
SCF:0002076	AC:001788	Q9S7N7	Q9SA56	Q9SUI7	0.998725	0.295257	1.0	0.95861369	0.88188979	1.0	0.426901	0.550401	0.0	0.546177	0.353403	1.0	0.0221121	0.0850184	0.0	-27.803935428056224	-30.29597105255314	1.0	0.15	0.08	1.0
SCF:0002659	AC:002340	A0R201	A0R204	A0R1Z9	0.997618	0.997081	1.0	0.79729017	0.82317171	0.0	0.004182	0.00426	0.0	0.498966	0.184196	1.0	0.283388	0.545085	0.0	-16.82709970170532	-25.180562460698898	1.0	0.87	0.09	1.0
SCF:0000402	AC:000307	Q7RTV0	O43143	O43290	0.999927	0.999832	1.0	0.73232286	0.65524512	1.0	0.126855	0.98722	0.0	0.814425	0.882757	0.0	179.709	214.235	0.0	-30.743569103598595	-28.442220551930816	0.0	0.1	0.17	0.0
SCF:0001417	AC:001218	A8HRZ4	A8IU42	A0A2K3D591	0.997915	0.997477	1.0	0.89523927	0.96752098	0.0	0.00418	0.016775	0.0	0.648203	0.640367	1.0	0.675154	0.112702	1.0	-29.22173734837123	-28.98318302251662	0.0	0.05	0.05	0.5
SCF:0002552	AC:002224	I0Z687	I0Z7A7	I0YP76	0.9965	0.993538	1.0	0.9904128	0.97998327	1.0	0.004298	0.511253	0.0	0.449762	0.692606	0.0	0.0908984	0.0468254	1.0	-27.607486511971395	-28.38876122505315	1.0	0.12	0.13	0.0
SCF:0000706	AC:000601	A0A3Q7H1U4	A0A3Q7HSH1	A0A3Q7G7F0	0.999948	0.99994	1.0	0.69385943	0.82773355	0.0	0.964192	0.889569	1.0	0.825689	0.774599	1.0	63.8539	5.9711	1.0	-25.06353842805366	-30.203844399259673	1.0	0.59	0.07	1.0
SCF:0000996	AC:000822	A8IFG7	Q75VY6	A8ITV3	0.999456	0.990509	1.0	0.98945945	0.98397142	1.0	0.004195	0.004523	0.0	0.118268	0.139969	0.0	0.040039	0.0732325	0.0	-26.08670781442046	-28.054050660432676	1.0	0.2	0.24	0.0
SCF:0001441	AC:001248	E9NPS7	I0Z7A6	I0YQ44	0.999341	0.972778	1.0	0.96487693	0.95096055	1.0	0.062373	0.016877	1.0	0.387911	0.295021	1.0	0.00493036	0.0028932	1.0	-30.198295572826087	-30.12471297698209	0.0	0.17	0.18	0.0
SCF:0002036	AC:001759	Q7Z4G1	Q9UBI1	Q9P000	0.999787	0.999871	0.0	0.6077835	0.71820122	0.0	0.004232	0.004177	1.0	0.456579	0.550638	0.0	148.123	4.58594	1.0	-17.148181439487267	-22.684130429157126	1.0	0.66	0.49	1.0
SCF:0002221	AC:001932	Q83D76	Q83ED6	Q83ER7	0.999936	0.999554	1.0	0.87684297	0.62245975	1.0	0.518411	0.020902	1.0	0.802573	0.655047	1.0	0.154561	0.130446	1.0	-22.590023561356332	-24.245643044519298	1.0	0.47	0.04	1.0
SCF:0001286	AC:001087	Q9Y230	P62807	P33778	0.994901	0.99738	0.0	0.53895907	0.58451638	0.0	0.060222	0.028278	1.0	0.754553	0.773894	0.0	124.096	124.277	0.0	-27.720926650906293	-27.64475361978584	0.0	0.09	0.1	0.0
SCF:0000212	AC:000178	P59768	P35346	P30872	0.999922	0.99982	1.0	0.29503612	0.30888546	0.0	0.537684	0.486997	1.0	0.818403	0.831197	0.0	174.689	182.174	0.0	-26.93454706841907	-26.243668563778122	0.0	0.17	0.15	1.0
SCF:0001911	AC:001645	P0CT46	G0RZX8	G0S9A0	0.999555	0.999599	0.0	0.42516266	0.41553354	1.0	0.004175	0.004176	0.0	0.409218	0.537142	0.0	2.26146	1.83254	1.0	-15.136515932152212	-10.335368589617797	0.0	0.73	0.69	1.0
SCF:0000974	AC:000810	P53330	P32591	P53628	0.002277	0.285533	0.0	0.73532745	0.82729556	0.0	0.004174	0.004179	0.0	0.167445	0.542695	0.0	0.284812	0.272225	1.0	-30.531169358981735	-31.017291064708765	1.0	0.15	0.14	1.0
SCF:0001391	AC:001197	B8BRQ8	B8CEQ3	B8BYV4	0.999593	0.99931	1.0	0.96409514	0.97127491	0.0	0.004302	0.00421	1.0	0.612664	0.395331	1.0	0.172225	0.0600132	1.0	-27.519595531707797	-25.573796456893835	0.0	0.1	0.1	0.5
SCF:0002320	AC:002008	A0A063XFC1	A0A063X754	A0A063X781	0.999941	0.999932	1.0	0.72634301	0.70028579	1.0	0.823855	0.71014	1.0	0.64919	0.811779	0.0	0.0397164	0.0217661	1.0	-29.30389614928122	-29.428326888031204	1.0	0.06	0.06	0.5
SCF:0000028	AC:000024	P26784	P36160	P38805	0.999865	0.999758	1.0	0.83147308	0.72330344	1.0	0.004214	0.0751	0.0	0.559189	0.699942	0.0	1.10999	4.38737	0.0	-29.333496068488717	-29.534078243348006	1.0	0.07	0.08	0.0
SCF:0001440	AC:001247	A0A1S4CKK0	A0A1S3XP85	A0A1S3YU01	0.007499	0.198227	0.0	0.57992718	0.75706527	0.0	0.004192	0.685556	0.0	0.403892	0.038841	1.0	0.18358	0.265387	0.0	-24.949891208981832	-28.82246096290584	1.0	0.11	0.1	1.0
SCF:0003138	AC:002807	Q6ZED4	Q6ZED3	Q6ZED1	0.137945	0.973949	0.0	0.70129008	0.71641344	0.0	0.004175	0.004175	0.5	0.49961	0.336011	1.0	0.164262	0.173496	0.0	-30.38149042537928	-29.895318480052733	0.0	0.87	0.25	1.0
SCF:0000145	AC:000129	P62805	P07305	P10412	0.999521	0.999877	0.0	0.69612924	0.84510362	0.0	0.972371	0.980777	0.0	0.745402	0.816899	0.0	167.072	24.4916	1.0	-30.491876804052307	-30.237265449782033	0.0	0.06	0.07	0.0
SCF:0000765	AC:000639	A8IFG7	Q05093	Q75VY7	0.997642	0.998528	0.0	0.98043695	0.9887363	0.0	0.004338	0.004306	1.0	0.084379	0.102309	0.0	0.0900303	0.0695134	1.0	-26.51642220797251	-27.70798873147677	1.0	0.24	0.13	1.0
SCF:0000182	AC:000156	P59768	Q9GZQ6	P41145	0.999916	0.999918	0.0	0.33583504	0.20856695	1.0	0.312754	0.154314	1.0	0.829054	0.83842	0.0	164.895	287.403	0.0	-25.746633660077517	-25.885944657118017	1.0	0.29	0.32	0.0
SCF:0001018	AC:000837	A0A063X745	A0A063XCG5	A0A063X754	0.999678	0.999819	0.0	0.58113429	0.88863465	0.0	0.329271	0.826216	0.0	0.816406	0.412175	1.0	0.00568672	1.05626	0.0	-23.29825873838349	-25.790269856361682	1.0	0.68	0.06	1.0
SCF:0001530	AC:001317	P02359	P0A707	P0A7V3	0.999944	0.999933	1.0	0.75720656	0.67454905	1.0	0.619811	0.773964	0.0	0.530082	0.831352	0.0	0.519241	0.505587	1.0	-29.109300766857377	-26.662670834592824	0.0	0.1	0.11	0.0
SCF:0002956	AC:002624	P28074	Q969U7	P25789	0.999806	0.999906	0.0	0.79641971	0.72730255	1.0	0.946654	0.004181	1.0	0.587241	0.578311	1.0	10.3687	0.114097	1.0	-24.850550582688403	-22.12774876890843	0.0	0.52	0.3	1.0
SCF:0002884	AC:002556	P10176	P14854	P24311	0.999585	0.999266	1.0	0.99504709	0.45470447	1.0	0.853867	0.004303	1.0	0.378198	0.570132	0.0	1.36268	0.0	1.0	-29.663266402051068	-29.197430538978487	0.0	0.15	0.04	1.0
SCF:0000682	AC:000582	P68623	P07611	P16710	0.000749	0.000376	1.0	0.8641097	0.87726029	0.0	0.004174	0.004176	0.0	0.089227	0.085687	1.0	0.177698	0.12994	1.0	-30.093138676650565	-29.364971636542503	0.0	0.18	0.14	1.0
SCF:0003257	AC:002941	Q2G113	Q2FW31	Q2FW21	0.999912	0.999943	0.0	0.40801888	0.46205486	0.0	0.388686	0.356326	1.0	0.739396	0.69007	1.0	0.365799	0.111454	1.0	-24.968286896156517	-26.059791318790538	1.0	0.04	0.05	0.0
SCF:0002711	AC:002387	P21465	P12879	P21469	0.999949	0.999948	1.0	0.72711569	0.88670421	0.0	0.566102	0.833628	0.0	0.666788	0.772182	0.0	0.246207	0.036593	1.0	-27.449547846663336	-20.728390022006206	0.0	0.12	0.09	1.0
SCF:0001409	AC:001205	Q9UBI1	Q8N668	Q86X83	0.999933	0.999852	1.0	0.65540543	0.72732524	0.0	0.004174	0.004177	0.0	0.707331	0.717284	0.0	0.689396	178.815	0.0	-17.574300909535417	-16.66231277728692	0.0	0.48	0.36	1.0
SCF:0002526	AC:002203	Q07913	P40026	Q05541	0.999237	0.99606	1.0	0.67143124	0.73788998	0.0	0.004174	0.004175	0.0	0.607213	0.399158	1.0	0.200397	0.300659	0.0	-13.93820312302387	-29.5136862747151	1.0	0.72	0.24	1.0
SCF:0001398	AC:001198	Q75VY9	Q75VY7	Q84Y02	0.999918	0.999933	0.0	0.97999084	0.9661442	1.0	0.004513	0.006142	0.0	0.800578	0.779355	1.0	0.0342984	0.0793298	0.0	-28.072985305399605	-26.602059047956086	0.0	0.58	0.15	1.0
SCF:0001487	AC:001287	Q9GZQ3	Q9H0A8	Q9P000	0.999858	0.999864	0.0	0.66122311	0.56069404	1.0	0.00418	0.004176	1.0	0.73269	0.738809	0.0	171.246	2.92052	1.0	-23.217913468334753	-29.197220633826664	1.0	0.42	0.36	1.0
SCF:0002028	AC:001752	P09144	Q75VY7	Q7DM26	0.999849	0.999408	1.0	0.94832679	0.91126421	1.0	0.130391	0.030699	1.0	0.322241	0.234053	1.0	0.0163144	0.0266398	0.0	-30.1456040672299	-30.549404462386793	1.0	0.24	0.15	1.0
SCF:0000918	AC:000768	Q5JS54	O95456	O14818	0.998649	0.997704	1.0	0.37803982	0.55778411	0.0	0.004178	0.004175	1.0	0.425445	0.330048	1.0	0.587988	0.147329	1.0	-26.52262383844794	-27.527739500288718	1.0	0.69	0.13	1.0
SCF:0001205	AC:001008	Q02750	P63104	P31947	0.998473	0.989566	1.0	0.63755387	0.55606009	1.0	0.004195	0.004324	0.0	0.469154	0.476543	0.0	246.924	275.48	0.0	-23.439710068426763	-23.137380842170334	0.0	0.14	0.17	0.0
SCF:0001085	AC:000897	Q0IHJ3	Q4V7I1	B1H1T5	0.999743	0.998528	1.0	0.8687348	0.80965189	1.0	0.004175	0.004177	0.0	0.101231	0.102832	0.0	19.1977	26.7251	0.0	-30.261213244502958	-30.539690566483813	1.0	0.3	0.15	1.0
SCF:0002153	AC:001844	A0T0V0	B8BUW3	B8C770	0.997797	0.003991	1.0	0.91788509	0.62963111	1.0	0.006472	0.004472	1.0	0.35366	0.055806	1.0	0.172555	0.175331	0.0	-28.521599296448656	-29.928733663410892	1.0	0.15	0.09	1.0
SCF:0001867	AC:001603	Q8N140	Q96MF7	Q8WV22	0.999282	0.79055	1.0	0.7944116	0.84480602	0.0	0.004176	0.004176	0.5	0.201863	0.202806	0.0	103.332	97.9632	1.0	-28.529143593575036	-29.092878157783122	1.0	0.62	0.07	1.0
SCF:0002106	AC:001807	Q6NLH0	Q9M1A8	Q9FJ98	0.999841	0.999934	0.0	0.60734589	0.59536142	1.0	0.495966	0.004343	1.0	0.73204	0.75031	0.0	71.2359	10.4925	1.0	-28.901592882753114	-27.646382713913773	0.0	0.04	0.27	0.0
SCF:0002796	AC:002465	P92276	P11471	Q93VE0	0.999437	0.998357	1.0	0.94746513	0.61748612	1.0	0.004197	0.004182	1.0	0.507966	0.1441	1.0	0.00453629	0.0287689	0.0	-25.749663952617876	-29.44821452014614	1.0	0.14	0.08	1.0
SCF:0000153	AC:000133	B8CEQ3	A0T0V1	A0T0S1	0.998782	0.992481	1.0	0.9632695	0.96479511	0.0	0.004186	0.015944	0.0	0.003166	0.019313	0.0	0.0	0.0	0.5	-22.44208145693046	-24.931559862100762	1.0	0.29	0.17	1.0
SCF:0000549	AC:000450	P20226	Q9H1D9	Q9HAW0	0.999939	0.999946	0.0	0.44813013	0.60494265	0.0	0.004181	0.004289	0.0	0.774722	0.786791	0.0	179.944	216.712	0.0	-29.554218938835586	-29.258195627670897	0.0	0.67	0.19	1.0
SCF:0001431	AC:001242	Q8N668	Q9GZQ3	Q9P000	0.999823	0.999833	0.0	0.63484067	0.6940495	0.0	0.004177	0.00418	0.0	0.763941	0.781212	0.0	17.1971	9.85825	1.0	-16.135098707232306	-19.21416559732778	1.0	0.48	0.44	1.0
SCF:0000968	AC:000806	A0AAN0NP81	A9WEV7	A9WEV4	0.608951	0.06875	1.0	0.99001888	0.98273632	1.0	0.004349	0.04926	0.0	0.192281	0.291913	0.0	0.136637	0.0667456	1.0	-23.276187933852974	-20.074797572426096	0.0	0.5	0.55	0.0
SCF:0000513	AC:000419	B8LEQ8	B8BUW3	B5YM25	0.118481	0.984199	0.0	0.47622254	0.53234366	0.0	0.004188	0.004192	0.0	0.000199	0.000783	0.0	0.0112927	0.0606214	0.0	-24.76012934100559	-29.13338459443901	1.0	0.16	0.08	1.0
SCF:0002046	AC:001765	G0S9A0	G0S1P1	G0S755	0.999851	0.999493	1.0	0.47629027	0.6643099	0.0	0.015996	0.004174	1.0	0.597818	0.100275	1.0	30.4431	6.25472	1.0	-12.086017209922087	-27.32310907753014	1.0	0.69	0.12	1.0
SCF:0003255	AC:002936	C3SQX2	C3SYP2	C3TRH7	0.999922	0.999936	0.0	0.78859347	0.88644877	0.0	0.753316	0.231073	1.0	0.779842	0.766561	1.0	0.0362094	1.28541	0.0	-28.00601655008714	-27.90429942245747	0.0	0.05	0.12	0.0
SCF:0000510	AC:000414	Q5JS54	P60900	O14818	0.998649	0.999901	0.0	0.37803982	0.38344001	0.0	0.004178	0.00418	0.0	0.425445	0.168331	1.0	0.587988	5.74473	0.0	-26.52262383844794	-28.46250164942981	1.0	0.69	0.48	1.0
SCF:0001263	AC:001062	P9WGY5	P9WIU9	P9WGZ1	0.000183	0.004933	0.0	0.46675482	0.38227334	1.0	0.004177	0.004187	0.0	0.663265	0.345219	1.0	0.15389	0.162949	0.0	-27.387007911723103	-26.81060524821008	0.0	0.4	0.13	1.0
SCF:0000017	AC:000014	A8ITV3	P12154	P09144	0.999742	0.999745	0.0	0.94159962	0.92762888	1.0	0.005322	0.005678	0.0	0.035674	0.110685	0.0	0.0380441	0.0384089	0.0	-30.642052656390995	-30.5135136766036	0.0	0.67	0.55	1.0
SCF:0000649	AC:000550	Q55329	P09192	P16033	0.565631	0.996165	0.0	0.86140167	0.91970873	0.0	0.022482	0.005293	1.0	0.615987	0.244008	1.0	0.02125	0.015767	1.0	-25.05299074533913	-28.948233796249735	1.0	0.13	0.19	0.0
SCF:0001273	AC:001075	Q83ES8	Q83ER2	Q83ED6	0.999687	0.999926	0.0	0.85126096	0.81189018	1.0	0.589835	0.793926	0.0	0.60062	0.706182	0.0	0.609599	0.17801	1.0	-23.120190679562377	-25.266382591963488	1.0	0.22	0.06	1.0
SCF:0000740	AC:000626	Q248F8	Q24I09	W7X4J9	0.075303	0.000622	1.0	0.6806992	0.72099388	0.0	0.004181	0.004184	0.0	0.129724	0.035451	1.0	0.368667	0.29395	1.0	-29.73754470567613	-27.025677569334352	0.0	0.3	0.09	1.0
SCF:0001231	AC:001035	Q9BV81	Q9NPA0	Q9P0I2	0.999913	0.999892	1.0	0.86575118	0.82701742	1.0	0.004179	0.004209	0.0	0.529383	0.643513	0.0	0.220829	0.0903832	1.0	-21.578038225834977	-23.14772650735169	1.0	0.63	0.15	1.0
SCF:0000179	AC:000153	Q8LCQ4	Q01667	P27521	0.999898	0.999918	0.0	0.93033031	0.91104249	1.0	0.057802	0.214868	0.0	0.694649	0.714371	0.0	0.0205106	0.0415399	0.0	-25.844348181266778	-26.834720123699043	1.0	0.11	0.21	0.0
SCF:0000923	AC:000776	P06899	Q96GM5	Q12824	0.998767	0.998739	1.0	0.6961376	0.55848377	1.0	0.004186	0.005436	0.0	0.721329	0.741832	0.0	2.71777	9.54252	0.0	-28.952591509751205	-29.878416041266775	1.0	0.14	0.1	1.0
SCF:0000361	AC:000276	A8IXD6	A8IH07	A8IJ60	0.999871	0.999561	1.0	0.68273443	0.65744966	1.0	0.605432	0.004175	1.0	0.433594	0.499632	0.0	0.282882	0.201449	1.0	-25.168787955241253	-27.04652542980508	1.0	0.46	0.19	1.0
SCF:0000700	AC:000597	A0A3Q7I881	A0A3Q7H1U4	A0A3Q7H274	0.999765	0.999938	0.0	0.93778196	0.67957225	1.0	0.004535	0.099634	0.0	0.692456	0.765637	0.0	94.3425	8.01558	1.0	-29.38893788653568	-29.437663891521165	1.0	0.16	0.07	1.0
SCF:0001634	AC:001404	Q2FW10	Q2FW12	Q2FW06	0.99869	0.999868	0.0	0.82889261	0.89829391	0.0	0.655982	0.451085	1.0	0.67845	0.760306	0.0	0.0611166	0.0	1.0	-27.046236352204335	-27.37387763099617	1.0	0.15	0.06	1.0
SCF:0002753	AC:002425	A8IS47	A8J353	A8IJ60	0.999872	0.000119	1.0	0.65574512	0.45365124	1.0	0.908391	0.004175	1.0	0.698392	0.083786	1.0	0.308644	0.166231	1.0	-25.00942326158619	-26.4132809939599	1.0	0.3	0.15	1.0
SCF:0003271	AC:002961	Q86VX2	Q86X83	Q9Y6G5	0.999832	0.999916	0.0	0.6344215	0.58411154	1.0	0.004176	0.004174	1.0	0.783963	0.747857	1.0	12.25	0.673869	1.0	-23.124124454513634	-14.655123376557276	0.0	0.29	0.42	0.0
SCF:0000354	AC:000273	P30989	P50148	P29992	0.009005	0.38765	0.0	0.48872118	0.50251872	0.0	0.639717	0.301442	1.0	0.814265	0.783539	1.0	632.806	595.628	1.0	-26.43339888534854	-22.8513658219425	0.0	0.68	0.67	1.0
SCF:0002880	AC:002548	A0A5C2GVU3	A0A5C2GTV1	A0A5C2G4I7	0.999622	0.999836	0.0	0.61927846	0.63427302	0.0	0.567084	0.35815	1.0	4.3e-05	4.8e-05	0.0	0.394376	0.303528	1.0	-9.720160597751986	-10.12231344163764	1.0	0.83	0.74	1.0
SCF:0002902	AC:002578	Q5JS54	Q969U7	P25789	0.999733	0.999703	1.0	0.3335081	0.56715611	0.0	0.004175	0.004177	0.0	0.36298	0.445894	0.0	3.44772	0.179878	1.0	-26.568050193180603	-21.818474825613897	0.0	0.23	0.12	1.0
SCF:0001045	AC:000859	A0A2K3E6S5	P32974	P37256	0.001597	0.00075	1.0	0.67909543	0.555715	1.0	0.00419	0.005577	0.0	0.10305	0.085141	1.0	0.00676067	0.0	1.0	-26.65820110403757	-28.429062895657623	1.0	0.1	0.11	0.0
SCF:0002430	AC:002120	O96019	Q9GZN1	P60709	0.999736	0.999787	0.0	0.75147921	0.64588392	1.0	0.980925	0.966265	1.0	0.788393	0.764668	1.0	384.598	221.736	1.0	-11.189404968583315	-21.832874048295388	1.0	0.86	0.12	1.0
SCF:0002680	AC:002350	P49770	P20042	Q9NR50	0.999653	0.999814	0.0	0.60927098	0.65436962	0.0	0.061315	0.021853	1.0	0.554069	0.718309	0.0	210.751	221.908	0.0	-26.55879557879	-28.828858317276154	1.0	0.11	0.1	1.0
SCF:0000929	AC:000779	P62877	Q13216	Q13309	0.999933	0.999899	1.0	0.45773473	0.81909266	0.0	0.858092	0.082586	1.0	0.78643	0.660186	1.0	293.673	10.6699	1.0	-27.382316118787003	-26.143742190912963	0.0	0.23	0.14	1.0
SCF:0003078	AC:002723	Q83ES8	Q83ER7	Q83ED6	0.999687	0.999936	0.0	0.85126096	0.74068274	1.0	0.589835	0.352131	1.0	0.60062	0.786831	0.0	0.609599	0.276016	1.0	-23.120190679562377	-22.937913380985336	0.0	0.22	0.09	1.0
SCF:0000348	AC:000267	Q05541	P38632	Q07913	0.999237	0.983205	1.0	0.67143124	0.52242575	1.0	0.004174	0.004177	0.0	0.607213	0.332703	1.0	0.200397	0.372566	0.0	-13.93820312302387	-28.551407514971928	1.0	0.72	0.1	1.0
SCF:0001868	AC:001604	Q9UBQ0	O60826	Q96QK1	0.99785	0.999679	0.0	0.50917132	0.26927838	1.0	0.008259	0.004177	1.0	0.664881	0.135067	1.0	193.642	0.616778	1.0	-24.79634929058454	-30.548633332654234	1.0	0.95	0.09	1.0
SCF:0000305	AC:000231	Q9BT73	P60900	P25788	0.999803	0.999932	0.0	0.36179049	0.1854374	1.0	0.138228	0.004183	1.0	0.496315	0.498708	0.0	0.083478	0.0315207	1.0	-25.11018612787142	-23.58173220243102	0.0	0.74	0.55	1.0
SCF:0001349	AC:001134	P06269	A0A1S4CKK0	A0A1S4CIZ9	6.7e-05	7.9e-05	0.0	0.63006031	0.77277219	0.0	0.004211	0.004239	0.0	0.151647	0.121019	1.0	0.36476	0.27785	1.0	-26.812865244654745	-25.772779037088508	0.0	0.17	0.25	0.0
SCF:0001835	AC:001565	I7LT80	I7MDA9	W7WX86	0.00552	0.018521	0.0	0.62136028	0.80430815	0.0	0.004195	0.004199	0.0	0.499538	0.499577	0.0	0.759459	0.927064	0.0	-31.15882233011575	-31.33849343418935	1.0	0.13	0.08	1.0
SCF:0003195	AC:002865	G0RZG4	G0RZX8	G0S9A0	0.997584	0.997194	1.0	0.59880696	0.56130865	1.0	0.004342	0.004174	1.0	0.201533	0.182563	1.0	1.75695	0.994268	1.0	-15.239526966096829	-26.96067393649613	1.0	0.72	0.12	1.0
SCF:0002666	AC:002343	C3SR62	C3SRY2	W8T6F0	0.999929	0.99992	1.0	0.79325875	0.85260457	0.0	0.708743	0.885324	0.0	0.746136	0.623732	1.0	0.419625	0.190777	1.0	-24.408427837240787	-25.635780609428572	1.0	0.11	0.17	0.0
SCF:0001059	AC:000876	P02557	P53378	P09733	0.999753	0.996449	1.0	0.86093387	0.62171629	1.0	0.904186	0.965601	0.0	0.775957	0.733444	1.0	165.583	87.3043	1.0	-17.482564083151352	-15.668364878226612	0.0	0.8	0.45	1.0
SCF:0002630	AC:002314	Q12464	P04912	P04911	0.999158	0.999195	0.0	0.60502002	0.60858535	0.0	0.689034	0.718361	0.0	0.776547	0.782669	0.0	101.267	101.256	1.0	-27.976961431160923	-27.9827873158438	1.0	0.13	0.11	1.0
SCF:0000429	AC:000330	P63096	O14625	P09341	0.999045	0.998566	1.0	0.49746947	0.40679706	1.0	0.004235	0.004206	1.0	0.498943	0.498836	1.0	43.2052	0.148546	1.0	-25.502450231803596	-25.14021153374924	0.0	0.1	0.16	0.0
SCF:0001365	AC:001148	A0A1B2U0Q7	A0A1B2U0I9	A0A1J7CBX1	0.999933	0.999942	0.0	0.78763512	0.69923526	1.0	0.814109	0.920065	0.0	0.324462	0.494925	0.0	0.116372	0.00922258	1.0	-8.534127393571667	-24.77269393307455	1.0	0.83	0.07	1.0
SCF:0001158	AC:000968	Q9SUI4	Q9S7N7	Q9SHE8	0.987978	0.997811	0.0	0.99079078	0.99105665	0.0	0.013191	0.007067	1.0	0.373734	0.489778	0.0	0.103639	0.0422089	1.0	-27.938951537097722	-28.884416689230427	1.0	0.23	0.1	1.0
SCF:0003033	AC:002697	Q5JS54	P25788	P28066	0.999916	0.999839	1.0	0.44374532	0.46266907	0.0	0.004177	0.00418	0.0	0.146651	0.399917	0.0	5.67301	3.67875	1.0	-22.69860828882753	-27.805376426329477	1.0	0.3	0.14	1.0
SCF:0000499	AC:000400	Q15370	Q8N884	Q6PJ21	0.999821	0.999755	1.0	0.51358554	0.34516669	1.0	0.004178	0.004179	0.0	0.574764	0.853045	0.0	4.24591	0.172803	1.0	-29.083965882346636	-29.776385800452488	1.0	0.18	0.11	1.0
SCF:0002066	AC:001780	Q8U0M5	Q8U4N1	Q8U216	0.998948	0.99277	1.0	0.98787835	0.99225268	0.0	0.00418	0.038572	0.0	0.499189	0.498973	1.0	0.326931	0.334297	0.0	-29.1289798151636	-28.872811526713598	0.0	0.15	0.1	1.0
SCF:0000946	AC:000793	A0QS96	A0QSD7	A0QSG1	0.999934	0.999939	0.0	0.55591844	0.78440118	0.0	0.316868	0.37891	0.0	0.866289	0.867363	0.0	0.0986286	0.117185	0.0	-27.982235023641003	-29.421772044704806	1.0	0.07	0.2	0.0
SCF:0002372	AC:002060	Q9Y230	P0C0S5	P04908	0.999277	0.999724	0.0	0.74467883	0.63013089	1.0	0.817334	0.842367	0.0	0.745535	0.756539	0.0	131.48	130.657	1.0	-28.345666299260007	-27.986291786297738	0.0	0.09	0.14	0.0
SCF:0001450	AC:001253	P62807	O96019	Q71F23	0.999835	0.287	1.0	0.71520922	0.5514316	1.0	0.004929	0.004194	1.0	0.590485	0.668544	0.0	0.765189	11.9846	0.0	-30.330339910645975	-25.10329583054021	0.0	0.22	0.11	1.0
SCF:0001293	AC:001091	Q9B6D4	Q9B6E8	Q9B6C8	0.992102	0.992322	0.0	0.95611289	0.98785785	0.0	0.004256	0.038627	0.0	0.000464	0.106603	0.0	1.30502	9.70177	0.0	-6.439958472083221	-23.247173012121927	1.0	0.86	0.77	1.0
SCF:0001856	AC:001590	Q9UJW0	P61163	P60709	0.999194	0.999706	0.0	0.68753445	0.51418807	1.0	0.072563	0.105541	0.0	0.681951	0.699628	0.0	183.954	95.3279	1.0	-27.675640627131255	-24.204717506397994	0.0	0.77	0.2	1.0
SCF:0002311	AC:001999	P23993	P13194	P36213	0.321483	0.731248	0.0	0.88800177	0.67741169	1.0	0.388366	0.979608	0.0	0.385789	0.318839	1.0	0.0512545	0.0503206	1.0	-30.20628866215044	-28.696594986681074	0.0	0.63	0.46	1.0
SCF:0002086	AC:001797	E9NPX1	I0Z2Y0	I0YQ44	0.284747	0.144812	1.0	0.9292889	0.91329927	1.0	0.006112	0.004568	1.0	0.581799	0.623093	0.0	0.0153368	0.00729927	1.0	-26.912645876126348	-25.343104981737994	0.0	0.18	0.17	1.0
SCF:0002304	AC:001995	O81098	Q9M1A8	Q9FJ98	0.999728	0.999808	0.0	0.53640586	0.5788788	0.0	0.556143	0.004211	1.0	0.802308	0.647332	1.0	51.3679	0.647377	1.0	-27.247057140874993	-22.873305028997613	0.0	0.53	0.16	1.0
SCF:0002955	AC:002623	A0A2K1KIF2	A0A2K1JC42	A0A2K1JDE1	0.901352	0.993904	0.0	0.9982487	0.99667033	1.0	0.020397	0.938599	0.0	0.463931	0.499404	0.0	0.0314815	0.0299068	1.0	-26.99871352840353	-27.57830702882172	1.0	0.54	0.08	1.0
SCF:0000917	AC:000767	P24311	O00483	P09669	0.999935	0.999882	1.0	0.97584015	0.99195996	0.0	0.243725	0.70574	0.0	0.50829	0.550705	0.0	1.38817	0.201852	1.0	-26.366418724219006	-28.54415847166085	1.0	0.08	0.18	0.0
SCF:0002633	AC:002315	I7MDA9	Q24C31	Q23YW7	0.00457	0.000954	1.0	0.80610436	0.70987702	1.0	0.004189	0.004177	1.0	0.499569	0.25017	1.0	0.840368	0.492268	1.0	-31.493501619204377	-28.167204371207546	0.0	0.17	0.16	1.0
SCF:0000271	AC:000212	Q2V2P8	Q06675	P38313	0.877791	0.999834	0.0	0.80783308	0.65987444	1.0	0.007144	0.004178	1.0	0.44898	0.394454	1.0	0.433139	0.408769	1.0	-30.46238985556408	-28.84696581844708	0.0	0.17	0.18	0.0
SCF:0000888	AC:000730	A0A3Q7HSH1	P49215	A0A3Q7IN69	0.999935	0.999936	0.0	0.96625629	0.80563915	1.0	0.689038	0.702299	0.0	0.70745	0.815066	0.0	29.9411	80.9584	0.0	-30.229957010804622	-30.50485135765812	1.0	0.52	0.09	1.0
SCF:0003233	AC:002905	Q15843	Q9UBF6	P62877	0.999682	0.94694	1.0	0.45159324	0.47861416	0.0	0.947525	0.973169	0.0	0.294299	0.330822	0.0	223.719	230.052	0.0	-23.19794373486104	-25.635473165800697	1.0	0.19	0.12	1.0
SCF:0001049	AC:000862	Q39615	P14224	P14225	0.999614	0.99701	1.0	0.91665434	0.92144099	0.0	0.012979	0.042576	0.0	0.017592	0.088121	0.0	0.120101	0.104673	1.0	-30.94692123549842	-30.204019541102472	0.0	0.06	0.09	0.0
SCF:0001091	AC:000901	B5YM25	A0T0M9	A0T0M8	0.999125	0.997914	1.0	0.92670959	0.95080237	0.0	0.005193	0.008075	0.0	0.049979	0.143781	0.0	0.0144226	0.0254254	0.0	-30.121627111176	-30.232872931053123	1.0	0.15	0.21	0.0
SCF:0000374	AC:000287	Q75VY4	Q75VZ0	Q75VY6	0.999937	0.99994	0.0	0.9822236	0.97755921	1.0	0.101723	0.184748	0.0	0.752668	0.719079	1.0	0.00345512	0.0204011	0.0	-26.748782967667328	-26.774886774361757	1.0	0.13	0.24	0.0
SCF:0001373	AC:001169	Q9BTE1	P60709	Q9NZ32	0.999722	0.999827	0.0	0.51920108	0.78333015	0.0	0.733689	0.93481	0.0	0.802475	0.81743	0.0	210.81	347.027	0.0	-27.754267153427165	-26.292477687360602	0.0	0.14	0.1	1.0
SCF:0000330	AC:000251	O95456	P20618	P28066	0.999419	0.999743	0.0	0.5185628	0.50852832	1.0	0.004177	0.004175	1.0	0.637607	0.163833	1.0	1.20433	1.17517	1.0	-19.733587101905673	-19.184187507700845	0.0	0.39	0.39	0.5
SCF:0000679	AC:000581	P25342	P32468	P32457	0.99984	0.999817	1.0	0.47014933	0.33047965	1.0	0.011925	0.011098	1.0	0.182619	0.297902	0.0	189.882	208.667	0.0	-16.275408538177118	-11.451561489687126	0.0	0.71	0.68	1.0
SCF:0002266	AC:001964	P50370	Q08363	P37256	0.758458	0.013401	1.0	0.99958432	0.98479691	1.0	0.00453	0.011004	0.0	0.485399	0.499957	0.0	0.0	0.103306	0.0	-16.824694176689736	-19.704852715996672	1.0	0.42	0.46	0.0
SCF:0002904	AC:002580	A0A175JJM9	C4M5A0	C4M9F9	0.999931	0.99995	0.0	0.21566473	0.4041096	0.0	0.92252	0.825162	1.0	0.802235	0.847865	0.0	24.7091	84.7539	0.0	-28.473777611437654	-27.028786247724064	0.0	0.54	0.55	0.0
SCF:0000688	AC:000591	O15527	Q71DI3	P62807	0.000639	0.021026	0.0	0.38736375	0.45209017	0.0	0.004188	0.004346	0.0	0.619902	0.499183	1.0	3.27479	1.43431	1.0	-26.20996728267016	-22.47608615816503	0.0	0.09	0.18	0.0
SCF:0002123	AC:001820	P56767	Q9SY97	Q01667	0.99946	0.999613	0.0	0.87349466	0.90459378	0.0	0.228762	0.155967	1.0	0.459443	0.476955	0.0	0.0486223	0.0287601	1.0	-30.484828773916334	-30.405808613215157	0.0	0.14	0.15	0.0
SCF:0002110	AC:001814	A8IL21	A8J353	A8INX1	0.999922	0.000411	1.0	0.57186815	0.34662647	1.0	0.783718	0.004178	1.0	0.669093	0.417408	1.0	0.371784	0.233334	1.0	-24.53016559252443	-24.10017116450262	0.0	0.65	0.16	1.0
SCF:0003325	AC:003014	P06269	A0A1S3YU01	A0A1S3XP85	0.000148	6.9e-05	1.0	0.72642082	0.45598684	1.0	0.004181	0.004176	1.0	0.499291	0.332934	1.0	0.390394	0.218132	1.0	-29.76704276525872	-26.320773072994836	0.0	0.16	0.15	1.0
SCF:0001901	AC:001634	A0ACD6B9M2	A0ACD6B9M4	A0ACD6B9L6	0.980782	0.99943	0.0	0.97828293	0.94069859	1.0	0.00418	0.004222	0.0	0.478366	0.511956	0.0	0.204545	0.0391667	1.0	-23.154283376579937	-22.792408179971908	0.0	0.67	0.1	1.0
SCF:0002983	AC:002645	A0A2X1PQW4	C3SR57	C3SQT7	0.999936	0.999935	1.0	0.64957104	0.49076497	1.0	0.087004	0.149726	0.0	0.615264	0.079886	1.0	0.316436	1.06929	0.0	-9.255070382827274	-27.46125117386533	1.0	0.74	0.05	1.0
SCF:0000734	AC:000620	P13165	P23993	P13192	0.057128	0.828507	0.0	0.75076234	0.96963369	0.0	0.004268	0.595806	0.0	0.444294	0.515658	0.0	0.0	0.0	0.5	-26.17012629413154	-24.514729356841798	0.0	0.17	0.13	1.0
SCF:0000384	AC:000294	P62090	Q9SHE8	Q9S831	0.024542	0.000539	1.0	0.68072236	0.47852227	1.0	0.00945	0.00423	1.0	0.00028	0.000599	0.0	0.0	0.0	0.5	-25.876228144592258	-27.611924400636454	1.0	0.41	0.35	1.0
SCF:0002643	AC:002324	Q6YXK4	A0A2K1JLW2	A0A2K1JC42	0.999641	0.998203	1.0	0.97439367	0.95664426	1.0	0.004177	0.004174	1.0	0.211068	0.464784	0.0	0.0590726	0.0166985	1.0	-22.229870216404237	-25.041870085906435	1.0	0.12	0.33	0.0
SCF:0002290	AC:001980	P9WPU9	P9WPV5	P9WPV1	0.993537	0.999084	0.0	0.81940272	0.87350529	0.0	0.004189	0.00427	0.0	0.498934	0.320423	1.0	0.17396	1.21321	0.0	-13.229622397366585	-24.290609141550842	1.0	0.83	0.15	1.0
SCF:0001264	AC:001065	Q23RH8	Q23S01	Q22E95	0.997593	0.998917	0.0	0.99962345	0.99896052	1.0	0.004214	0.004175	1.0	0.598093	0.367837	1.0	0.1681	0.0597087	1.0	-26.171367574165373	-25.801464637120564	0.0	0.1	0.23	0.0
SCF:0001058	AC:000875	Q32NC0	Q969H6	O95059	0.99991	0.999732	1.0	0.54393792	0.6025455	0.0	0.004174	0.004174	0.5	0.439843	0.744315	0.0	0.08761	0.170915	0.0	-27.874475452592296	-25.121460628163796	0.0	0.35	0.16	1.0
SCF:0003176	AC:002841	A0A2M9V7H9	A0A9X9IKM4	A0A2M9V7I0	0.208967	0.001896	1.0	0.75054714	0.68229452	1.0	0.004177	0.004177	0.5	0.132769	0.393643	0.0	0.332615	0.492026	0.0	-27.736591098906175	-21.478897643509292	0.0	0.28	0.2	1.0
SCF:0000818	AC:000678	G0SCD1	G0SC21	G0SE33	0.999462	0.999792	0.0	0.34504899	0.58533605	0.0	0.004177	0.004176	1.0	0.37311	0.209874	1.0	5.07877	3.21176	1.0	-11.744957676072033	-21.107517615255148	1.0	0.68	0.26	1.0
SCF:0002591	AC:002271	O43257	O96019	P60709	0.993097	0.925061	1.0	0.74875867	0.49354562	1.0	0.004193	0.006044	0.0	0.5838	0.752408	0.0	71.339	195.632	0.0	-27.58991183025806	-28.34667764912328	1.0	0.76	0.14	1.0
SCF:0002182	AC:001883	Q8U439	Q8U4N1	Q8U216	0.99011	0.999822	0.0	0.98207214	0.99428421	0.0	0.004184	0.319239	0.0	0.2321	0.662763	0.0	0.575485	0.492565	1.0	-2.628685941903259	-22.312779517241488	1.0	0.93	0.05	1.0
SCF:0000963	AC:000803	Q980T8	P57766	Q97Z84	0.994305	0.644065	1.0	0.8498068	0.87557398	0.0	0.004181	0.004248	0.0	0.724952	0.735794	0.0	0.358919	0.257188	1.0	-26.614320064916317	-27.46070316191882	1.0	0.72	0.73	0.0
SCF:0001646	AC:001416	Q13619	Q96MF7	Q99627	0.996746	0.113991	1.0	0.68394704	0.44643424	1.0	0.004177	0.013125	0.0	0.598729	0.650034	0.0	342.982	8.76271	1.0	-28.961311283573647	-28.547824751067743	0.0	0.19	0.25	0.0
SCF:0002984	AC:002646	P07766	Q861F7	P0DTU4	0.998854	0.998697	1.0	0.59571758	0.47464308	1.0	0.004225	0.009208	0.0	0.528966	0.582481	0.0	1.01695	163.253	0.0	-26.298334940440924	-27.348888339479153	1.0	0.21	0.43	0.0
SCF:0001533	AC:001318	P16687	P16679	P16678	0.000611	0.000106	1.0	0.55302492	0.64432713	0.0	0.004596	0.00523	0.0	0.797098	0.123731	1.0	0.369328	0.25205	1.0	-28.671486455339476	-28.492809802924064	0.0	0.21	0.24	0.0
SCF:0000768	AC:000641	I0YQ46	I0Z2Y0	I0Z7A7	0.999929	0.999905	1.0	0.94679562	0.97851869	0.0	0.03111	0.160536	0.0	0.714106	0.71366	1.0	0.0223976	0.0224417	0.0	-25.320245939165368	-26.64148559467943	1.0	0.26	0.31	0.0
SCF:0001456	AC:001261	I0Z7A7	I0Z7V3	I0Z7A6	0.999919	0.972429	1.0	0.95429725	0.96975568	0.0	0.151589	0.159894	0.0	0.745038	0.652793	1.0	0.0130171	0.0280903	0.0	-26.147286840527894	-29.076856676658352	1.0	0.2	0.09	1.0
SCF:0002186	AC:001892	P30394	A8HPD0	A8HPH1	0.999914	0.999922	0.0	0.90268139	0.93934518	0.0	0.012686	0.00532	1.0	0.558724	0.004178	1.0	0.0	0.0	0.5	-28.293796450286642	-28.80788799978359	1.0	0.27	0.3	0.0
SCF:0001528	AC:001316	Q24CL2	I7MG46	Q23S05	0.079286	0.007847	1.0	0.73743603	0.7869703	0.0	0.004184	0.004178	1.0	0.25632	0.416534	0.0	0.474435	0.801583	0.0	-31.080104636596115	-29.069958877981723	0.0	0.47	0.15	1.0
SCF:0003162	AC:002830	Q75VY9	P09144	P12154	0.999835	0.999787	1.0	0.91774718	0.91442087	1.0	0.004911	0.004627	1.0	0.097914	0.036372	1.0	0.0217338	0.0311957	0.0	-30.008889634473544	-30.34911150763319	1.0	0.26	0.2	1.0
SCF:0000254	AC:000202	P62877	P40337	P63208	0.999927	0.999724	1.0	0.54410808	0.51504814	1.0	0.980468	0.004454	1.0	0.649892	0.683086	0.0	165.44	171.736	0.0	-24.26516082080433	-27.64678407221167	1.0	0.08	0.16	0.0
SCF:0001624	AC:001396	A0A063XCG5	A0A063X8U6	A0A063XCP1	0.999918	0.999901	1.0	0.84206676	0.868833	0.0	0.544056	0.741024	0.0	3.2e-05	0.679535	0.0	1.16747	3.69151	0.0	-29.647935305882807	-25.54768598801464	0.0	0.07	0.06	1.0
SCF:0002767	AC:002439	Q9GZQ3	Q9NX08	Q9P000	0.999858	0.999923	0.0	0.66122311	0.73850236	0.0	0.00418	0.004182	0.0	0.73269	0.771935	0.0	171.246	8.89808	1.0	-23.217913468334753	-23.191870814533925	0.0	0.42	0.27	1.0
SCF:0001577	AC:001360	P18263	P11471	Q93VE0	0.789918	0.963537	0.0	0.94073809	0.69536217	1.0	0.941074	0.004395	1.0	0.624047	0.142494	1.0	0.0	0.00621118	0.0	-26.724743567002207	-28.543529142229136	1.0	0.14	0.12	1.0
SCF:0000383	AC:000292	P84098	P41227	Q9UKD2	0.999932	0.229207	1.0	0.7781536	0.26085716	1.0	0.537416	0.024312	1.0	0.822377	0.200969	1.0	3.9017	5.44661	0.0	-30.46805851840818	-30.504197737738924	1.0	0.08	0.13	0.0
SCF:0000470	AC:000371	C4M5A0	C4LXM0	C4M0Z2	0.999915	0.999949	0.0	0.4706683	0.52518546	0.0	0.921135	0.772028	1.0	0.821658	0.773343	1.0	0.825089	75.3154	0.0	-20.98198449474877	-24.77728405400235	1.0	0.37	0.13	1.0
SCF:0000784	AC:000648	Q84Y02	P12352	A8IFG7	0.998225	0.575601	1.0	0.98456794	0.78191102	1.0	0.004345	0.004364	0.0	0.068569	0.086447	0.0	0.058013	0.0728922	0.0	-27.555557444354505	-26.89892568097488	0.0	0.15	0.13	1.0
SCF:0003265	AC:002957	Q50754	P60239	Q50755	0.999431	0.690152	1.0	0.93302691	0.959075	0.0	0.006478	0.004192	1.0	0.11206	0.499296	0.0	0.341471	0.263584	1.0	-4.327282258467084	-26.775666701178586	1.0	0.75	0.21	1.0
SCF:0002896	AC:002572	P32341	P25515	P32842	0.99338	0.999376	0.0	0.32847888	0.21181008	1.0	0.004179	0.004196	0.0	0.090444	0.212098	0.0	0.200482	0.497587	0.0	-24.359034132714037	-23.92524052700331	0.0	0.32	0.48	0.0
SCF:0001324	AC:001111	A8INX1	A8IXD6	A8IL21	0.999922	0.999114	1.0	0.57186815	0.64010212	0.0	0.783718	0.020111	1.0	0.669093	0.104193	1.0	0.371784	0.160841	1.0	-24.53016559252443	-25.917182255274763	1.0	0.65	0.16	1.0
SCF:0002678	AC:002349	Q9BTE1	P61163	Q9NZ32	0.999722	0.99951	1.0	0.51920108	0.43297374	1.0	0.733689	0.459109	1.0	0.802475	0.851653	0.0	210.81	428.313	0.0	-27.754267153427165	-25.12803244514111	0.0	0.14	0.14	0.5
SCF:0002425	AC:002113	P9WPV7	P9WPU9	P9WPV3	0.999789	0.999719	1.0	0.81493404	0.87027433	0.0	0.004204	0.004236	0.0	0.526639	0.165869	1.0	0.200215	1.97869	0.0	-29.090960289292273	-23.183441258965164	0.0	0.37	0.14	1.0
SCF:0002418	AC:002107	P9WGZ1	P9WIU9	P71814	0.011114	0.980573	0.0	0.54969334	0.61691042	0.0	0.004215	0.004278	0.0	0.27451	0.758902	0.0	0.473661	0.311118	1.0	-25.755063796349663	-28.499301193233517	1.0	0.11	0.08	1.0
SCF:0001316	AC:001105	G0SE33	G0SC21	G0SCD1	0.999462	0.999778	0.0	0.34504899	0.28187754	1.0	0.004177	0.006752	0.0	0.37311	0.095702	1.0	5.07877	18.2061	0.0	-11.744957676072033	-27.80466212460082	1.0	0.68	0.61	1.0
SCF:0000725	AC:000616	A0A8D0JYF1	A0A4X1VM56	A0A287ADR4	0.999854	0.99994	0.0	0.75932604	0.75770232	1.0	0.004185	0.028523	0.0	0.348035	0.512165	0.0	95.9066	124.273	0.0	-25.662331512842936	-24.232833735626723	0.0	0.07	0.06	1.0
SCF:0002500	AC:002177	A0A9X9IKM4	A0A5M5QTL0	A0A5C6J4N7	0.813257	0.989948	0.0	0.63686011	0.72020796	0.0	0.004174	0.004173	1.0	0.574832	0.169183	1.0	0.335154	0.170986	1.0	-22.7626298932203	-26.83715139560532	1.0	0.82	0.22	1.0
SCF:0000521	AC:000427	P42766	Q9BXJ9	Q9BZE4	0.999895	0.997668	1.0	0.67234015	0.46191717	1.0	0.057594	0.01301	1.0	0.673527	0.473908	1.0	177.861	1.50864	1.0	-28.460616763399802	-28.848864126251105	1.0	0.09	0.13	0.0
SCF:0002854	AC:002516	Q75VY4	P09144	P12154	0.997928	0.999697	0.0	0.94784397	0.93366441	1.0	0.118741	0.082159	1.0	0.433841	0.495814	0.0	0.0058898	0.0142716	0.0	-30.3346351224479	-30.54806541864752	1.0	0.19	0.54	0.0
SCF:0002109	AC:001811	G0S755	G0RZG4	G0S1P1	0.999334	0.999175	1.0	0.6793796	0.53029678	1.0	0.004175	0.004175	0.5	0.119266	0.200206	0.0	9.39818	1.67585	1.0	-10.291901574554357	-15.582751119979784	1.0	0.53	0.55	0.0
SCF:0002281	AC:001974	Q32P78	Q32PE0	F2Z4H3	0.999948	0.999938	1.0	0.75330425	0.53423079	1.0	0.932152	0.828632	1.0	0.638116	0.743596	0.0	103.609	104.397	0.0	-23.15435787267353	-27.045278293879953	1.0	0.18	0.05	1.0
SCF:0000058	AC:000050	P21471	P21476	P21473	0.999887	0.999801	1.0	0.87535628	0.86823726	1.0	0.047773	0.708057	0.0	0.159595	0.699199	0.0	0.510134	0.0310102	1.0	-23.54503371206562	-26.355567473584735	1.0	0.09	0.03	1.0
SCF:0001902	AC:001635	A0T0V1	B5YM25	B8C0K4	0.995913	0.999074	0.0	0.96854612	0.93803978	1.0	0.006584	0.004264	1.0	0.344073	0.012338	1.0	0.00913132	0.0	1.0	-22.747897724713983	-25.621903858895354	1.0	0.11	0.1	1.0
SCF:0001219	AC:001018	E9NPW6	I0Z7A6	I0YQ46	0.999763	0.142262	1.0	0.96481795	0.94830811	1.0	0.00476	0.004473	1.0	0.648577	0.688959	0.0	0.0	0.0	0.5	-25.431922120468744	-26.49796062921691	1.0	0.16	0.13	1.0
SCF:0000904	AC:000745	Q9BS16	P62807	Q93077	0.999927	0.999821	1.0	0.33554023	0.24064437	1.0	0.004181	0.004184	0.0	0.534021	0.280514	1.0	9.97772	12.1486	0.0	-30.51274944719397	-30.12569885070453	0.0	0.17	0.22	0.0
SCF:0002952	AC:002621	A0A1J7CBX1	A0A1M6R974	A0A1M5L6R0	0.999936	0.999935	1.0	0.89514688	0.69736826	1.0	0.646237	0.444278	1.0	0.826876	0.528288	1.0	0.235953	0.0637091	1.0	-26.939158471420733	-28.69394103360791	1.0	0.08	0.24	0.0
SCF:0003243	AC:002919	P56752	O80634	Q9SGH4	0.001486	0.002618	0.0	0.86063479	0.82934343	1.0	0.004188	0.004205	0.0	0.025548	0.029077	0.0	0.0977151	0.258595	0.0	-27.560246406605614	-25.444934953453387	0.0	0.18	0.17	1.0
SCF:0000925	AC:000777	P04969	P21467	P21472	0.999947	0.999944	1.0	0.76412686	0.67208567	1.0	0.739786	0.76305	0.0	0.843201	0.622439	1.0	0.00824206	0.0780833	0.0	-30.598669065839882	-28.834487039470787	0.0	0.07	0.1	0.0
SCF:0001150	AC:000958	Q7Z4G1	Q9GZQ3	Q9P000	0.999787	0.999907	0.0	0.6077835	0.68312082	0.0	0.004232	0.004182	1.0	0.456579	0.568378	0.0	148.123	17.2519	1.0	-17.148181439487267	-16.699901834562297	0.0	0.66	0.49	1.0
SCF:0001795	AC:001532	Q00914	Q84Y02	Q05093	0.001015	0.000861	1.0	0.35911824	0.36509221	0.0	0.004567	0.007038	0.0	0.068007	0.085766	0.0	0.0	0.0	0.5	-27.34557545476851	-27.311199564699525	0.0	0.11	0.1	1.0
SCF:0001609	AC:001386	P12356	Q75VY6	Q05093	0.999451	0.998982	1.0	0.98500872	0.98830264	0.0	0.010035	0.005643	1.0	0.605325	0.679863	0.0	0.0229345	0.154219	0.0	-28.46051944141475	-27.12728288775699	0.0	0.1	0.23	0.0
SCF:0001364	AC:001145	P18384	P07611	P16710	0.000391	0.001755	0.0	0.75311712	0.7074173	1.0	0.00418	0.004194	0.0	0.47027	0.520516	0.0	0.330386	0.178033	1.0	-29.281489801174807	-29.09573996071988	0.0	0.22	0.27	0.0
SCF:0000658	AC:000559	Q12824	Q96GM5	Q969G3	0.999901	0.99985	1.0	0.70202574	0.84836	0.0	0.004178	0.00418	0.0	0.778744	0.737367	1.0	222.602	379.707	0.0	-30.63491612308213	-30.709139739952718	1.0	0.2	0.15	1.0
SCF:0001033	AC:000847	A0A4V8H010	A0A4V8H008	A0A4V8GZZ5	0.797902	0.056636	1.0	0.98510626	0.89618153	1.0	0.006098	0.004207	1.0	0.563579	0.428902	1.0	0.0	0.0348399	0.0	-21.767114856469085	-24.809295616861565	1.0	0.17	0.13	1.0
SCF:0000961	AC:000800	P16685	P16678	P16686	0.361434	0.988017	0.0	0.75079578	0.56034188	1.0	0.004176	0.004277	0.0	0.498634	0.498929	0.0	0.262921	0.261931	1.0	-26.022428086270992	-22.064532261083997	0.0	0.45	0.17	1.0
SCF:0001099	AC:000910	Q2FW30	Q2FW31	Q2FW22	0.999937	0.999942	0.0	0.85272625	0.75138533	1.0	0.274621	0.835703	0.0	0.709366	0.192683	1.0	0.123272	0.159459	0.0	-25.98693490420806	-28.329335870057893	1.0	0.05	0.06	0.0
SCF:0002804	AC:002475	Q12379	Q04601	Q08683	0.027539	0.005685	1.0	0.81674677	0.77054578	1.0	0.004175	0.004175	0.5	0.04544	0.021402	1.0	0.223555	0.242692	0.0	-27.8370471558749	-28.73875074241188	1.0	0.17	0.1	1.0
SCF:0000884	AC:000727	P0A7U3	P69222	P0A7T7	0.999783	0.999661	1.0	0.9177677	0.83900195	1.0	0.835701	0.649873	1.0	0.717229	0.316824	1.0	0.0108696	0.0	1.0	-26.91121928408526	-27.182626869799435	1.0	0.02	0.03	0.0
SCF:0001588	AC:001372	B2GUV5	Q6P503	Q6PCU2	0.999881	0.999445	1.0	0.41931871	0.47325325	0.0	0.004265	0.004177	1.0	0.739007	0.066931	1.0	60.5769	66.3381	0.0	-6.806237335001553	-29.169644422360907	1.0	0.69	0.15	1.0
SCF:0003144	AC:002819	Q9VLI9	Q9VF82	Q9VSY8	0.99989	0.998712	1.0	0.75811699	0.68166238	1.0	0.004175	0.004175	0.5	0.518089	0.494829	1.0	176.238	87.6813	1.0	-10.673616857695901	-24.655121691208052	1.0	0.69	0.36	1.0
SCF:0000114	AC:000107	P59768	P08913	P21728	0.999902	0.999889	1.0	0.28303308	0.25084795	1.0	0.822415	0.263609	1.0	0.890002	0.867608	1.0	321.447	479.739	0.0	-27.028029831001042	-27.03907676975817	1.0	0.15	0.23	0.0
SCF:0001684	AC:001452	O32231	P21467	P21470	0.999679	0.999909	0.0	0.6321902	0.66071693	0.0	0.13179	0.835452	0.0	0.769846	0.799364	0.0	0.122712	0.224222	0.0	-26.437065667937514	-26.568493576277834	1.0	0.2	0.24	0.0
SCF:0000055	AC:000048	Q2G2Q1	Q2G111	Q2FW10	0.999917	0.999908	1.0	0.85620871	0.91383123	0.0	0.071149	0.055611	1.0	0.009605	0.297919	0.0	0.0883	0.639888	0.0	-27.17649585337655	-24.213713601867806	0.0	0.06	0.06	0.5
SCF:0003293	AC:002987	A0QSL6	A0QSL5	A0R549	0.999943	0.999943	0.5	0.92081996	0.75317845	1.0	0.750265	0.881663	0.0	0.725439	0.003248	1.0	0.417818	0.0587892	1.0	-28.942992019002904	-29.15814396966111	1.0	0.05	0.04	1.0
SCF:0002675	AC:002347	B8BUW3	A0T0M8	A0T0M9	0.007724	0.002579	1.0	0.75596101	0.66861391	1.0	0.008638	0.005682	1.0	0.083775	0.025598	1.0	0.0351296	0.0153704	1.0	-30.249764933412692	-30.33460915226265	1.0	0.29	0.14	1.0
SCF:0000915	AC:000764	Q03718	P38632	Q07913	0.989112	0.01732	1.0	0.72249224	0.57761561	1.0	0.004174	0.004175	0.0	0.408453	0.042435	1.0	0.197296	0.422379	0.0	-30.23377691340512	-29.88553909216908	0.0	0.23	0.28	0.0
SCF:0000591	AC:000496	O00399	P61163	Q9NZ32	0.999775	0.982837	1.0	0.56532163	0.54067652	1.0	0.435779	0.334779	1.0	0.770348	0.839813	0.0	201.658	237.793	0.0	-26.432111063211778	-27.32912986777798	1.0	0.28	0.12	1.0
SCF:0000748	AC:000631	Q5SHR1	P0DOY7	Q5SHN3	0.999927	0.992778	1.0	0.86973157	0.98588192	0.0	0.442946	0.362861	1.0	0.009873	0.536138	0.0	0.114268	0.0981481	1.0	-28.018898283592378	-25.701378090419468	0.0	0.05	0.03	1.0
SCF:0002653	AC:002339	P21473	P21477	P55873	0.999949	0.999923	1.0	0.90475732	0.65017262	1.0	0.639345	0.629708	1.0	0.513812	0.73083	0.0	0.185252	1.07482	0.0	-28.089783709668964	-24.62331756227959	0.0	0.21	0.03	1.0
SCF:0000067	AC:000055	E9NPS7	I0YQ46	I0YPL4	0.995188	0.999283	0.0	0.96069183	0.96378137	0.0	0.004189	0.006898	0.0	0.016348	0.3725	0.0	0.0436708	0.00341505	1.0	-29.905452515836252	-29.789346781870314	0.0	0.29	0.27	1.0
SCF:0000450	AC:000342	A0A3Q7G7F0	A0A3Q7I881	K4ATQ2	0.99995	0.999946	1.0	0.93049139	0.92634573	1.0	0.916802	0.41986	1.0	0.819014	0.726503	1.0	76.2542	81.9513	0.0	-28.781131852892017	-29.138370685302295	1.0	0.65	0.13	1.0
SCF:0002990	AC:002648	Q9P2I0	Q969L4	P62308	0.999749	0.999625	1.0	0.89595512	0.8004816	1.0	0.738418	0.359656	1.0	0.748231	0.787221	0.0	7.94495	8.33523	0.0	-28.510774990899	-29.09064508390162	1.0	0.13	0.28	0.0
SCF:0000577	AC:000480	Q02878	P41227	P83731	0.999936	0.000242	1.0	0.76429057	0.3695295	1.0	0.892453	0.028468	1.0	0.806739	0.33312	1.0	54.2082	1.02781	1.0	-30.059817223939504	-27.817788550116774	0.0	0.06	0.21	0.0
SCF:0000497	AC:000399	A0A2K3DGW6	A0A2K3DLI2	A0A2K3DVJ8	0.000147	0.000353	0.0	0.44916045	0.51345232	0.0	0.004181	0.004184	0.0	0.018321	0.4998	0.0	0.281652	0.168075	1.0	-30.32060019900541	-29.926313866847114	0.0	0.14	0.22	0.0
SCF:0000020	AC:000018	P60899	A0A8D1KNW4	A0A4X1VEK9	0.999936	0.999943	0.0	0.47732942	0.47732939	1.0	0.457909	0.45791	0.0	0.605015	0.605014	1.0	139.486	139.486	0.5	-27.862690500995306	-27.862690500995306	0.5	0.04	0.04	0.5
SCF:0002464	AC:002140	P28632	P28630	P28631	0.980835	0.915707	1.0	0.74024454	0.66934326	1.0	0.004174	0.004174	0.5	0.499142	0.423722	1.0	0.194545	0.320232	0.0	-26.750476307195562	-27.306740051722187	1.0	0.43	0.15	1.0
SCF:0002474	AC:002150	G0SC21	G0S1P1	G0S755	0.999548	0.999596	0.0	0.57248709	0.72352409	0.0	0.00422	0.004175	1.0	0.829092	0.097097	1.0	11.6144	5.81321	1.0	-7.222886042264438	-11.637628614265227	1.0	0.86	0.56	1.0
SCF:0003015	AC:002678	P31556	A8HPD0	A8HPC6	0.997281	0.999796	0.0	0.67460275	0.70552452	0.0	0.004353	0.004679	0.0	0.115622	0.400344	0.0	0.0	0.0	0.5	-30.32386032389351	-29.78454930354154	0.0	0.11	0.1	1.0
SCF:0000066	AC:000054	O43402	Q9NPA0	Q9P0I2	0.999672	0.999857	0.0	0.66374117	0.60590595	1.0	0.00418	0.004179	1.0	0.657115	0.563929	1.0	184.856	182.179	1.0	-27.915540611706952	-23.304608912770085	0.0	0.11	0.31	0.0
SCF:0001288	AC:001088	A8IFG7	Q75VY9	Q84Y02	0.998225	0.999307	0.0	0.98456794	0.98049432	1.0	0.004345	0.004204	1.0	0.068569	0.095254	0.0	0.058013	0.211716	0.0	-27.555557444354505	-27.686060407626552	1.0	0.15	0.19	0.0
SCF:0000032	AC:000028	Q24I09	W7XBF5	Q23S01	0.013584	0.005911	1.0	0.92522681	0.71215993	1.0	0.004876	0.004255	1.0	0.026104	0.000105	1.0	0.0684134	0.296252	0.0	-22.47858025269565	-24.468222059452472	1.0	0.47	0.1	1.0
SCF:0002160	AC:001851	A0A2K3CY83	A0A2K3DHV6	A8HUP3	0.000393	0.00015	1.0	0.77550657	0.58764505	1.0	0.004179	0.004182	0.0	0.015069	0.029733	0.0	0.312844	0.356131	0.0	-29.963623587862195	-30.439939354977486	1.0	0.25	0.2	1.0
SCF:0003284	AC:002975	Q32P73	F2Z4H3	Q32PE0	0.999943	0.999942	1.0	0.50492271	0.66468117	0.0	0.672196	0.319554	1.0	0.599366	0.631558	0.0	138.376	14.4397	1.0	-28.689794778538502	-27.582830104522706	0.0	0.04	0.08	0.0
SCF:0002240	AC:001941	Q9Y244	Q969U7	P25789	0.999682	0.999072	1.0	0.25408071	0.33913317	0.0	0.008514	0.004174	1.0	0.775354	0.72349	1.0	3.09926	168.572	0.0	-28.45979794584951	-28.954458207897595	1.0	0.07	0.06	1.0
SCF:0000024	AC:000019	Q92966	Q00403	Q9HAW0	0.00015	0.999056	0.0	0.58272239	0.38403491	1.0	0.004175	0.004175	0.5	0.075884	0.127617	0.0	0.505519	0.196572	1.0	-30.08467481901506	-30.214292136833244	1.0	0.11	0.14	0.0
SCF:0002462	AC:002139	W7WX86	I7MG46	I7LT80	0.00552	0.076287	0.0	0.62136028	0.73975227	0.0	0.004195	0.004181	1.0	0.499538	0.703671	0.0	0.759459	0.577655	1.0	-31.15882233011575	-29.578983976343963	0.0	0.13	0.38	0.0
SCF:0000802	AC:000669	A0A125YG13	A0A125YMK3	S8GU15	0.59977	0.43321	1.0	0.91226567	0.72575345	1.0	0.004178	0.004178	0.5	0.167695	0.499673	0.0	0.316847	0.344607	0.0	-30.42491838028729	-30.296991109251703	0.0	0.39	0.08	1.0
SCF:0001728	AC:001490	Q24CL2	A4VD15	Q23S05	0.079286	0.006556	1.0	0.73743603	0.68865569	1.0	0.004184	0.004182	1.0	0.25632	0.333147	0.0	0.474435	0.791558	0.0	-31.080104636596115	-30.37152316390827	0.0	0.47	0.09	1.0
SCF:0002756	AC:002428	P02293	Q06675	Q02732	0.997692	0.998996	0.0	0.3379117	0.52726811	0.0	0.00418	0.00418	0.5	0.372516	0.479085	0.0	4.48282	7.06082	0.0	-29.300275676702594	-29.270595300624905	0.0	0.17	0.17	0.5
SCF:0002780	AC:002444	Q31L30	Q31QK2	Q31S42	0.022305	0.837443	0.0	0.81974715	0.7165232	1.0	0.004192	0.011854	0.0	0.112496	0.80844	0.0	0.256898	0.18775	1.0	-21.755507903066153	-26.89885805823901	1.0	0.12	0.11	1.0
SCF:0001582	AC:001367	I0YQ45	I0Z687	I0YQ46	0.999933	0.977852	1.0	0.97849718	0.99190006	0.0	0.045745	0.117061	0.0	0.74158	0.674956	1.0	0.00623341	0.0407985	0.0	-26.249271759022097	-28.44095097363528	1.0	0.54	0.19	1.0
SCF:0001563	AC:001343	A0QVB8	A0QZ86	A0QSD2	0.999849	0.988776	1.0	0.8510623	0.41806663	1.0	0.8776	0.007567	1.0	0.854917	0.499431	1.0	1.09144	0.12238	1.0	-25.425790151253864	-27.392889577876115	1.0	0.09	0.26	0.0
SCF:0001573	AC:001353	Q39615	A8ITV3	Q05093	0.999502	0.999049	1.0	0.90207186	0.84332144	1.0	0.004725	0.004187	1.0	0.035385	0.129852	0.0	0.0428079	0.180272	0.0	-30.30046752552981	-29.65956026443042	0.0	0.1	0.06	1.0
SCF:0001851	AC:001584	I0YQ45	I0Z7A6	I0Z7A7	0.999914	0.999917	0.0	0.94779206	0.97365356	0.0	0.035648	0.066702	0.0	0.772662	0.764306	1.0	0.0169525	0.036861	0.0	-25.81464032613546	-26.426294316814946	1.0	0.56	0.38	1.0
SCF:0002334	AC:002020	B3H6Z4	O80634	Q9SGH4	9.8e-05	0.001742	0.0	0.88507961	0.85336938	1.0	0.004177	0.004189	0.0	0.112115	0.247593	0.0	0.161914	0.238843	0.0	-28.959353133933412	-29.31368533504352	1.0	0.12	0.1	1.0
SCF:0000969	AC:000807	P40422	Q04307	P27999	0.999768	0.999445	1.0	0.46832366	0.55945465	0.0	0.013232	0.1889	0.0	0.744985	0.711314	1.0	25.1676	27.7619	0.0	-28.77418688242553	-27.783256984438214	0.0	0.03	0.18	0.0
SCF:0002300	AC:001986	P68608	P68439	P20637	0.89169	0.983249	0.0	0.74078822	0.93587738	0.0	0.004175	0.004174	1.0	0.43896	0.497372	0.0	0.228997	0.225055	1.0	-30.169055054095562	-30.434065508818964	1.0	0.11	0.24	0.0
SCF:0002962	AC:002625	Q9FQ96	A8IKI9	A8J5P7	0.999522	0.999736	0.0	0.95574314	0.97494725	0.0	0.762846	0.038442	1.0	0.497139	0.200837	1.0	43.3465	3.229	1.0	-27.666991653066876	-23.538436223856454	0.0	0.59	0.15	1.0
SCF:0001542	AC:001327	Q9SUI5	Q9S7N7	Q9SHE8	0.996843	0.999784	0.0	0.98622188	0.99091766	0.0	0.004498	0.009653	0.0	0.395725	0.513025	0.0	0.0611904	0.0171154	1.0	-27.568247460173765	-26.33103608920024	0.0	0.11	0.09	1.0
SCF:0000109	AC:000099	P02309	P47128	P02293	0.99987	0.999858	1.0	0.75392446	0.87877319	0.0	0.959558	0.004205	1.0	0.746221	0.385643	1.0	192.212	0.132743	1.0	-12.274983392123216	-29.01635565103478	1.0	0.5	0.1	1.0
SCF:0003307	AC:002993	Q01667	P56766	P56767	0.99946	0.998495	1.0	0.87349466	0.85795797	1.0	0.228762	0.184437	1.0	0.459443	0.488866	0.0	0.0486223	0.0356238	1.0	-30.484828773916334	-30.279204322224007	0.0	0.14	0.28	0.0
SCF:0001770	AC:001516	A0A2K3CXW8	A8J353	A8INX1	0.999643	0.000164	1.0	0.61244791	0.47594176	1.0	0.00418	0.004199	0.0	0.386992	0.04407	1.0	0.2487	0.224163	1.0	-26.851458540386094	-28.871295342955666	1.0	0.4	0.18	1.0
SCF:0000209	AC:000177	P59768	Q96RJ0	P28223	0.999911	0.999842	1.0	0.37124154	0.33330055	1.0	0.522557	0.322582	1.0	0.867291	0.873761	0.0	193.158	269.973	0.0	-27.87185802184802	-24.38009669697623	0.0	0.2	0.14	1.0
SCF:0003309	AC:002997	B8BRQ8	B8BUW3	B8C770	0.999608	0.016726	1.0	0.96486116	0.79488915	1.0	0.004322	0.004221	1.0	0.441489	0.148626	1.0	0.15742	0.127277	1.0	-27.20017414093725	-29.74022100724653	1.0	0.13	0.1	1.0
SCF:0001030	AC:000844	Q12321	P47822	P33308	0.994445	0.999282	0.0	0.81134662	0.91176493	0.0	0.00418	0.004185	0.0	0.250963	0.499484	0.0	0.537221	0.636888	0.0	-29.993033949836406	-29.586492503164756	0.0	0.58	0.24	1.0
SCF:0001053	AC:000869	Q99627	Q8IY47	Q13619	0.996746	0.010192	1.0	0.68394704	0.60117292	1.0	0.004177	0.004181	0.0	0.598729	0.126486	1.0	342.982	0.322279	1.0	-28.961311283573647	-28.471500756871365	0.0	0.19	0.3	0.0
SCF:0001355	AC:001138	I0YTK4	I0YQ46	I0YP72	0.999716	0.999145	1.0	0.99595579	0.9937686	1.0	0.011658	0.188018	0.0	0.671118	0.698546	0.0	0.103308	0.080108	1.0	-27.865559587346432	-28.26920977508727	1.0	0.13	0.18	0.0
SCF:0003125	AC:002790	P23662	A8IKI9	A8J5P7	0.999861	0.999881	0.0	0.71869269	0.68235433	1.0	0.29635	0.004266	1.0	0.658924	0.021459	1.0	36.5974	1.87798	1.0	-28.463219390960568	-26.913135317149486	0.0	0.61	0.48	1.0
SCF:0002950	AC:002618	P06627	P0A6Y1	P0A6X7	0.997305	0.975879	1.0	0.48329002	0.33441149	1.0	0.004213	0.004189	1.0	0.570716	0.000423	1.0	0.0975403	0.339207	0.0	-23.789339890760576	-26.324013794825724	1.0	0.11	0.25	0.0
SCF:0002619	AC:002301	Q389F5	Q57XL7	Q57ZX7	0.000114	0.000349	0.0	0.49273198	0.56901893	0.0	0.004175	0.004174	1.0	0.433944	0.07511	1.0	0.350738	0.188052	1.0	-27.675867829009217	-29.761673108739384	1.0	0.12	0.21	0.0
SCF:0000081	AC:000074	G0RZG4	G0SCD1	G0SC21	0.999693	0.999611	1.0	0.56437644	0.65199086	0.0	0.00418	0.004174	1.0	0.499636	0.308038	1.0	0.930933	0.406348	1.0	-15.978157988134651	-26.495117956112058	1.0	0.68	0.39	1.0
SCF:0002389	AC:002080	Q2T9T3	F2Z4H3	F2Z4C9	0.999934	0.999943	0.0	0.35448677	0.59556986	0.0	0.39799	0.583097	0.0	0.675746	0.743743	0.0	168.4	1.15911	1.0	-23.181070739050952	-25.93612073516846	1.0	0.46	0.29	1.0
