P0CX53	P0CX53
P0DM37	P0DM37
P0DOY7	P0DOY7
P0DP23	P0DP23
P0DP23	P0DP25
P0DP23	P0DP26
P0DP43	P0DP43
P0DPB6	P0DPB6
P10145	P10145
P10176	P10176
P10412	P10412
P11471	P11471
P11704	P11704
P11704	P38550
P12004	P12004
P12239	P12239
P12239	A0ACD6B9L6
P12239	Q08363
P12239	Q8DIN9
P12239	Q9TM21
P12240	P12240
P12240	O19882
P12240	P59763
P12240	Q8DJZ6
P12277	P12277
P12356	P12356
P12356	A0A4V8H008
P12356	I0Z7V3
P12464	P12464
P12754	P12754
P12853	P12853
P12873	P12873
P13073	P13073
P13382	P13382
P13393	P13393
P13619	P13619
P13619	A0A8D0MI69
P13621	P13621
P13639	P13639
P13671	P13671
P13987	P13987
P14224	P14224
P14225	P14225
P14225	A0A2P6U0J1
P14575	P14575
P14635	P14635
P14736	P14736
P14741	P14741
P14835	P14835
P14835	O19925
P14835	P19052
P14854	P14854
P14854	P00429
P15170	P15170
P15954	P15954
P16002	P16002
P16002	P00289
P16522	P16522
P16678	P16678
P16679	P16679
P16685	P16685
P16686	P16686
P16687	P16687
Q8N423	Q8N423
Q8N4V1	Q8N4V1
Q8N668	Q8N668
Q8N6L1	Q8N6L1
Q8N766	Q8N766
Q8N884	Q8N884
Q8NB91	Q8NB91
Q8NEZ3	Q8NEZ3
Q8NFG4	Q8NFG4
Q8SD63	Q8SD63
Q8SD64	Q8SD64
Q8SDC8	Q8SDC8
Q8SDD3	Q8SDD3
Q8TAF3	Q8TAF3
Q8TB45	Q8TB45
Q8TCD0	Q8TCD0
Q8TCD0	A2P1G9
Q8TCD0	P0DOX7
Q8TCD0	Q6GMX0
Q8TCD0	Q6P5S8
Q8TCD0	Q6PIL8
Q8TCD0	Q7Z3Y4
Q8TDU9	Q8TDU9
Q8TF46	Q8TF46
Q8TZK1	Q8TZK1
Q8U0Z7	Q8U0Z7
Q8U0Z8	Q8U0Z8
Q8U104	Q8U104
Q8U439	Q8U439
Q8WUB8	Q8WUB8
Q8WV22	Q8WV22
Q8WVM7	Q8WVM7
Q8WW43	Q8WW43
Q8WW43	Q96BI3
Q8WX92	Q8WX92
Q8YVQ2	Q8YVQ2
Q91VD9	Q91VD9
Q92316	Q92316
Q92352	Q92352
Q92399	Q92399
Q92574	Q92574
Q92759	Q92759
Q92905	Q92905
Q92966	Q92966
Q93034	Q93034
Q93100	Q93100
Q93SX0	Q93SX0
Q93SX0	P83794
Q94AQ8	Q94AQ8
Q95695	Q95695
Q969F8	Q969F8
Q969G3	Q969G3
Q969H6	Q969H6
Q969L4	Q969L4
Q969U7	Q969U7
Q96B26	Q96B26
Q96CS2	Q96CS2
Q96CS2	A0A8J1L9M8
Q96F46	Q96F46
Q96FW1	Q96FW1
Q96GG9	Q96GG9
Q96GM5	Q96GM5
Q96HW7	Q96HW7
Q96L50	Q96L50
Q96MF7	Q96MF7
Q96MG7	Q96MG7
Q96MG8	Q96MG8
Q96N11	Q96N11
Q96P70	Q96P70
Q96QK1	Q96QK1
Q96RJ0	Q96RJ0
Q96RY7	Q96RY7
Q96SY0	Q96SY0
Q97Z84	Q97Z84
Q980B8	Q980B8
Q980B8	B8YB65
Q980L5	Q980L5
Q980R1	Q980R1
Q980R1	B8YB55
Q980R2	Q980R2
Q980T8	Q980T8
Q980U8	Q980U8
Q99207	Q99207
Q99315	Q99315
Q99460	Q99460
Q99471	Q99471
Q99627	Q99627
Q99638	Q99638
Q99731	Q99731
Q99832	Q99832
Q99832	Q2NKZ1
Q99871	Q99871
Q9NZ32	Q9NZ32
Q9NZ42	Q9NZ42
Q9NZQ3	Q9NZQ3
Q9P000	Q9P000
Q9P0I2	Q9P0I2
Q9P1U0	Q9P1U0
Q9P2I0	Q9P2I0
Q9P2L0	Q9P2L0
Q9P2Y5	Q9P2Y5
Q9P4W1	Q9P4W1
Q9P6Q0	Q9P6Q0
Q9P7M1	Q9P7M1
Q9P7Y4	Q9P7Y4
Q9R1M7	Q9R1M7
Q9RSJ5	Q9RSJ5
Q9RSJ5	P0AG44
Q9RXK0	Q9RXK0
Q9SAJ3	Q9SAJ3
Q9SCY3	Q9SCY3
Q9SGH4	Q9SGH4
Q9SHE8	Q9SHE8
Q9SHE8	A0A2K1J0L9
Q9SHE8	P12355
Q9SHE8	P13192
Q9SK66	Q9SK66
Q9SMN1	Q9SMN1
Q9SN86	Q9SN86
Q9UBD5	Q9UBD5
Q9UBI1	Q9UBI1
Q9UBQ0	Q9UBQ0
Q9UGP5	Q9UGP5
Q9UHV9	Q9UHV9
Q9UJW0	Q9UJW0
Q9UJX2	Q9UJX2
Q9UJX3	Q9UJX3
Q9UJX4	Q9UJX4
Q9UJX5	Q9UJX5
Q9UJX6	Q9UJX6
Q9UKD2	Q9UKD2
Q9UKF6	Q9UKF6
Q9UKT4	Q9UKT4
Q9UL03	Q9UL03
Q9UM11	Q9UM11
Q9UNS2	Q9UNS2
Q9UP38	Q9UP38
Q9UPC5	Q9UPC5
Q9UQE7	Q9UQE7
Q9US45	Q9US45
Q9USH1	Q9USH1
Q9USP0	Q9USP0
Q9UTB6	Q9UTB6
Q9UUI1	Q9UUI1
Q9UXZ3	Q9UXZ3
Q9UY20	Q9UY20
Q9UYS3	Q9UYS3
Q9UZL4	Q9UZL4
Q9UZL4	Q8U1Y5
Q9V195	Q9V195
Q9V1U5	Q9V1U5
Q9V1U8	Q9V1U8
Q9V1V0	Q9V1V0
Q9V1V5	Q9V1V5
Q9V461	Q9V461
Q9V461	Q14566
Q9VA95	Q9VA95
Q9VBI1	Q9VBI1
Q9VEA5	Q9VEA5
Q9VEA5	O15514
Q9VEA5	A0A4X1VM56
Q9VF82	Q9VF82
Q9VGW6	Q9VGW6
Q9VGW6	P55862
Q9VLI9	Q9VLI9
Q9VQY9	Q9VQY9
Q9VSY8	Q9VSY8
Q9VSY8	P36149
Q9VUZ1	Q9VUZ1
Q9W2V7	Q9W2V7
Q9XFH4	Q9XFH4
Q9XI73	Q9XI73
Q9Y230	Q9Y230
Q9Y230	Q12464
Q9Y230	G0RYC2
Q9Y244	Q9Y244
Q9Y262	Q9Y262
Q9Y265	Q9Y265
Q9Y265	Q03940
Q9Y281	Q9Y281
P80967	P80967
P83795	P83795
P84077	P84077
P84098	P84098
P87108	P87108
P87123	P87123
P87173	P87173
P87306	P87306
P87310	P87310
P89102	P89102
P92276	P92276
P92277	P92277
P92558	P92558
P92558	B5TM92
P93313	P93313
P9WGG7	P9WGG7
P9WGH5	P9WGH5
P9WGH9	P9WGH9
P9WGZ1	P9WGZ1
P9WGZ1	A0QSL8
P9WH23	P9WH23
P9WIU9	P9WIU9
P9WP67	P9WP67
P9WP67	A0R049
P9WP69	P9WP69
P9WPS1	P9WPS1
P9WPU7	P9WPU7
P9WPU9	P9WPU9
P9WPU9	A0R201
P9WPV1	P9WPV1
P9WPV1	A0R1Z9
P9WPV3	P9WPV3
P9WPV7	P9WPV7
P9WPV7	A0R206
Q00361	Q00361
Q00403	Q00403
Q00578	Q00578
Q00597	Q00597
Q00916	Q00916
Q00959	Q00959
Q01080	Q01080
Q01780	Q01780
Q01855	Q01855
Q01855	A0A3Q7F5X2
Q02206	Q02206
Q02260	Q02260
Q02326	Q02326
Q02732	Q02732
Q02750	Q02750
Q02878	Q02878
Q03071	Q03071
Q03124	Q03124
Q03290	Q03290
Q03388	Q03388
Q03406	Q03406
Q03431	Q03431
Q03630	Q03630
Q03660	Q03660
Q03718	Q03718
Q03776	Q03776
Q03799	Q03799
Q04048	Q04048
Q04491	Q04491
Q04500	Q04500
Q04601	Q04601
Q04636	Q04636
Q04712	Q04712
Q05123	Q05123
Q05541	Q05541
Q05778	Q05778
Q05900	Q05900
Q05AW3	Q05AW3
Q06162	Q06162
Q06245	Q06245
Q06265	Q06265
Q06406	Q06406
Q06406	A6ZYX7
Q06488	Q06488
Q06675	Q06675
Q06AT4	Q06AT4
Q06AT5	Q06AT5
Q07325	Q07325
Q07657	Q07657
Q07896	Q07896
Q07913	Q07913
Q07930	Q07930
Q07979	Q07979
Q08032	Q08032
Q08162	Q08162
Q08491	Q08491
Q08683	Q08683
A0A4V8GZZ9	A0A4V8GZZ9
A0A4V8H000	A0A4V8H000
A0A4V8H000	Q75VY6
A0A4V8H000	A0A2P6TPR7
A0A4V8H004	A0A4V8H004
A0A4V8H004	A0A4V8H002
A0A4V8H004	A8IKC8
A0A4V8H004	I0YP76
A0A4V8H004	A0A2P6TMX4
A0A4V8H005	A0A4V8H005
A0A4V8H005	A4QJG7
A0A4V8H005	B8LEV1
A0A4V8H005	D0FXW7
A0A4V8H005	P10793
A0A4V8H005	P31556
A0A4V8H005	P62090
A0A4V8H005	P69416
A0A4V8H005	Q00914
A0A4V8H005	Q6YXQ2
A0A4V8H005	Q85G47
A0A4V8H007	A0A4V8H007
A0A4V8H007	P12352
A0A4V8H007	A0A2P6U4S6
A0A4X1SN37	A0A4X1SN37
A0A4X1TRS6	A0A4X1TRS6
A0A4X1TRS6	A0A8D0JYF1
A0A4X1TRS6	P53803
A0A4X1TRS6	Q9FLM8
A0A4X1VEK9	A0A4X1VEK9
A0A4X1VEK9	A0A8D1KNW4
A0A4X1VEK9	F2Z4C9
A0A4X1VEK9	P61218
A0A4X1VEK9	Q32PE0
A0A4X1VEK9	Q9FJ98
A0A4X1VEK9	C4R1V1
A0A4X1VEK9	P20435
A0A4X1VKG7	A0A4X1VKG7
A0A4X1VKG7	P62487
A0A4X1VKG7	Q5E9B8
A0A578	A0A578
A0A5C2G4I7	A0A5C2G4I7
A0A5C2G4I7	A0A5C2GTV1
A0A5C2G4I7	P01660
A0A5C2G4I7	P01665
A0A5C2G4I7	A0A5C2GVU3
A0A5C6J4N7	A0A5C6J4N7
A0A5H1ZR73	A0A5H1ZR73
A0A5H1ZR95	A0A5H1ZR95
A0A5M5QTL0	A0A5M5QTL0
A0A5S8WF82	A0A5S8WF82
A0A5S8WF89	A0A5S8WF89
A0A5S8WF89	A0A5S8WF79
A0A5S8WF91	A0A5S8WF91
A0A5S8WF91	A0A5S8WF81
A0A5S8WF91	A0A5S8WF90
A0A6P3ED73	A0A6P3ED73
A0A6P5C4T4	A0A6P5C4T4
A0A6P5C4T4	P61077
A0A6P5C4T4	P62837
A0A7M4DUC2	A0A7M4DUC2
A0A7M4DUC2	A0A8D1DPV6
A0A7M4DUC2	P04052
A0A7M4DUC2	P04050
A0A7M4DUC2	C4R4Y0
A0A836CVU8	A0A836CVU8
A0A8D0PK14	A0A8D0PK14
A0A8D0PK14	A0A0D9RSN1
A0A8D0PK14	D0VX31
A0A8D0PK14	F1SKM0
A0A8D0TE17	A0A8D0TE17
A0A8D0TE17	F1RKE4
A0A8D0TE17	Q32P79
A0A8D1AQR7	A0A8D1AQR7
A0A8D1AQR7	F2Z4H3
A0A8D1AQR7	I3LCB2
A0A8D1AQR7	P52434
A0A8D1GCS3	A0A8D1GCS3
A0A8D1GCS3	A0A287ADR4
A0A8D1NRT6	A0A8D1NRT6
A0A8D2A9I1	A0A8D2A9I1
A0A9R0IWV5	A0A9R0IWV5
A0A9R0J8B1	A0A9R0J8B1
A0A9R0J8B1	A0A2K1JLZ3
A0A9R0J8B1	A0A482JYH1
A0A9R0J8B1	Q01667
A0A9R0JBX6	A0A9R0JBX6
A0A9R0JBX6	A0A1S4CE74
A0A9R0JF29	A0A9R0JF29
A0A9R0JF29	A0A1S3YXM6
A0A9R0K533	A0A9R0K533
A0A9R0K7U8	A0A9R0K7U8
A0A9R0K7U8	A0A1S3YPU3
A0A9X9IKM4	A0A9X9IKM4
A0AA96C3P8	A0AA96C3P8
A0AA96C3P8	A0A9R0IP63
A0AAN0NP81	A0AAN0NP81
A0ACD6B989	A0ACD6B989
A0ACD6B9K7	A0ACD6B9K7
A0ACD6B9L8	A0ACD6B9L8
A0ACD6B9M6	A0ACD6B9M6
A0ACD6B9M6	A0ACD6B9M9
A0PGB2	A0PGB2
Q08749	Q08749
Q08920	Q08920
Q09177	Q09177
Q09191	Q09191
Q09191	F2QX94
Q09191	C4R3P8
Q09191	P20434
Q0IHJ3	Q0IHJ3
Q0IIM2	Q0IIM2
Q0VGL1	Q0VGL1
Q10317	Q10317
Q10477	Q10477
Q12004	Q12004
Q12025	Q12025
Q12049	Q12049
Q12124	Q12124
Q12149	Q12149
Q12250	Q12250
Q12277	Q12277
Q12308	Q12308
Q12321	Q12321
Q12330	Q12330
Q12379	Q12379
Q12406	Q12406
Q12415	Q12415
Q12431	Q12431
Q12432	Q12432
Q12440	Q12440
Q12488	Q12488
Q12493	Q12493
Q12509	Q12509
Q12530	Q12530
Q12745	Q12745
Q12748	Q12748
Q12824	Q12824
Q12834	Q12834
Q12980	Q12980
Q13042	Q13042
Q13084	Q13084
Q13098	Q13098
Q13200	Q13200
Q13216	Q13216
Q13309	Q13309
Q13352	Q13352
Q13415	Q13415
Q13426	Q13426
Q13435	Q13435
Q13616	Q13616
Q13617	Q13617
Q13618	Q13618
Q13619	Q13619
Q13765	Q13765
Q13868	Q13868
Q14141	Q14141
Q14181	Q14181
Q14683	Q14683
Q15019	Q15019
Q15024	Q15024
Q15054	Q15054
Q15276	Q15276
Q15369	Q15369
Q15370	Q15370
Q15382	Q15382
Q15477	Q15477
Q15543	Q15543
Q15819	Q15819
Q15843	Q15843
Q16181	Q16181
Q16531	Q16531
Q16533	Q16533
Q16552	Q16552
Q16602	Q16602
Q1HFW2	Q1HFW2
Q1HFW2	A4VE64
Q1HFX0	Q1HFX0
Q1HFX0	I7MCM8
Q1HFX4	Q1HFX4
Q1HGH8	Q1HGH8
Q1HGH9	Q1HGH9
Q1JP79	Q1JP79
Q1JP79	Q9WV32
Q1JQ97	Q1JQ97
Q229S1	Q229S1
Q22A67	Q22A67
Q22E95	Q22E95
Q22MV2	Q22MV2
Q22R86	Q22R86
Q22VV9	Q22VV9
Q22W32	Q22W32
Q22XT1	Q22XT1
Q22YU3	Q22YU3
Q23AJ0	Q23AJ0
Q23FU1	Q23FU1
Q23RH8	Q23RH8
Q23S01	Q23S01
Q23S05	Q23S05
Q23YW7	Q23YW7
P36053	P36053
P36056	P36056
P36070	P36070
P36100	P36100
P36121	P36121
P36160	P36160
P36161	P36161
P36578	P36578
P36954	P36954
P36954	P36958
P36954	P60899
P36954	Q32P73
P36954	Q6NLH0
P37382	P37382
P37382	C4R7L2
P37382	P16370
P37870	P37870
P37871	P37871
P37871	Q8CJT1
P38042	P38042
P38121	P38121
P38123	P38123
P38132	P38132
P38164	P38164
P38203	P38203
P38203	O94408
P38261	P38261
P38291	P38291
P38293	P38293
P38304	P38304
P38313	P38313
P38334	P38334
P38632	P38632
P38779	P38779
P38784	P38784
P38786	P38786
P38792	P38792
P38801	P38801
P38805	P38805
P38826	P38826
P38907	P38907
P39075	P39075
P39286	P39286
P39463	P39463
P39463	B8YB61
P39471	P39471
P39471	B8YB56
P39543	P39543
P39682	P39682
P39706	P39706
P39744	P39744
P39748	P39748
P39933	P39933
P40007	P40007
P40018	P40018
P40026	P40026
P40070	P40070
P40089	P40089
P40154	P40154
P40208	P40208
P40227	P40227
P40227	Q3MHL7
P40227	Q3T084
P40337	P40337
P40352	P40352
P40359	P40359
P40422	P40422
P40422	F2QMI1
P40422	C4QWA8
P40492	P40492
P40540	P40540
P40547	P40547
P40711	P40711
P40711	A0A024L8R9
P40937	P40937
P40938	P40938
P40992	P40992
P40993	P40993
P41143	P41143
P41143	P41145
P41205	P41205
P41227	P41227
P41543	P41543
P41586	P41586
P41806	P41806
P41812	P41812
P41895	P41895
P41896	P41896
P41910	P41910
P42060	P42060
P42060	Q2FW11
P42285	P42285
P42285	P47047
P42380	P42380
P42766	P42766
P43132	P43132
P43308	P43308
P43554	P43554
P43586	P43586
P43609	P43609
P43618	P43618
P43627	P43627
P43629	P43629
P45956	P45956
P46020	P46020
P46217	P46217
P46217	Q980K0
P46217	B8YB62
P46669	P46669
P46673	P46673
P46678	P46678
P16688	P16688
P16710	P16710
P16832	P16832
P16832	F5HCH8
P17106	P17106
P17291	P17291
P17291	P02359
P17291	A0A2V3F2U6
P17291	A0AAN0Y3T9
P17291	A0QS97
P17291	B7I7S0
P17291	C3SQS2
P17291	P21469
P17291	P48940
P17291	Q83ES8
P18384	P18384
P18507	P18507
P18526	P18526
P19054	P19054
P19054	Q9F1K9
P19054	A0ACD6B9M4
P19054	D0FXX2
P19054	P18263
P19263	P19263
P19658	P19658
P19878	P19878
P19909	P19909
P19947	P19947
P20042	P20042
P20226	P20226
P20248	P20248
P20290	P20290
P20339	P20339
P20429	P20429
P20433	P20433
P20459	P20459
P20459	P05198
P20504	P20504
P20504	O57204
P20618	P20618
P20635	P20635
P20674	P20674
P20979	P20979
P20980	P20980
P20986	P20986
P20998	P20998
P21082	P21082
P21087	P21087
P21087	O57233
P21468	P21468
P21468	Q2G113
P21471	P21471
P21471	A0A7I7K4Z0
P21471	A0QSD0
P21471	Q931G5
P21471	C3SQT7
P21471	A0AAN0Y0R4
P21471	B7IA40
P21471	E2RXT0
P21471	P0A7R5
P21471	Q5SHN7
P21471	Q83ES5
P21472	P21472
P21472	A0A071L394
P21472	A0A1B2U0C6
P21472	A0AAN0Y4G9
P21472	A0QS96
P21472	B7I7R9
P21472	C3SQR7
P21472	D0C9P6
P21472	P0A0H0
P21472	P0A7S3
P21472	Q5SHN3
P21472	Q839H1
P21477	P21477
P21707	P21707
P21728	P21728
P22138	P22138
P22203	P22203
P22224	P22224
P22362	P22362
P22666	P22666
P22685	P22685
P23025	P23025
P23638	P23638
P23638	P25789
P23644	P23644
P23662	P23662
P23968	P23968
P24251	P24251
P24279	P24279
P24311	P24311
P24311	P13183
P24482	P24482
P24732	P24732
P24941	P24941
P24964	P24964
P24964	A0A286SF60
P25043	P25043
P25043	Q99436
P25090	P25090
P25205	P25205
P25205	Q9XYU1
P25293	P25293
P25342	P25342
P25359	P25359
P25441	P25441
P25515	P25515
P25515	P32842
P25569	P25569
P25632	P25632
P25786	P25786
P25787	P25787
P25788	P25788
P25788	P21242
P25929	P25929
P26288	P26288
P26288	A0A1B1W4Z0
P26288	Q8DKY0
Q7DGD4	Q7DGD4
Q7DGD4	P59087
Q7DGD4	O19930
Q7DGD4	Q9TM23
Q7DM26	Q7DM26
Q7DM26	Q05093
Q7DM26	A0A2P6TT36
Q7DM26	A0A4V8GZZ6
Q7DM26	C1K003
Q7DM26	A0A7S3VHS4
Q7DM26	I0YQ45
Q7K2Q8	Q7K2Q8
Q7KZ85	Q7KZ85
Q7L5N1	Q7L5N1
Q7LXK4	Q7LXK4
Q7LXK4	B8YB58
Q7LXK4	Q4JB12
Q7RTV0	Q7RTV0
Q7Y0H2	Q7Y0H2
Q7Z4G1	Q7Z4G1
Q7Z4H7	Q7Z4H7
Q7Z4L5	Q7Z4L5
Q7Z7J7	Q7Z7J7
Q7ZT47	Q7ZT47
Q7ZT47	Q9W0I7
Q7ZT48	Q7ZT48
Q7ZX96	Q7ZX96
Q7ZYJ8	Q7ZYJ8
Q7ZYJ8	Q6GNX0
Q839E7	Q839E7
Q839E7	P21467
Q839E7	Q2FW23
Q839E7	P0A7W1
Q839E7	A0A241XG65
Q839E7	B7IA22
Q839E7	D0CD14
Q839E7	A0A1B2U0I9
Q83D76	Q83D76
Q83D76	P02358
Q83D76	B7IBC1
Q83D76	W8T6F0
Q83E83	Q83E83
Q83ED6	Q83ED6
Q83ER2	Q83ER2
Q83ER2	C3SR12
Q83ER2	A0AAN0Y0S4
Q83ER2	E2RXT9
Q83ER2	P0A7W7
Q84Y02	Q84Y02
Q84Y02	Q75VY4
Q84Y02	A0A2P6TS63
Q84Y02	A0A7S3VSS7
Q84Y02	Q9C639
Q84Y02	A0A2P6TZ50
Q84Y02	A0A7S3R4R1
Q84Y02	A0A4V8GZZ7
Q84Y02	F2CW18
Q84Y02	A0A2K1KN29
Q84Y02	I0YQ46
Q84Y02	Q75VY7
Q84Y02	I0YQ44
Q84Y02	Q9LKC7
Q84Y02	P27521
Q84Y02	Q9SQL2
Q85FP8	Q85FP8
Q85FP8	E3UIU9
Q85G51	Q85G51
Q861F7	Q861F7
Q861F7	P04439
Q86V25	Q86V25
Q86VP6	Q86VP6
Q86VX2	Q86VX2
Q86X83	Q86X83
Q8A0S2	Q8A0S2
Q8A1D9	Q8A1D9
Q8A1P7	Q8A1P7
Q8DG60	Q8DG60
Q8DHA7	Q8DHA7
Q8DHJ2	Q8DHJ2
Q8DHJ2	D0VWR5
Q8DIP0	Q8DIP0
Q8DIP0	A0ACD6B9M2
Q8DIP0	Q9TM20
Q8DIQ1	Q8DIQ1
Q8DIQ1	A0A1C8XRM6
Q8DIQ1	A0ACD6B9N1
Q8DIQ1	D0VWR1
Q8DIQ1	O19928
Q8DJD9	Q8DJD9
Q8DJU2	Q8DJU2
Q8DKF3	Q8DKF3
Q8DKF4	Q8DKF4
Q8DKF5	Q8DKF5
Q8DKX9	Q8DKX9
Q8DKZ3	Q8DKZ3
Q8DKZ4	Q8DKZ4
Q8DL29	Q8DL29
Q8DL29	P26289
Q8DL30	Q8DL30
Q8DL31	Q8DL31
Q8DL32	Q8DL32
Q8DLJ8	Q8DLJ8
Q8DLL4	Q8DLL4
Q8DLN5	Q8DLN5
Q8DMA1	Q8DMA1
Q8DMP8	Q8DMP8
Q8DMR6	Q8DMR6
Q8DMU4	Q8DMU4
Q8GNY5	Q8GNY5
Q8IRE3	Q8IRE3
Q8IW19	Q8IW19
Q8IY18	Q8IY18
Q8IY47	Q8IY47
Q8L806	Q8L806
Q8LE42	Q8LE42
Q8LE42	A6QRA1
Q8LGE7	Q8LGE7
Q8N0S6	Q8N0S6
Q8N122	Q8N122
Q8N140	Q8N140
Q99933	Q99933
Q99986	Q99986
Q9AU02	Q9AU02
Q9B6C7	Q9B6C7
Q9B6C8	Q9B6C8
Q9B6D4	Q9B6D4
Q9B6E8	Q9B6E8
Q9BQ15	Q9BQ15
Q9BQE9	Q9BQE9
Q9BRX5	Q9BRX5
Q9BS16	Q9BS16
Q9BS18	Q9BS18
Q9BT73	Q9BT73
Q9BT78	Q9BT78
Q9BTE1	Q9BTE1
Q9BV81	Q9BV81
Q9BVC4	Q9BVC4
Q9BVW5	Q9BVW5
Q9BWJ5	Q9BWJ5
Q9BXJ9	Q9BXJ9
Q9BXW9	Q9BXW9
Q9BZE4	Q9BZE4
Q9C005	Q9C005
Q9C567	Q9C567
Q9C6B3	Q9C6B3
Q9CQP8	Q9CQP8
Q9CVB6	Q9CVB6
Q9CVB6	Q3MHR7
Q9D6J6	Q9D6J6
Q9DC70	Q9DC70
Q9DC70	A0A4X1VTL7
Q9DC70	A0A8D1J578
Q9DC70	A0A8D1TL60
Q9F1L5	Q9F1L5
Q9F1R6	Q9F1R6
Q9FQ96	Q9FQ96
Q9GZN1	Q9GZN1
Q9GZQ3	Q9GZQ3
Q9GZQ6	Q9GZQ6
Q9GZS1	Q9GZS1
Q9GZS3	Q9GZS3
Q9GZZ1	Q9GZZ1
Q9H0A8	Q9H0A8
Q9H0H0	Q9H0H0
Q9H1A4	Q9H1A4
Q9H1D9	Q9H1D9
Q9H293	Q9H293
Q9H3R5	Q9H3R5
Q9H4A6	Q9H4A6
Q9H668	Q9H668
Q9H6D7	Q9H6D7
Q9H9F9	Q9H9F9
Q9H9Q2	Q9H9Q2
Q9H9Q2	Q9UBW8
Q9HAD4	Q9HAD4
Q9HAW0	Q9HAW0
Q9HAW4	Q9HAW4
Q9HB90	Q9HB90
Q9HB96	Q9HB96
Q9HCG8	Q9HCG8
Q9HYR9	Q9HYR9
Q9I2U0	Q9I2U0
Q9I2U1	Q9I2U1
Q9L0I8	Q9L0I8
Q9L0Q9	Q9L0Q9
Q9LK40	Q9LK40
Q9LQ02	Q9LQ02
Q9LTI0	Q9LTI0
Q9LU21	Q9LU21
Q9LVM2	Q9LVM2
Q9M1A8	Q9M1A8
Q9M1A8	O81097
Q9M1J2	Q9M1J2
Q9M3L0	Q9M3L0
Q9NP87	Q9NP87
Q9NPA0	Q9NPA0
Q9NPD3	Q9NPD3
Q9NPF5	Q9NPF5
Q9NQP4	Q9NQP4
Q9NQT4	Q9NQT4
Q9NQT5	Q9NQT5
Q9NR50	Q9NR50
Q9NRC8	Q9NRC8
Q9NRP0	Q9NRP0
Q9NV88	Q9NV88
Q9NVH2	Q9NVH2
Q9NVM9	Q9NVM9
Q9NVR2	Q9NVR2
Q9NVU7	Q9NVU7
Q9NVX0	Q9NVX0
Q9NW38	Q9NW38
Q9NX08	Q9NX08
Q9NX55	Q9NX55
Q9NYB9	Q9NYB9
O19927	O19927
O19927	P37256
O19927	Q8DIQ0
O22993	O22993
O23629	O23629
O23629	O60814
O23629	P02281
O23629	P02293
O23629	P06899
O23629	P33778
O23629	P62807
O23629	Q16778
O23629	Q93079
O23629	Q99877
O23629	Q9FFC0
O31718	O31718
O31742	O31742
O31742	A0A063XHU6
O31742	Q2FZ42
O31743	O31743
O32231	O32231
O35011	O35011
O42978	O42978
O43143	O43143
O43257	O43257
O43290	O43290
O43402	O43402
O53830	O53830
O60104	O60104
O60231	O60231
O60566	O60566
O60826	O60826
O60925	O60925
O66841	O66841
O66842	O66842
O67335	O67335
O67337	O67337
O74483	O74483
O74499	O74499
O74544	O74544
O74736	O74736
O74824	O74824
O74824	Q7L523
O74824	Q00582
O75140	O75140
O75575	O75575
O75586	O75586
O75822	O75822
O77448	O77448
O80634	O80634
O81098	O81098
O81098	A0A4X1VTX4
O81098	I3LSI7
O81098	Q2T9T3
O81098	Q7JZF5
O82504	O82504
O94355	O94355
O94376	O94376
O94646	O94646
O94707	O94707
O94742	O94742
O95059	O95059
O95376	O95376
O95456	O95456
O96019	O96019
P00166	P00166
P00175	P00175
P00579	P00579
P00646	P00646
P01096	P01096
P01116	P01116
P01730	P01730
P01732	P01732
P01738	P01738
P01750	P01750
P01837	P01837
P01867	P01867
P01867	P01857
P01867	P01863
P01867	P01865
P02299	P02299
P02299	P61830
P02299	P68431
P02299	P84233
P02299	Q6NXT2
P02299	Q71DI3
P02413	P02413
P02602	P02602
P02602	P14649
P02607	P02607
P02721	P02721
P02930	P02930
P03437	P03437
P03472	P03472
P03929	P03929
P04038	P04038
P04038	P09669
P04051	P04051
P04214	P04214
C4R7L8	C4R7L8
C6KI89	C6KI89
D0VWR7	D0VWR7
D0VWR7	D0FXY3
D0VWR7	Q8DIF8
D0VWR7	Q9TM46
D0VWR8	D0VWR8
D0VWR8	P09192
D0VWR8	Q8CM25
D0VWR8	Q9TM47
D0VX26	D0VX26
D0VX28	D0VX28
D0VX29	D0VX29
D0VX29	A0A0D9R493
D0VX29	F1RPD2
D7NIZ2	D7NIZ2
D7P6B9	D7P6B9
D7P897	D7P897
D8V7I1	D8V7I1
D8V7I2	D8V7I2
D8V7I7	D8V7I7
D9PY02	D9PY02
D9PY02	P60238
D9PY02	Q2FKZ0
D9PY03	D9PY03
D9PY04	D9PY04
E1C9K8	E1C9K8
E1C9K8	A0T0T5
E1C9K8	P19569
E1C9K8	P58573
E1C9K8	Q85FY0
E1C9K9	E1C9K9
E1C9L1	E1C9L1
E1C9L2	E1C9L2
E1C9L3	E1C9L3
E3UIU5	E3UIU5
E9NPX1	E9NPX1
E9NPX1	A0A4V8H010
E9NPX1	P13165
E9NPX1	P17227
E9NPX1	P30980
E9NPX1	P56768
E9NPX1	Q6YXR3
E9NPX1	Q85FQ6
E9NPX1	S4Z1D9
E9Q9F6	E9Q9F6
F1N4X0	F1N4X0
F1S8U4	F1S8U4
F1SDI2	F1SDI2
F1SJP6	F1SJP6
F2D0D5	F2D0D5
F2D0D5	Q8LCQ4
F2D0D5	Q43485
F2D0D5	A0A2K1K0C7
F2D0D5	A0A2K1K0E4
F2D0D5	Q41038
F2D0D5	Q9SYW8
F2QQ42	F2QQ42
F2QT90	F2QT90
F2QUC3	F2QUC3
F2QUC3	C4R370
F2QVA2	F2QVA2
F2QVW8	F2QVW8
F2QZ97	F2QZ97
F2R0J6	F2R0J6
F2R0J7	F2R0J7
F2Z2U4	F2Z2U4
F2Z2U4	Q9Y4A5
F2Z5G5	F2Z5G5
F2Z5G5	P61163
F4J3N2	F4J3N2
F4JYR0	F4JYR0
F4KF14	F4KF14
F5HET4	F5HET4
G0RYR4	G0RYR4
G0RZG4	G0RZG4
G0RZX8	G0RZX8
G0S1P1	G0S1P1
G0S292	G0S292
G0S3J8	G0S3J8
G0S755	G0S755
G0S770	G0S770
G0S7B2	G0S7B2
G0S7Z4	G0S7Z4
G0S842	G0S842
A0A063X745	A0A063X745
A0A063X745	Q2FW06
A0A063X754	A0A063X754
A0A063X754	P12875
A0A063X754	Q2FW16
A0A063X754	P0ADY3
A0A063X781	A0A063X781
A0A063X781	P46898
A0A063X781	Q2FW21
A0A063X8U6	A0A063X8U6
A0A063X8U6	P42921
A0A063X8U6	Q2FW07
A0A063XCG5	A0A063XCG5
A0A063XCH0	A0A063XCH0
A0A063XCH0	P70974
A0A063XCH0	Q2FW38
A0A063XF22	A0A063XF22
A0A069QC99	A0A069QC99
A0A0G4FDJ8	A0A0G4FDJ8
A0A0G4FL36	A0A0G4FL36
A0A0G4GX71	A0A0G4GX71
A0A0G4GX86	A0A0G4GX86
A0A0G4H942	A0A0G4H942
A0A0G4HFQ7	A0A0G4HFQ7
A0A0G4HMN0	A0A0G4HMN0
A0A0G4HNB1	A0A0G4HNB1
A0A0G4I0G6	A0A0G4I0G6
A0A0H2UKZ4	A0A0H2UKZ4
A0A0H2UKZ4	A0A0M3KL12
A0A0H2UKZ4	A0A6I8WFT8
A0A0H2UKZ4	A0T0V0
A0A0M3KL10	A0A0M3KL10
A0A0M3KL13	A0A0M3KL13
A0A0R4J8D5	A0A0R4J8D5
A0A0U8TRG9	A0A0U8TRG9
A0A125YG13	A0A125YG13
A0A125YMK3	A0A125YMK3
A0A125YXT1	A0A125YXT1
A0A140G1Q3	A0A140G1Q3
A0A1B1W4Z4	A0A1B1W4Z4
A0A1B2U6N1	A0A1B2U6N1
A0A1B8Y854	A0A1B8Y854
A0A1D6HY75	A0A1D6HY75
A0A1D6HY75	P13194
A0A1D6HY75	Q9S831
A0A1D6HY75	Q9S714
A0A1D8NEL0	A0A1D8NEL0
A0A1D8NGI5	A0A1D8NGI5
A0A1G4KPQ9	A0A1G4KPQ9
A0A1J7BSW7	A0A1J7BSW7
A0A1J7CKJ9	A0A1J7CKJ9
A0A1L2EDU0	A0A1L2EDU0
A0A1L2EDU0	A0A0D6E2L8
A0A1L8H1I9	A0A1L8H1I9
A0A1M5L6R0	A0A1M5L6R0
A0A1M6QGN9	A0A1M6QGN9
A0A1M6QTP8	A0A1M6QTP8
A0A1M6R974	A0A1M6R974
A0A1M6R974	Q2FW39
A0A1M6R974	P21470
A0A1S3TNX9	A0A1S3TNX9
A0A1S3TQD2	A0A1S3TQD2
A0A1S3TUX2	A0A1S3TUX2
A0A1S3TZB2	A0A1S3TZB2
A0A1S3U1E4	A0A1S3U1E4
A0A1S3UMA0	A0A1S3UMA0
A0A1S3V319	A0A1S3V319
A0A1S3X2G3	A0A1S3X2G3
A0A1S3X2G3	A0A1S3XP85
A0A1S3X2G3	A0A9R0I5M6
A0A1S3YEW3	A0A1S3YEW3
A0A1S3YEW3	A0A9R0J865
A0A1S3YU01	A0A1S3YU01
A0A1S3ZQT7	A0A1S3ZQT7
A0A1S3ZQT7	A0A1S3X147
A0A1S3ZSI0	A0A1S3ZSI0
A0A1S4BFK7	A0A1S4BFK7
A0A1S4CIZ9	A0A1S4CIZ9
A0A1S4CKK0	A0A1S4CKK0
A0A1S4D4H1	A0A1S4D4H1
Q240X9	Q240X9
Q240X9	Q1HFX5
Q248F8	Q248F8
Q24C31	Q24C31
Q24CE5	Q24CE5
Q24CE5	Q1HFW0
Q24CL2	Q24CL2
Q24DI9	Q24DI9
Q24DI9	Q1HFV9
Q24DJ0	Q24DJ0
Q24I09	Q24I09
Q26454	Q26454
Q28851	Q28851
Q28852	Q28852
Q2EN79	Q2EN79
Q2EN79	A0A0D9RB67
Q2EN79	D0VX27
Q2EN79	F1NC51
Q2FKZ1	Q2FKZ1
Q2FKZ2	Q2FKZ2
Q2FKZ4	Q2FKZ4
Q2FME3	Q2FME3
Q2FRK1	Q2FRK1
Q2FRL9	Q2FRL9
Q2FRM0	Q2FRM0
Q2FW08	Q2FW08
Q2FW08	P42924
Q2FW20	Q2FW20
Q2FW20	A0QSG3
Q2FW20	P12879
Q2FW20	Q839F0
Q2FW20	P0DOY9
Q2FW20	A0A1M5L889
Q2FW22	Q2FW22
Q2FW22	A0QSG5
Q2FXS8	Q2FXS8
Q2G2D3	Q2G2D3
Q2G2Q1	Q2G2Q1
Q2G2Q1	P21473
Q2G2Q4	Q2G2Q4
Q2V2P8	Q2V2P8
Q2V2S7	Q2V2S7
Q2YDS1	Q2YDS1
Q31L30	Q31L30
Q31QK2	Q31QK2
Q31S42	Q31S42
Q32L40	Q32L40
Q32L40	P17987
Q32NC0	Q32NC0
Q381A0	Q381A0
Q38859	Q38859
Q389F5	Q389F5
Q389W4	Q389W4
Q39212	Q39212
Q39212	Q39211
Q39578	Q39578
Q39584	Q39584
Q3B726	Q3B726
Q3E7B6	Q3E7B6
Q3E7C1	Q3E7C1
Q3E830	Q3E830
Q3T035	Q3T035
Q3T035	O15145
Q3T0K2	Q3T0K2
Q3T0K2	P49368
Q3T0Q3	Q3T0Q3
Q3T0Q3	A0A481DF93
Q3T0Q3	I3LCH3
Q3ZBH0	Q3ZBH0
Q3ZBH0	P78371
Q3ZCI9	Q3ZCI9
Q3ZCI9	P50990
Q46896	Q46896
Q47PJ2	Q47PJ2
Q47PJ4	Q47PJ4
Q47PJ5	Q47PJ5
Q49QE8	Q49QE8
Q4JAJ6	Q4JAJ6
Q4JAY4	Q4JAY4
P04234	P04234
P04310	P04310
P04310	P21034
P04310	Q49PL6
P04310	Q76ZS0
P04637	P04637
P05423	P05423
P05630	P05630
P05630	A0A286ZYL7
P06129	P06129
P06243	P06243
P06271	P06271
P06271	P11703
P06400	P06400
P06505	P06505
P06505	P06269
P06627	P06627
P06839	P06839
P07305	P07305
P07357	P07357
P07358	P07358
P07437	P07437
P07437	P02557
P07437	Q13885
P07437	Q9BVA1
P07470	P07470
P07470	P14406
P07471	P07471
P07471	P12074
P07611	P07611
P07703	P07703
P07766	P07766
P07839	P07839
P07839	P09911
P07900	P07900
P07992	P07992
P08913	P08913
P08980	P08980
P09064	P09064
P09119	P09119
P09341	P09341
P09693	P09693
P09713	P09713
P09733	P09733
P09733	P68363
P09798	P09798
P09884	P09884
P0A0F8	P0A0F8
P0A0F8	A0A063XCP1
P0A0F8	A0A1M7D8T3
P0A384	P0A384
P0A384	P00165
P0A3C9	P0A3C9
P0A3Y1	P0A3Y1
P0A3Y1	P83796
P0A431	P0A431
P0A444	P0A444
P0A444	O19895
P0A444	P16033
P0A444	P51765
P0A6E6	P0A6E6
P0A6X7	P0A6X7
P0A6Y1	P0A6Y1
P0A780	P0A780
P0A7G2	P0A7G2
P0A7J7	P0A7J7
P0A7J7	Q5SLP6
P0A7M6	P0A7M6
P0A7U7	P0A7U7
P0A7U7	C3TRH7
P0A7Z4	P0A7Z4
P0A800	P0A800
P0A855	P0A855
P0A8A8	P0A8A8
P0A8T7	P0A8T7
P0A8V2	P0A8V2
P0A9E2	P0A9E2
P0A9G4	P0A9G4
P0AB98	P0AB98
P0ABA0	P0ABA0
P0ABA4	P0ABA4
P0ABA6	P0ABA6
P0ABS1	P0ABS1
P0AC41	P0AC41
P0AC44	P0AC44
P0ACI0	P0ACI0
P0ACJ8	P0ACJ8
A0QSD2	A0QSD2
A0QSD5	A0QSD5
A0QSD5	A0A1M5L8S8
A0QSD5	B7IA35
A0QSD5	D0CD01
A0QSD5	P0A7U3
A0QSD5	P21476
A0QSD5	Q2FW10
A0QSD5	Q5SHP2
A0QSD5	Q83ES0
A0QSG4	A0QSG4
A0QSG6	A0QSG6
A0QSP9	A0QSP9
A0QTK6	A0QTK6
A0QU23	A0QU23
A0QU24	A0QU24
A0QU25	A0QU25
A0QU29	A0QU29
A0QU34	A0QU34
A0QV37	A0QV37
A0QVB8	A0QVB8
A0QVB8	A0A072ZPV8
A0QVB8	A0A7U3Y808
A0QVB8	P21464
A0QVB8	Q2FZ25
A0QVB8	P80371
A0QVB8	P62662
A0QWT1	A0QWT1
A0QWT1	P9WGY5
A0QZ86	A0QZ86
A0R102	A0R102
A0R204	A0R204
A0R204	P9WPV5
A0R7F7	A0R7F7
A0R7F7	A0R549
A0T0M8	A0T0M8
A0T0M8	A0A4V8GZZ2
A0T0M8	D0FXV2
A0T0M8	E3UIU0
A0T0M8	E9NPS7
A0T0M8	P12154
A0T0M8	P29254
A0T0M8	P58576
A0T0M8	Q85FY7
A0T0M8	T1RJP7
A0T0M8	W8SY74
A0T0M8	A0A0F6NFW5
A0T0M8	A0A3G1AUL2
A0T0M8	A1E9J1
A0T0M8	P05310
A0T0M8	P56766
A0T0M8	Q8MFA3
A0T0S1	A0T0S1
A1B3D7	A1B3D7
A1B4F2	A1B4F2
A1B4F3	A1B4F3
A1BA41	A1BA41
A1Z8I0	A1Z8I0
A2RTF1	A2RTF1
A2RV69	A2RV69
A4GDH1	A4GDH1
A4GDH1	P05807
A4GDH1	P20637
A4VD15	A4VD15
A4VD75	A4VD75
A4VEB3	A4VEB3
A5Z2K3	A5Z2K3
A5Z2K3	A0A2K1JKF2
A5Z2K3	A0A4V8H006
A5Z2K3	A0A7S3VQN8
A5Z2K3	I0YVS7
A5Z2K3	P36213
A5Z2K3	Q39615
A5Z2K3	Q9SA56
A7MB62	A7MB62
A7MB62	P61160
A7MB62	P61161
A8HPD0	A8HPD0
A8HPD0	A8HPD7
A8HPD3	A8HPD3
A8HPE4	A8HPE4
A8HPE4	A8HPC6
A8HPH1	A8HPH1
A8HRZ4	A8HRZ4
A8HUP3	A8HUP3
A8HY43	A8HY43
A8I5A0	A8I5A0
A8I846	A8I846
A8IFG7	A8IFG7
A8IH07	A8IH07
A8IJ60	A8IJ60
A8IJY7	A8IJY7
A8IKI9	A8IKI9
A8IL21	A8IL21
A8IL32	A8IL32
A8IL32	A0A2K1KIF2
A8IL32	A0A2K1IAD0
A8IL32	A0A7I4A0Q6
A8IL32	B6STT2
A8IL32	P23993
A8IL32	Q41385
A8IL32	Q9SUI4
A8IL32	A0A4V8GZZ5
A8IL32	I0Z687
A8IN92	A8IN92
A8INX1	A8INX1
A8IS47	A8IS47
A8ISA4	A8ISA4
A8ITV3	A8ITV3
A8ITV3	I0YP72
A8IU42	A8IU42
A8IXD6	A8IXD6
A8IY95	A8IY95
A8IY95	Q1HFX1
A8J353	A8J353
A8J3C3	A8J3C3
A8J4K5	A8J4K5
A8J5P7	A8J5P7
A8J6N0	A8J6N0
A8J7I9	A8J7I9
A8JC51	A8JC51
A8MPR5	A8MPR5
A9RT62	A9RT62
A9RT62	B6SZT9
A9RT62	P12329
A9RT62	Q93VE0
A9RT62	Q93WL4
A9RT62	Q9SHR7
A9RT62	Q9ZSJ4
A9WEV2	A9WEV2
A9WEV4	A9WEV4
A9WEV6	A9WEV6
A0A287AAR5	A0A287AAR5
A0A287AEW0	A0A287AEW0
A0A287BAW0	A0A287BAW0
A0A287BJQ2	A0A287BJQ2
A0A2K1IB10	A0A2K1IB10
A0A2K1IB10	A0A2K1KGQ2
A0A2K1IB10	F2DAN8
A0A2K1IB10	Q32904
A0A2K1IB10	Q9SY97
A0A2K1JDR4	A0A2K1JDR4
A0A2K1JDR4	A9SL09
A0A2K1JDR4	Q9SUI6
A0A2K1JDR4	C6T221
A0A2K1JDR4	O65101
A0A2K1JDR4	Q9SUI7
A0A2K1KKR9	A0A2K1KKR9
A0A2K3CRM9	A0A2K3CRM9
A0A2K3CXW8	A0A2K3CXW8
A0A2K3CY83	A0A2K3CY83
A0A2K3CYB6	A0A2K3CYB6
A0A2K3D591	A0A2K3D591
A0A2K3DG79	A0A2K3DG79
A0A2K3DGW6	A0A2K3DGW6
A0A2K3DHV6	A0A2K3DHV6
A0A2K3DLF7	A0A2K3DLF7
A0A2K3DLI2	A0A2K3DLI2
A0A2K3DM81	A0A2K3DM81
A0A2K3DQ46	A0A2K3DQ46
A0A2K3DVJ8	A0A2K3DVJ8
A0A2K3DWM2	A0A2K3DWM2
A0A2K3DZD9	A0A2K3DZD9
A0A2K3E6S5	A0A2K3E6S5
A0A2K9VK88	A0A2K9VK88
A0A2K9VK89	A0A2K9VK89
A0A2K9VK93	A0A2K9VK93
A0A2K9VK97	A0A2K9VK97
A0A2K9VK98	A0A2K9VK98
A0A2K9VK99	A0A2K9VK99
A0A2K9VKE4	A0A2K9VKE4
A0A2M9V7H9	A0A2M9V7H9
A0A2M9V7I0	A0A2M9V7I0
A0A2P6TC44	A0A2P6TC44
A0A2P6THB2	A0A2P6THB2
A0A2P6TPU7	A0A2P6TPU7
A0A2P6TPU7	A0A4V8H009
A0A2P6TPU7	I0Z284
A0A2P6TPU7	P13352
A0A2P6TPV8	A0A2P6TPV8
A0A2P6TQ14	A0A2P6TQ14
A0A2R8VHF7	A0A2R8VHF7
A0A2V3DLV3	A0A2V3DLV3
A0A2V3DLV3	B7IBC2
A0A2V3DLV3	P0A7T7
A0A2V3DLV3	Q83D75
A0A2V3DLV3	Q2G111
A0A341UET3	A0A341UET3
A0A377D9Q8	A0A377D9Q8
A0A377VEN9	A0A377VEN9
A0A3A5I502	A0A3A5I502
A0A3B6KQB8	A0A3B6KQB8
A0A3B6KRQ3	A0A3B6KRQ3
A0A3B6KRQ3	A0A3Q7G7F0
A0A3B6RED0	A0A3B6RED0
A0A3B6SS17	A0A3B6SS17
A0A3B6SS17	P62010
A0A3B6SS17	Q38JI8
A0A3Q7EMX2	A0A3Q7EMX2
A0A3Q7FNQ5	A0A3Q7FNQ5
A0A3Q7FNQ5	K4P217
A0A3Q7H1U4	A0A3Q7H1U4
A0A3Q7HJ03	A0A3Q7HJ03
A0A3Q7HJ03	A0A1D5UKZ4
A0A3Q7HQH0	A0A3Q7HQH0
A0A3Q7HSH1	A0A3Q7HSH1
A0A3Q7HSH1	W5C8N6
A0A3Q7HSH1	C4LXN2
A0A3Q7I5D6	A0A3Q7I5D6
A0A3Q7I5D6	A0A3B6PK86
A0A3Q7I5D6	A0A3B6RHV8
A0A3Q7I881	A0A3Q7I881
A0A3Q7I881	A0A3B6IU74
A0A3Q7I881	G1SS70
A0A3Q7IN69	A0A3Q7IN69
A0A3Q7JDZ0	A0A3Q7JDZ0
A0A3Q7JDZ0	P05738
A0A3Q7JDZ0	Q54XI5
A0A3Q7JYM3	A0A3Q7JYM3
A0A4V8GZZ4	A0A4V8GZZ4
A0A4V8GZZ4	I0YST3
A0A4V8GZZ4	B6TR16
A0A4V8GZZ4	A0A0M3KL11
A0A4V8GZZ4	A0A2K1JLW2
A0A4V8GZZ4	A0A2K1KU02
A0A4V8GZZ4	P36886
A0A4V8GZZ4	Q9SUI5
P46782	P46782
P46948	P46948
P47017	P47017
P47076	P47076
P47093	P47093
P47112	P47112
P47128	P47128
P47133	P47133
P47170	P47170
P47822	P47822
P47870	P47870
P47870	P18505
P47870	P28472
P48011	P48011
P48061	P48061
P48237	P48237
P48240	P48240
P48431	P48431
P48556	P48556
P48643	P48643
P48729	P48729
P49005	P49005
P49427	P49427
P49427	Q712K3
P49450	P49450
P49643	P49643
P49662	P49662
P49683	P49683
P49687	P49687
P49735	P49735
P49735	P49736
P49770	P49770
P49815	P49815
P49960	P49960
P50148	P50148
P50148	P29992
P50148	P63096
P50148	P04899
P50148	P09471
P50370	P50370
P50579	P50579
P50874	P50874
P50991	P50991
P50991	Q2T9X2
P51955	P51955
P52593	P52593
P52657	P52657
P52891	P52891
P53011	P53011
P53063	P53063
P53073	P53073
P53076	P53076
P53091	P53091
P53146	P53146
P53197	P53197
P53207	P53207
P53218	P53218
P53256	P53256
P53262	P53262
P53277	P53277
P53290	P53290
P53298	P53298
P53330	P53330
P53378	P53378
P53507	P53507
P53628	P53628
P53725	P53725
P53732	P53732
P53833	P53833
P53840	P53840
P53847	P53847
P53859	P53859
P53905	P53905
P53946	P53946
P53969	P53969
P54274	P54274
P54784	P54784
P54790	P54790
P54791	P54791
P55873	P55873
P55873	A0A063XFC1
P55899	P55899
P56287	P56287
P56288	P56288
P56751	P56751
P56751	Q8DJ02
P56752	P56752
P57743	P57743
P57766	P57766
P58560	P58560
Q9Y2L1	Q9Y2L1
Q9Y2Q5	Q9Y2Q5
Q9Y2Y1	Q9Y2Y1
Q9Y2Y1	Q04307
Q9Y3A5	Q9Y3A5
Q9Y3B2	Q9Y3B2
Q9Y3B6	Q9Y3B6
Q9Y450	Q9Y450
Q9Y4R8	Q9Y4R8
Q9Y4X5	Q9Y4X5
Q9Y5B9	Q9Y5B9
Q9Y6G5	Q9Y6G5
Q9Y6J9	Q9Y6J9
Q9Y7M4	Q9Y7M4
Q9Y7N2	Q9Y7N2
Q9Y821	Q9Y821
S0BAP9	S0BAP9
S0BBR6	S0BBR6
S0BBU7	S0BBU7
S0BCU7	S0BCU7
S6C4S0	S6C4S0
S6C4S0	S6B2B6
S6C4S0	S6C4R2
S7UVH4	S7UVH4
S7UVH4	A0A125YZ21
S7VSS5	S7VSS5
S7VSS5	A0A125YU99
S7W617	S7W617
S7W617	A0A125YS93
S7W9J5	S7W9J5
S7W9J5	A0A125YTU2
S8EQL3	S8EQL3
S8ERU3	S8ERU3
S8ETI9	S8ETI9
S8EW95	S8EW95
S8F0U0	S8F0U0
S8F4G4	S8F4G4
S8F5W4	S8F5W4
S8F943	S8F943
S8GCU6	S8GCU6
S8GED8	S8GED8
S8GED8	A0A125YN38
S8GU15	S8GU15
T1RIQ1	T1RIQ1
T1RIQ1	D0FXZ0
T1RIQ1	A0A0F6NGI2
T1RIQ1	A0A3G1AZK6
T1RIQ1	A0A4V8H003
T1RIQ1	E9NPS8
T1RIQ1	K7NU68
T1RIQ1	P05311
T1RIQ1	P09144
T1RIQ1	P19431
T1RIQ1	P56767
T1RIQ1	Q8MFA2
T1RIQ1	W8SUA3
T1RIQ1	E3UIU1
T1RIQ1	A0T0M9
T1RIQ1	P58565
T1RJ07	T1RJ07
W5BFB7	W5BFB7
W5BFB7	C4M979
W5BFB7	P62280
W5E8X2	W5E8X2
W5EP45	W5EP45
W5FEZ3	W5FEZ3
W5FWF5	W5FWF5
W5I035	W5I035
W5I035	A0A175JJM9
W5I035	K4CYU9
W5I035	Q5XUU9
W7WX86	W7WX86
W7X4J9	W7X4J9
W7XBF5	W7XBF5
W7XJB1	W7XJB1
W8SU98	W8SU98
P26321	P26321
P26321	A0A3Q7H274
P26784	P26784
P27692	P27692
P27766	P27766
P28000	P28000
P28005	P28005
P28066	P28066
P28070	P28070
P28072	P28072
P28074	P28074
P28074	P28062
P28223	P28223
P28630	P28630
P28631	P28631
P28632	P28632
P28749	P28749
P28791	P28791
P29055	P29055
P29056	P29056
P29083	P29083
P29084	P29084
P29256	P29256
P29388	P29388
P29460	P29460
P29469	P29469
P29496	P29496
P30153	P30153
P30260	P30260
P30291	P30291
P30656	P30656
P30665	P30665
P30872	P30872
P30989	P30989
P31376	P31376
P31749	P31749
P32239	P32239
P32341	P32341
P32349	P32349
P32367	P32367
P32457	P32457
P32468	P32468
P32480	P32480
P32481	P32481
P32501	P32501
P32529	P32529
P32563	P32563
P32569	P32569
P32585	P32585
P32591	P32591
P32610	P32610
P32613	P32613
P32773	P32773
P32776	P32776
P32786	P32786
P32830	P32830
P32833	P32833
P32844	P32844
P32851	P32851
P32855	P32855
P32910	P32910
P32974	P32974
P32974	Q9TM22
P32974	Q55354
P32974	P12241
P32974	Q8DIN8
P33308	P33308
P33309	P33309
P33332	P33332
P33339	P33339
P33421	P33421
P33448	P33448
P33607	P33607
P33767	P33767
P33891	P33891
P33993	P33993
P33993	Q9XYU0
P34111	P34111
P34160	P34160
P34903	P34903
P34903	P14867
P34903	P47869
P35189	P35189
P35249	P35249
P35250	P35250
P35251	P35251
P35268	P35268
P35268	G1TSG1
P35346	P35346
P35346	P30874
P35439	P35439
P35439	A0A1L8F5J9
P35439	Q05586
P35585	P35585
P35718	P35718
P35729	P35729
P36012	P36012
P36040	P36040
Q4V7I1	Q4V7I1
Q4VT52	Q4VT52
Q4VT52	P07926
Q4VT52	P32876
Q50296	Q50296
Q50296	A0QSL6
Q50296	A0A1J7CBV3
Q50296	A0AAN0Y004
Q50296	A7ZSI6
Q50296	B7MCR3
Q50296	C3SR57
Q50296	E2RXU4
Q50296	P04969
Q50296	P0A7R9
Q50296	P80376
Q50296	Q2FW31
Q50301	Q50301
Q50754	Q50754
Q50755	Q50755
Q54G86	Q54G86
Q54VN6	Q54VN6
Q54VN6	P83731
Q55274	Q55274
Q55274	Q8YQ35
Q55329	Q55329
Q55329	P58568
Q55329	A0T0V1
Q55329	E1C9L0
Q55329	A0A8F5NZW2
Q55329	D0FXW0
Q55329	E9NPW6
Q55329	Q6YXM2
Q55329	W8SUD1
Q55329	A0A4V8GZZ3
Q55329	P30394
Q55329	P56769
Q55329	D5MAL3
Q55329	P17230
Q55329	Q85FS8
Q56218	Q56218
Q56220	Q56220
Q56227	Q56227
Q56229	Q56229
Q56D18	Q56D18
Q57VS6	Q57VS6
Q57XL7	Q57XL7
Q57ZX7	Q57ZX7
Q585T1	Q585T1
Q5JE88	Q5JE88
Q5JE88	Q8U4N1
Q5JH24	Q5JH24
Q5JI52	Q5JI52
Q5JI52	Q8U216
Q5JJF4	Q5JJF4
Q5JJF4	Q8U0E4
Q5JPE7	Q5JPE7
Q5JS54	Q5JS54
Q5MNZ6	Q5MNZ6
Q5R1F1	Q5R1F1
Q5RKV6	Q5RKV6
Q5SHP6	Q5SHP6
Q5SHR1	Q5SHR1
Q5SHR1	P69222
Q5SJH3	Q5SJH3
Q5SJH3	P62238
Q5SKU2	Q5SKU2
Q5SKU2	P0A707
Q5SLP7	Q5SLP7
Q5SLP7	Q06797
Q5SLP8	Q5SLP8
Q5TA45	Q5TA45
Q5U4U4	Q5U4U4
Q5VSL9	Q5VSL9
Q5ZLR5	Q5ZLR5
Q68E01	Q68E01
Q6GNF1	Q6GNF1
Q6GNF1	Q4FZW5
Q6IPU0	Q6IPU0
Q6IV62	Q6IV62
Q6IV62	O87802
Q6IV65	Q6IV65
Q6IV65	O87799
Q6IV66	Q6IV66
Q6IV66	O87798
Q6JXI5	Q6JXI5
Q6N030	Q6N030
Q6N030	Q6N095
Q6N030	P0DOX5
Q6N030	Q6GMX6
Q6N030	Q6N089
Q6N030	S6B291
Q6N030	U5LP42
Q6P4I2	Q6P4I2
Q6P503	Q6P503
Q6P9B9	Q6P9B9
Q6PCU2	Q6PCU2
Q6PD62	Q6PD62
Q6PJ21	Q6PJ21
Q6PJ56	Q6PJ56
Q6PJG6	Q6PJG6
Q6YXK4	Q6YXK4
Q6ZED1	Q6ZED1
Q6ZED3	Q6ZED3
Q6ZED4	Q6ZED4
Q6ZED5	Q6ZED5
Q6ZY23	Q6ZY23
Q71F23	Q71F23
Q72L77	Q72L77
Q75QN2	Q75QN2
Q75VY8	Q75VY8
Q75VY8	A0A2P6U4K1
Q75VY8	I0Z2Y0
Q75VY8	I0Z7A6
Q75VY8	I0Z7A7
Q75VY8	Q75VZ0
Q75VY8	A0A4V8H001
Q76ZP7	Q76ZP7
Q76ZP7	P68694
A9WEV7	A9WEV7
B1H1T5	B1H1T5
B2GUV5	B2GUV5
B3H6Z4	B3H6Z4
B4DNT1	B4DNT1
B5YM25	B5YM25
B6A878	B6A878
B6A879	B6A879
B6A880	B6A880
B6A882	B6A882
B6SQZ7	B6SQZ7
B6SQZ7	Q949Q5
B6SQZ7	A0A2K1JDE1
B6SQZ7	A0A7I4AUU1
B6TXS5	B6TXS5
B6U534	B6U534
B6U534	P12357
B6U534	A0A2K1JC42
B6U534	Q9S7N7
B6YWB9	B6YWB9
B6YWC1	B6YWC1
B6YWC2	B6YWC2
B7FRW2	B7FRW2
B7GIG3	B7GIG3
B7GL82	B7GL82
B7GL84	B7GL84
B7GL96	B7GL96
B7GL98	B7GL98
B7IA17	B7IA17
B7IA17	C3SR52
B7IA17	D0CD19
B7IA17	Q50297
B7IA17	P20282
B7IA17	Q2FW30
B7IA17	P62655
B7IA17	A0QSL5
B7IA17	P80377
B8BRQ8	B8BRQ8
B8BU33	B8BU33
B8BUW3	B8BUW3
B8BYV4	B8BYV4
B8C0K4	B8C0K4
B8C2K6	B8C2K6
B8C770	B8C770
B8C8Q0	B8C8Q0
B8CEQ3	B8CEQ3
B8LEQ8	B8LEQ8
B8LEQ8	A0A8F0WFC9
B8LEQ8	E1C9K6
B8LEQ8	P12975
B8YB54	B8YB54
B8YB54	Q5JE34
B8YB54	Q8U0M5
B8YB57	B8YB57
B8YB60	B8YB60
B8YB60	P11521
B8YB60	Q980Q9
B8YB63	B8YB63
B8YB64	B8YB64
C3SRY2	C3SRY2
C3SRY2	A0A069PXX1
C3SRY2	A0A7U3Y815
C3SRY2	A0AAN0Y103
C3SRY2	D0CG36
C3SRY2	P0A7X3
C3SRY2	P80374
C3SRY2	V5VBA5
C3SRY2	Q83AX9
C3SYP2	C3SYP2
C4LXM0	C4LXM0
C4M0Z2	C4M0Z2
C4M0Z2	P49215
C4M549	C4M549
C4M5A0	C4M5A0
C4M8Y8	C4M8Y8
C4M8Y8	C4M0Q2
C4M9F9	C4M9F9
C4QXY9	C4QXY9
C4QY79	C4QY79
C4QY79	F2QPE6
C4QY79	P27999
C4QZ45	C4QZ45
C4R009	C4R009
C4R009	A0A4X1VYD0
C4R009	A0A8W4F9W9
C4R009	O13877
C4R009	P22139
C4R009	P62875
C4R009	Q32P78
C4R009	Q8LFJ6
C4R0E6	C4R0E6
C4R1E6	C4R1E6
C4R273	C4R273
C4R273	P20436
C4R3Z5	C4R3Z5
C4R5R1	C4R5R1
C4R5R1	Q02792
C4R7H2	C4R7H2
G0S8E0	G0S8E0
G0S9A0	G0S9A0
G0SC21	G0SC21
G0SCD1	G0SCD1
G0SE33	G0SE33
G0SED0	G0SED0
G0SEM4	G0SEM4
G0SH09	G0SH09
G0SH10	G0SH10
G0YP42	G0YP42
G0YP42	Q6GMX4
G0YP42	B9A064
G0YP42	Q8N355
G0YP42	Q8N5F4
G1SGX4	G1SGX4
G1SGX4	A0A3Q7GDB0
G1SGX4	W5DS33
G1TNM3	G1TNM3
G1TNM3	P23396
G1TNM3	W5I1R7
G2TRJ4	G2TRJ4
G2TRP5	G2TRP5
G2XKQ0	G2XKQ0
G3MXC8	G3MXC8
G3MXC8	O15511
G3MXC8	Q3SYX9
G3MXC8	Q9BPX5
I0YPL4	I0YPL4
I0YPL4	Q75VY9
I0YPL4	A0A4V8GZZ8
I0YPL4	C1K004
I0YTK4	I0YTK4
I0YWK6	I0YWK6
I3L9H6	I3L9H6
I3LGP4	I3LGP4
I3LGP4	P08266
I3LGP4	P30876
I3LGP4	C4QZQ7
I3LGP4	P08518
I3LRR4	I3LRR4
I3LRR4	A0A4X1TFI3
I7G3U5	I7G3U5
I7LT80	I7LT80
I7LWE3	I7LWE3
I7M6D6	I7M6D6
I7M6H4	I7M6H4
I7M8B9	I7M8B9
I7M9J2	I7M9J2
I7MDA9	I7MDA9
I7MEX7	I7MEX7
I7MG46	I7MG46
I7MHB1	I7MHB1
I7MIE0	I7MIE0
I7MLZ4	I7MLZ4
I7MM07	I7MM07
K0J903	K0J903
K7N5M4	K7N5M4
K7N5M4	P0DTU4
M1UU36	M1UU36
M1VFJ4	M1VFJ4
M1VKK5	M1VKK5
M2VTV2	M2VTV2
M2VTV2	M2Y652
M2X090	M2X090
M2X4U9	M2X4U9
M2XR49	M2XR49
M2XW22	M2XW22
M2XWX3	M2XWX3
O00189	O00189
O00399	O00399
O00483	O00483
O00483	Q01321
O00762	O00762
O05000	O05000
O13964	O13964
O14010	O14010
O14021	O14021
O14198	O14198
O14352	O14352
O14625	O14625
O14746	O14746
O14818	O14818
O15042	O15042
O15160	O15160
O15212	O15212
O15287	O15287
O15318	O15318
O15360	O15360
O15446	O15446
O15527	O15527
O15612	O15612
O15612	W5FPA7
O15612	K4ATQ2
P59768	P59768
P60002	P60002
P60239	P60239
P60422	P60422
P60422	P60430
P60880	P60880
P60900	P60900
P61024	P61024
P61048	P61048
P61081	P61081
P61088	P61088
P61157	P61157
P61157	P61158
P61157	Q99JY9
P61201	P61201
P61619	P61619
P61758	P61758
P61769	P61769
P61769	P01887
P61964	P61964
P62266	P62266
P62266	P61994
P62308	P62308
P62318	P62318
P62399	P62399
P62399	P12877
P62399	A0QSG1
P62399	Q2FW18
P62399	Q50306
P62656	P62656
P62656	A0QSG2
P62659	P62659
P62659	P80382
P62659	Q5SLQ0
P62701	P62701
P62701	A0A1D5SLI4
P62750	P62750
P62750	D4P8H6
P62805	P62805
P62805	P02309
P62877	P62877
P62877	Q9UBF6
P62894	P62894
P62894	P00004
P62987	P62987
P63000	P63000
P63025	P63025
P63025	P63045
P63041	P63041
P63041	O14810
P63104	P63104
P63104	P31947
P63208	P63208
P63272	P63272
P68036	P68036
P68134	P68134
P68134	P60709
P68134	P68135
P68134	P68139
P68246	P68246
P68315	P68315
P68439	P68439
P68449	P68449
P68608	P68608
P68608	A4GDF1
P68610	P68610
P68610	P68611
P68610	Q49QC8
P68610	Q76ZQ8
P68623	P68623
P68979	P68979
P69054	P69054
P71814	P71814
P72712	P72712
P72798	P72798
P74149	P74149
P74149	P58246
P74149	P69461
P74564	P74564
P74810	P74810
P75131	P75131
P75131	P21474
P75560	P75560
P75818	P75818
P80372	P80372
P80372	A0QSD7
P80372	B7IA33
P80372	A0A140S919
P80372	A0AAN0Y138
P80372	C3SQX2
P80372	O85388
P80372	P0A7V3
P80372	P21465
P80372	A0A1J7CBX1
P80372	Q2FW12
P80373	P80373
P80373	P0A7V8
P80373	A0AAN0XZY8
P80373	C3SR62
P80373	P21466
P80373	Q82ZI6
P80380	P80380
P80883	P80883
P0ADY7	P0ADY7
P0ADY7	Q2FW13
P0AE06	P0AE06
P0AEX9	P0AEX9
P0AF28	P0AF28
P0AFD4	P0AFD4
P0AFE8	P0AFE8
P0AFF0	P0AFF0
P0AFF6	P0AFF6
P0AFG0	P0AFG0
P0AFW0	P0AFW0
P0AG30	P0AG30
P0AG59	P0AG59
P0AG59	A0A2X1PQW4
P0AG59	E2RXT8
P0AG59	A0AAN0Y0L1
P0AG59	A0R550
P0AG59	D0CD10
P0AG59	B7IA26
P0AG59	A0A1B2U0Q7
P0AG59	Q83ER3
P0AG63	P0AG63
P0AG63	A0AAN0XZY2
P0AG63	C3SQY7
P0AG63	D0CD06
P0AG63	Q83ER7
P0AG63	Q2FW15
P0AG63	A0QSE0
P0AG63	P12874
P0AGB3	P0AGB3
P0AGB6	P0AGB6
P0C0S5	P0C0S5
P0C0S5	Q12692
P0C0S5	P04911
P0C0S5	P04908
P0C0S5	P04912
P0C0S5	P06897
P0C0S5	P0C0S8
P0C0S5	Q6AZJ8
P0C0S5	Q93077
P0C0S5	Q96KK5
P0C0S5	Q99878
P0C0S5	Q9BTM1
P0C0S5	Q9FJE8
P0C0S5	Q9LD28
P0C0W9	P0C0W9
P0C0W9	Q5I7L2
P0C5R9	P0C5R9
P0CG47	P0CG47
P0CG48	P0CG48
P0CI78	P0CI78
P0CI78	F5HRS7
P0CI78	Q2FW17
P0CI78	Q9RXJ1
P0CT46	P0CT46
