pair_id	score
NG:A6NIX2|O60663	3.34781
NG:O00212|Q7L099	6.13366
NG:O00238|P01137	381.378
NG:O00238|P22003	443.058
NG:O00238|P22004	465.765
NG:O00244|Q8N668	0.0382353
NG:O00623|O75192	5.69832
NG:O00623|O96011	9.37639
NG:O00623|P56589	0.487249
NG:O00623|Q92968	196.68
NG:O00623|Q9Y5Y5	0.2533
NG:O00628|O60683	0.874613
NG:O00628|O75192	0.440882
NG:O00628|O75381	191.857
NG:O00628|O96011	0.559116
NG:O00628|P28328	0.177465
NG:O00628|P56589	1.79053
NG:O00628|Q9Y5Y5	0.650791
NG:O00716|Q8TAK5	5.68777
NG:O15116|O95777	129.478
NG:O15116|Q9Y4Y9	335.924
NG:O15304|Q92633	88.3752
NG:O15304|Q9UBY5	75
NG:O15492|P25100	0.102178
NG:O15492|P35348	0.0817682
NG:O15492|P35368	0.109387
NG:O43395|P83876	256.055
NG:O43447|Q53GS9	6.98208
NG:O43447|Q9BUQ8	107.381
NG:O43739|P10276	2.99868
NG:O60224|Q96QF0	1.25142
NG:O60224|Q9Y2D8	149.845
NG:O60683|O75192	4.45938
NG:O60683|P28328	184.287
NG:O60683|P56589	0.683498
NG:O60683|Q92968	182.609
NG:O60683|Q9Y5Y5	0.334018
NG:O60936|P62995	1.80779
NG:O60936|P63162	1.21653
NG:O60936|P84103	1.95521
NG:O60936|Q01081	0.209696
NG:O60936|Q01130	1.11153
NG:O60936|Q07955	73.6024
NG:O60936|Q08170	11.3702
NG:O60936|Q13247	15.8848
NG:O75175|P18847	2.04239
NG:O75175|Q92730	3.31404
NG:O75175|Q93096	0.422687
NG:O75190|P02533	2.94077
NG:O75190|P08670	4.88924
NG:O75190|P13647	2.86548
NG:O75190|P14136	1.61712
NG:O75190|P17661	1.19432
NG:O75192|O75381	282.967
NG:O75192|O96011	10.7958
NG:O75192|P28328	99.3275
NG:O75192|P56589	0.291129
NG:O75192|Q92968	193.576
NG:O75192|Q9Y5Y5	0.186946
NG:O75381|O96011	280.206
NG:O75446|Q06330	0.2021
NG:O75558|Q13642	2.02102
NG:O75558|Q13643	2.46936
NG:O75558|Q14192	1.53027
NG:O95983|Q9UJW3	5.87497
NG:O96011|P28328	190.448
NG:O96011|Q92968	100.55
NG:O96011|Q9Y5Y5	0.170367
NG:P00709|Q9NNX6	0.151722
NG:P00973|Q9UIS9	58.9335
NG:P01100|P35452	9.37335
NG:P01112|P28482	94.4414
NG:P01112|P45983	34.2385
NG:P01112|Q16539	71.0672
NG:P01112|Q7Z6M1	2.73885
NG:P01116|Q7L099	2.65791
NG:P01135|Q969G9	0.17246
NG:P01137|P36894	376.019
NG:P01236|P62937	2.90987
NG:P01303|P61073	0.0170455
NG:P02545|P04792	2.75722
NG:P02545|P31946	181.001
NG:P02545|P49069	0.727786
NG:P02745|Q9NPY3	2.38397
NG:P02765|Q9Y6Q1	0.164363
NG:P03973|Q9NNX6	0.0552055
NG:P04003|P25445	1.09835
NG:P04003|P25942	0.36014
NG:P04003|P29965	0.294403
NG:P04003|P48023	0.587254
NG:P04141|P26951	26.7924
NG:P05111|Q04771	148.94
NG:P05230|Q86XR8	96.026
NG:P05814|Q9NNX6	0.550929
NG:P06493|P49207	1.34387
NG:P06703|P23297	134.997
NG:P06729|P09326	174.797
NG:P06729|P13987	0.155404
NG:P07196|P21246	0.520378
NG:P07196|P26641	0.354228
NG:P07196|P55854	3.0572
NG:P07196|Q9H213	0.513787
NG:P08047|Q9Y294	0.242063
NG:P08174|P27918	0.140065
NG:P08476|Q04771	685.23
NG:P08588|P24588	0.605163
NG:P08700|P15509	30.0991
NG:P10145|P61073	161.071
NG:P10147|P51677	691.017
NG:P10415|Q96CV9	2.27566
NG:P11802|Q9UBD5	24.7071
NG:P12645|P36894	299.843
NG:P12645|P98066	0.376767
NG:P13236|P51677	677.639
NG:P15172|Q01105	0.236142
NG:P15514|Q969F2	0.500836
NG:P15531|Q00987	3.91792
NG:P17036|P18847	0.228848
NG:P17036|P18848	0.117665
NG:P17036|P25963	0.167871
NG:P17036|P31150	0.0496785
NG:P17036|P41240	0.374659
NG:P17036|P62879	3.92042
NG:P17036|Q16828	0.0638454
NG:P17036|Q68DY1	0.000942723
NG:P17036|Q70SY1	0.180795
NG:P17036|Q8TAU0	0.0974597
NG:P17036|Q8TBX8	0.114344
NG:P17036|Q92730	0.429933
NG:P17036|Q92785	0.130928
NG:P17036|Q93096	0.0843594
NG:P17036|Q9NQX6	0.004155
NG:P17036|Q9UH92	0.131414
NG:P17036|Q9UHR5	0.101705
NG:P17036|Q9UHX1	1.39272
NG:P17706|P31946	7.06912
NG:P17980|Q16143	187.941
NG:P18847|P25963	7.49288
NG:P18847|P31150	2.3051
NG:P18847|P36915	1.54564
NG:P18847|P41240	2.83443
NG:P18847|P62879	3.76833
NG:P18847|Q16828	2.91207
NG:P18847|Q68DY1	0.00227063
NG:P18847|Q70SY1	43.1624
NG:P18847|Q8TAU0	1.01425
NG:P18847|Q8TBX8	1.12483
NG:P18847|Q92730	3.84649
NG:P18847|Q92785	1.23683
NG:P18847|Q93096	2.35966
NG:P18847|Q9H2S9	1.27475
NG:P18847|Q9H6S3	1.09201
NG:P18847|Q9H9D4	0.809899
NG:P18847|Q9NQX6	0.0199516
NG:P18847|Q9UH92	5.26823
NG:P18847|Q9UHR5	1.59233
NG:P18847|Q9UHX1	5.62269
NG:P18848|P31150	0.591579
NG:P18848|P36915	0.382883
NG:P18848|P41240	4.98061
NG:P18848|P62879	4.15219
NG:P18848|Q02535	1.04288
NG:P18848|Q14192	0.601844
NG:P18848|Q16828	1.05665
NG:P18848|Q68DY1	0.00353967
NG:P18848|Q70SY1	52.6954
NG:P18848|Q8TAU0	1.3992
NG:P18848|Q8TBX8	0.66264
NG:P18848|Q92730	2.2324
NG:P18848|Q92785	1.17712
NG:P18848|Q93096	0.674044
NG:P18848|Q9H2S9	1.58804
NG:P18848|Q9NQX6	0.0403968
NG:P18848|Q9UH92	2.61007
NG:P18848|Q9UHR5	2.34867
NG:P18848|Q9UHX1	5.89849
NG:P19544|Q15942	5.49365
NG:P20226|Q99626	8.53194
NG:P20338|Q8NEU8	47.0118
NG:P20338|Q9UKG1	75.387
NG:P21246|P26641	0.3223
NG:P21246|P55854	4.25075
NG:P21246|Q16891	0.353593
NG:P21246|Q5T3J3	0.225563
NG:P21246|Q7L311	2.34694
NG:P21246|Q9H213	0.757067
NG:P22003|P36894	486.644
NG:P23297|P31949	91.3715
NG:P24385|Q9UBD5	23.7434
NG:P24941|Q9UBD5	202.77
NG:P25100|P41220	0.554643
NG:P25963|P31150	0.698276
NG:P25963|P36915	2.28406
NG:P25963|P41240	9.1674
NG:P25963|P62879	8.1061
NG:P25963|Q02535	7.44869
NG:P25963|Q14192	3.15876
NG:P25963|Q16828	1.78628
NG:P25963|Q68DY1	0.0100851
NG:P25963|Q70SY1	4.91805
NG:P25963|Q8TAU0	2.18348
NG:P25963|Q8TBX8	1.29248
NG:P25963|Q92730	3.75286
NG:P25963|Q92785	1.75171
NG:P25963|Q93096	0.751974
NG:P25963|Q9NQX6	0.0388565
NG:P25963|Q9UH92	1.46116
NG:P25963|Q9UHR5	0.55289
NG:P25963|Q9UHX1	6.75533
NG:P26641|P55854	2.9413
NG:P26641|Q8N2W9	0.948692
NG:P26641|Q9H213	10.7377
NG:P27361|Q9H2B2	2.93332
NG:P28328|P56589	0.21547
NG:P28328|Q92968	197.05
NG:P28328|Q9Y5Y5	0.0969848
NG:P31150|P41240	3.12378
NG:P31150|P62879	4.48091
NG:P31150|Q02535	0.512643
NG:P31150|Q14192	0.738872
NG:P31150|Q16828	0.247418
NG:P31150|Q68DY1	0.00313962
NG:P31150|Q70SY1	1.40809
NG:P31150|Q8TAU0	0.383896
NG:P31150|Q8TBX8	0.932216
NG:P31150|Q92730	215.618
NG:P31150|Q92785	1.52341
NG:P31150|Q93096	1.20518
NG:P31150|Q9NQX6	0.224922
NG:P31150|Q9UDV6	0.838086
NG:P31150|Q9UH92	2.09265
NG:P31150|Q9UHR5	0.373377
NG:P31150|Q9UHX1	1.01091
NG:P35368|P41220	0.514191
NG:P36897|Q13347	22.0206
NG:P36915|P62879	7.99912
NG:P36915|Q02535	0.932524
NG:P36915|Q14192	0.720749
NG:P36915|Q16828	0.592039
NG:P36915|Q8TAU0	0.378297
NG:P36915|Q92730	1.88324
NG:P36915|Q92785	1.60909
NG:P36915|Q9UH92	0.668449
NG:P36915|Q9UHR5	1.44774
NG:P37840|P43004	1.46241
NG:P41240|P62879	5.74561
NG:P41240|Q16828	5.24517
NG:P41240|Q68DY1	0.0404588
NG:P41240|Q70SY1	7.71344
NG:P41240|Q8TAU0	6.33287
NG:P41240|Q8TBX8	4.64401
NG:P41240|Q92730	45.0379
NG:P41240|Q92785	4.2623
NG:P41240|Q93096	33.98
NG:P41240|Q9NQX6	1.37694
NG:P41240|Q9UH92	4.54635
NG:P41240|Q9UHR5	4.59944
NG:P41240|Q9UHX1	6.99849
NG:P42224|Q8TAE8	7.90952
NG:P42229|Q8TAE8	7.53734
NG:P42771|Q9UBD5	0.822623
NG:P43004|Q15050	2.84724
NG:P45983|Q9BUB5	48.0355
NG:P46108|Q9H2B2	1.18868
NG:P48729|Q96EV8	5.23746
NG:P48729|Q9BQY9	0.764857
NG:P48730|Q96EV8	6.1004
NG:P49459|Q9NW38	77.5768
NG:P49674|Q96EV8	6.22454
NG:P50148|P63244	23.3194
NG:P51149|Q7L099	8.50236
NG:P51149|Q7Z6M1	63.0351
NG:P51149|Q8NEU8	21.7872
NG:P51149|Q9UKG1	34.4408
NG:P51452|Q86Y07	40.1484
NG:P51693|P55854	3.89495
NG:P51693|Q9H213	0.888409
NG:P51965|P63165	655.028
NG:P55209|P61073	0.559761
NG:P55854|Q16891	2.51837
NG:P55854|Q5T3J3	2.60145
NG:P55854|Q7L311	5.93792
NG:P55854|Q9H213	3.49922
NG:P55854|Q9UKY1	2.40363
NG:P59190|Q9UJ41	1.9369
NG:P61626|Q9NNX6	2.84372
NG:P62312|Q9Y333	209.477
NG:P62312|Q9Y4Z0	152.131
NG:P62491|Q8NEU8	182.506
NG:P62491|Q9UKG1	272.334
NG:P62826|Q7L099	2.70408
NG:P62879|Q14192	1.99962
NG:P62879|Q16828	3.96939
NG:P62879|Q68DY1	0.0265152
NG:P62879|Q70SY1	4.30168
NG:P62879|Q8TAU0	5.66593
NG:P62879|Q8TBX8	3.21693
NG:P62879|Q92730	9.76625
NG:P62879|Q92785	2.20044
NG:P62879|Q93096	1.24726
NG:P62879|Q9H2S9	4.26215
NG:P62879|Q9NQX6	2.33223
NG:P62879|Q9UDV6	3.24696
NG:P62879|Q9UH92	7.52729
NG:P62879|Q9UHR5	1.67345
NG:P62879|Q9UHX1	10.0831
NG:P63092|P63244	13.6323
NG:P63096|P63244	19.0959
NG:P63146|P63165	624.37
NG:P63165|Q16763	265.87
NG:P63165|Q9Y2Q3	1.70253
NG:P63167|Q7LDG7	1.22684
NG:P67775|Q92572	7.592
NG:P84103|Q02040	5.06048
NG:Q00526|Q9UBD5	79.9036
NG:Q01081|Q02040	3.52287
NG:Q01130|Q02040	2.32994
NG:Q02535|Q16828	0.433578
NG:Q02535|Q70SY1	1.37529
NG:Q02535|Q8TAU0	3.07937
NG:Q02535|Q8TBX8	1.88678
NG:Q02535|Q92785	5.21559
NG:Q02535|Q93096	0.753485
NG:Q02535|Q9H2S9	0.646915
NG:Q02535|Q9H6S3	1.30804
NG:Q02535|Q9NQX6	0.0543042
NG:Q02535|Q9UDV6	0.587828
NG:Q02535|Q9UHR5	0.395776
NG:Q04771|Q13347	11.5858
NG:Q06265|Q5RKV6	21.0622
NG:Q06265|Q96B26	215.076
NG:Q06265|Q99547	184.179
NG:Q06265|Q9NQT4	193.867
NG:Q06265|Q9Y3B2	190.349
NG:Q06330|Q92769	137.926
NG:Q06587|Q92769	11.9804
NG:Q13485|Q15583	309.193
NG:Q13547|Q9UBP5	16.3825
NG:Q13642|Q14192	336.172
NG:Q13642|Q5TD97	332.065
NG:Q14186|Q8TAK5	1.14709
NG:Q14192|Q16828	5.32841
NG:Q14192|Q70SY1	7.27975
NG:Q14192|Q8TAU0	2.43146
NG:Q14192|Q8TBX8	2.31484
NG:Q14192|Q92730	0.79145
NG:Q14192|Q93096	0.185158
NG:Q14192|Q9H6S3	1.26348
NG:Q14192|Q9UH92	0.546739
NG:Q14209|Q8TAK5	4.5003
NG:Q15080|Q86UR1	27.3079
NG:Q15329|Q8TAK5	1.65445
NG:Q15466|Q92786	31.2899
NG:Q16254|Q56P03	0.799609
NG:Q16254|Q8TAK5	1.69183
NG:Q16384|Q96QF0	2.70809
NG:Q16384|Q9Y2D8	145.99
NG:Q16828|Q68DY1	0.029105
NG:Q16828|Q70SY1	0.620609
NG:Q16828|Q8TAU0	0.267551
NG:Q16828|Q8TBX8	1.7866
NG:Q16828|Q92730	4.91399
NG:Q16828|Q92785	0.51122
NG:Q16828|Q93096	1.85068
NG:Q16828|Q9H2S9	0.261171
NG:Q16828|Q9NQX6	0.0345062
NG:Q16828|Q9UH92	0.722666
NG:Q16828|Q9UHR5	0.371493
NG:Q16828|Q9UHX1	2.95816
NG:Q16891|Q9H213	1.00898
NG:Q5RKV6|Q99547	23.6812
NG:Q5RKV6|Q9NPD3	9.84475
NG:Q5T3J3|Q9H213	0.50198
NG:Q68DY1|Q8TAU0	0.00639465
NG:Q68DY1|Q8TBX8	0.00562334
NG:Q68DY1|Q92730	0.013127
NG:Q68DY1|Q92785	0.00106564
NG:Q68DY1|Q93096	0
NG:Q68DY1|Q9NQX6	0.00296158
NG:Q68DY1|Q9UH92	0.004684
NG:Q68DY1|Q9UHR5	0.0253468
NG:Q70SY1|Q8TAU0	0.626939
NG:Q70SY1|Q8TBX8	1.09162
NG:Q70SY1|Q92785	1.01744
NG:Q70SY1|Q9NQX6	0.0388104
NG:Q70SY1|Q9UH92	1.38254
NG:Q70SY1|Q9UHR5	3.33352
NG:Q7L311|Q9H213	1.20452
NG:Q8TAU0|Q8TBX8	0.31919
NG:Q8TAU0|Q92730	6.52354
NG:Q8TAU0|Q92785	0.913641
NG:Q8TAU0|Q93096	0.318046
NG:Q8TAU0|Q9H2S9	0.301254
NG:Q8TAU0|Q9NQX6	0.021711
NG:Q8TAU0|Q9UH92	0.699987
NG:Q8TAU0|Q9UHR5	0.296561
NG:Q8TAU0|Q9UHX1	1.22388
NG:Q8TBX8|Q92730	4.50117
NG:Q8TBX8|Q92785	0.54548
NG:Q8TBX8|Q93096	1.99904
NG:Q8TBX8|Q9H2S9	0.191429
NG:Q8TBX8|Q9NQX6	0.635543
NG:Q8TBX8|Q9UDV6	0.206507
NG:Q8TBX8|Q9UH92	0.531421
NG:Q8TBX8|Q9UHR5	0.350086
NG:Q8TBX8|Q9UHX1	1.16383
NG:Q92730|Q92785	2.92078
NG:Q92730|Q93096	3.99116
NG:Q92730|Q9H2S9	0.876989
NG:Q92730|Q9H6S3	7.86548
NG:Q92730|Q9H9D4	1.71693
NG:Q92730|Q9NQX6	0.0715722
NG:Q92730|Q9UH92	2.62905
NG:Q92730|Q9UHR5	0.860432
NG:Q92730|Q9UHX1	2.58096
NG:Q92785|Q93096	0.415061
NG:Q92785|Q9H2S9	0.369397
NG:Q92785|Q9NQX6	0.0244928
NG:Q92785|Q9UH92	1.20621
NG:Q92785|Q9UHR5	0.417561
NG:Q92785|Q9UHX1	3.99367
NG:Q92968|Q9Y5Y5	0.423705
NG:Q93096|Q9H2S9	0.272249
NG:Q93096|Q9H6S3	1.11706
NG:Q93096|Q9H9D4	0.370416
NG:Q93096|Q9NQX6	0.0495637
NG:Q93096|Q9UH92	1.49567
NG:Q93096|Q9UHR5	1.34941
NG:Q93096|Q9UHX1	0.742956
NG:Q96QF0|Q99909	1.60638
NG:Q99547|Q9NQT4	197.436
NG:Q9H2S9|Q9UH92	0.701715
NG:Q9H2S9|Q9UHR5	0.297186
NG:Q9H6S3|Q9UH92	0.964669
NG:Q9H9D4|Q9UH92	0.621961
NG:Q9NPD3|Q9NQT4	177.395
NG:Q9NQX6|Q9UH92	0.0447041
NG:Q9NQX6|Q9UHR5	0.0340523
NG:Q9NZM6|Q9Y3M2	0.863324
NG:Q9UBB5|Q9UJW3	5.34415
NG:Q9UDV6|Q9UH92	0.750125
NG:Q9UH92|Q9UHX1	6.16346
NG:Q9Y4Y9|Q9Y4Z0	370.22
PN6:0001	0.799454
PN6:0003	188.726
PN6:0004	201.659
PN6:0005	1.33219
PN6:0006	0.227567
PN6:0007	0.0688002
PN6:0009	0.838184
PN6:0012	584.826
PN6:0013	0.706846
PN6:0014	0.711305
PN6:0015	1.012
PN6:0017	1.45756
PN6:0019	0.89945
PN6:0021	0.878427
PN6:0023	0.326839
PN6:0024	2.8113
PN6:0026	1.18718
PN6:0027	98.5765
PN6:0028	0.270259
PN6:0030	1.18268
PN6:0031	0.275533
PN6:0035	0.0269619
PN6:0037	2.32779
PN6:0039	0.225432
PN6:0045	1.60139
PN6:0047	0.518014
PN6:0052	30.5498
PN6:0054	0.244069
PN6:0058	3.36822
PN6:0073	523.667
PN6:0086	5.52926
PN6:0122	0.569835
PN6:0124	0.294826
PN6:0126	0.352947
PN6:0127	1.87202
PN6:0129	0.580698
PN6:0132	0.820576
PN6:0133	2.08842
PN6:0134	0.162508
PN6:0135	1.04845
PN6:0142	0.918466
PN6:0148	4.77686
PN6:0149	14.2151
PN6:0151	11.9973
PN6:0152	2.71499
PN6:0153	1.25919
PN6:0154	1.98535
PN6:0155	0.600443
PN6:0156	7.24678
PN6:0157	1.35787
PN6:0161	0.370382
PN6:0162	2.62844
PN6:0164	79.1604
PN6:0168	0.720486
PN6:0169	0.117537
PN6:0170	0.835871
PN6:0171	0.0729248
PN6:0173	0.0853423
PN6:0174	0.9094
PN6:0176	0.130178
PN6:0177	0.0932382
PN6:0179	1.24162
PN6:0187	0.188563
PN6:0190	0.111995
PN6:0191	0.409475
PN6:0193	2.57301
PN6:0197	0.891169
PN6:0210	3.53757
PN6:0219	1.99326
PN6:0355	0.0997033
PN6:0360	0.486564
PN6:0361	261.547
PN6:0363	1.4854
PN6:0365	1.44636
PN6:0366	5.68429
PN6:0372	3.69878
PN6:0381	1.49053
PN6:0386	1.72093
PN6:0389	0.388623
PN6:0391	0.228441
PN6:0393	1.91634
PN6:0396	1.65601
PN6:0397	84.6061
PN6:0398	1.20226
PN6:0399	0.647599
PN6:0406	1.28808
PN6:0411	19.9972
PN6:0412	3.74426
PN6:0413	0.766489
PN6:0418	0.697753
PN6:0432	0.271528
PN6:0434	743.899
PN6:0440	0.365338
PN6:0441	0.473968
PN6:0442	2.25417
PN6:0444	0.293546
PN6:0460	6.6445
PN6:0461	1.80782
PN6:0465	125.309
PN6:0467	0.561005
PN6:0469	3.22059
PN6:0478	0.575107
PN6:0490	0.555007
PN6:0499	1.04208
SP:0000001	0.0528926
SP:0000003	68.5561
SP:0000004	0.500193
SP:0000005	0.150933
SP:0000007	0.623284
SP:0000008	19.1286
SP:0000009	0.399931
SP:0000010	0.0500989
SP:0000011	169.271
SP:0000012	4.42731
SP:0000013	612.593
SP:0000014	0.144127
SP:0000015	0.415885
SP:0000017	0.296585
SP:0000018	144.268
SP:0000020	0.159249
SP:0000023	0.11777
SP:0000024	4.45927
SP:0000025	0.0908353
SP:0000026	0
SP:0000027	0.23778
SP:0000028	0.314467
SP:0000030	109.727
SP:0000031	3.86813
SP:0000032	1.84468
SP:0000034	1.76791
SP:0000035	0.225316
SP:0000036	201.631
SP:0000037	0.445914
SP:0000039	0.349167
SP:0000040	0.269974
SP:0000041	0.46869
SP:0000042	0.195241
SP:0000043	0.11545
SP:0000044	0
SP:0000045	0.615906
SP:0000046	7.06688
SP:0000047	0.581584
SP:0000048	8.30323
SP:0000049	13.517
SP:0000050	3.90132
SP:0000051	194.582
SP:0000052	19.8309
SP:0000053	0.0348374
SP:0000055	0.0607243
SP:0000056	0.146298
SP:0000059	4.9122
SP:0000060	0.118594
SP:0000061	0.180624
SP:0000062	0.155214
SP:0000063	0.0452383
SP:0000065	0.0604877
SP:0000066	0.457841
SP:0000067	0.0164959
SP:0000068	1.38442
SP:0000069	0.0681843
SP:0000071	0.324552
SP:0000072	0.323005
SP:0000073	0.25407
SP:0000074	0.415311
SP:0000075	0.0975474
SP:0000076	0.619222
SP:0000077	0.440842
SP:0000078	5.34924
SP:0000079	11.3346
SP:0000082	0.249222
SP:0000083	0.135466
SP:0000084	0.206894
SP:0000085	1.20338
SP:0000088	125.494
SP:0000089	129.834
SP:0000090	12.8667
SP:0000092	142.608
SP:0000093	8.16771
SP:0000096	0.247474
SP:0000097	0.00776427
SP:0000098	0.316437
SP:0000099	0.138844
SP:0000100	0.725687
SP:0000101	0.0803133
SP:0000102	0.139955
SP:0000103	0.42417
SP:0000104	1.37841
SP:0000106	0.164042
SP:0000107	501.729
SP:0000108	0.384005
SP:0000109	0.0465643
SP:0000110	0.425207
SP:0000111	0.104678
SP:0000114	104.966
SP:0000116	0.621973
SP:0000117	0.0855072
SP:0000118	0.0642553
SP:0000119	0.324033
SP:0000120	262.492
SP:0000121	222.918
SP:0000122	5.46786
SP:0000125	0.343073
SP:0000126	0.0327192
SP:0000127	0.797094
SP:0000128	120.134
SP:0000130	0.133111
SP:0000131	0.577013
SP:0000132	4.90439
SP:0000133	0.0444251
SP:0000134	1.6282
SP:0000136	0.162837
SP:0000137	0.152064
SP:0000138	0.233664
SP:0000139	0.0449351
SP:0000140	0
SP:0000141	0.0360135
SP:0000142	0.110099
SP:0000143	0.185009
SP:0000144	80.0566
SP:0000145	0.0683125
SP:0000146	0.29211
SP:0000147	0.0125196
SP:0000149	57.3697
SP:0000150	0.0801471
SP:0000151	0.183189
SP:0000152	0.198289
SP:0000153	0.0473644
SP:0000155	0.0305742
SP:0000156	304.209
SP:0000157	5.60331
SP:0000158	1.19071
SP:0000159	0.182733
SP:0000160	0.507885
SP:0000161	0.54736
SP:0000162	31.111
SP:0000163	8.9077
SP:0000165	13.9397
SP:0000166	0.0647465
SP:0000168	1.47524
SP:0000169	0.143748
SP:0000170	121.553
SP:0000171	0.649843
SP:0000172	0
SP:0000173	0.534784
SP:0000174	255.097
SP:0000175	0.899784
SP:0000176	2.51262
SP:0000177	280.976
SP:0000178	198.814
SP:0000179	0.0321297
SP:0000180	5.84757
SP:0000181	0.153236
SP:0000182	0.185847
SP:0000183	0.0542042
SP:0000185	0.193823
SP:0000189	0.035191
SP:0000190	10.6894
SP:0000192	0.054204
SP:0000193	0.417472
SP:0000195	0.0422953
SP:0000196	0.102868
SP:0000197	0.259209
SP:0000198	0.134136
SP:0000199	0.0987588
SP:0000201	1.71357
SP:0000203	0.490149
SP:0000204	0.490885
SP:0000205	0
SP:0000206	0.113165
SP:0000207	0.173618
SP:0000209	216.039
SP:0000210	1.14348
SP:0000211	0.112723
SP:0000212	0.498504
SP:0000213	0.0700921
SP:0000215	0.212635
SP:0000216	0.248825
SP:0000217	0.0442042
SP:0000218	17.8594
SP:0000219	0.318815
SP:0000220	0.947684
SP:0000221	0.0469434
SP:0000222	0.785084
SP:0000223	0.0864673
SP:0000224	10.8543
SP:0000225	0.319627
SP:0000226	0.0475925
SP:0000227	3.59325
SP:0000229	20.7097
SP:0000231	0.0974943
SP:0000232	38.0543
SP:0000233	1.42547
SP:0000234	0.0967083
SP:0000235	1.64035
SP:0000236	18.6681
SP:0000237	0.189963
SP:0000239	0.0956284
SP:0000240	0.398365
SP:0000241	0.144181
SP:0000242	2.71758
SP:0000243	206.453
SP:0000244	2.84566
SP:0000245	113.591
SP:0000246	0.15936
SP:0000247	0.795415
SP:0000248	0.253952
SP:0000249	0.438818
SP:0000250	0.223922
SP:0000252	0.207643
SP:0000254	6.54583
SP:0000255	0.169113
SP:0000257	0.372793
SP:0000258	0.214806
SP:0000260	0.0121864
SP:0000261	0.137226
SP:0000262	0.356065
SP:0000263	4.42308
SP:0000264	0
SP:0000265	0.630307
SP:0000266	9.38059
SP:0000267	0.406608
SP:0000268	1.00393
SP:0000269	1.25593
SP:0000270	0.032065
SP:0000271	0.034552
SP:0000273	641.589
SP:0000274	2.48251
SP:0000275	6.22364
SP:0000276	0.223704
SP:0000277	3.42986
SP:0000279	1.07719
SP:0000282	0.677518
SP:0000285	0.119625
SP:0000286	1.91508
SP:0000287	0.0272539
SP:0000288	0.397569
SP:0000289	0
SP:0000291	0.0515341
SP:0000292	6.82634
SP:0000293	1.30077
SP:0000294	0.0241886
SP:0000296	0.232098
SP:0000297	0.299662
SP:0000298	527.48
SP:0000299	3.99883
SP:0000300	0.00941176
SP:0000302	0.336676
SP:0000303	0
SP:0000304	158.515
SP:0000305	0.289825
SP:0000306	0.00747951
SP:0000307	215.706
SP:0000308	0.189402
SP:0000311	0.117693
SP:0000312	18.7672
SP:0000313	0.012012
SP:0000314	0.163784
SP:0000315	0.139657
SP:0000317	0.386122
SP:0000318	0.534691
SP:0000320	1.43241
SP:0000321	40.6307
SP:0000322	0.150343
SP:0000323	0.612541
SP:0000325	0.0219512
SP:0000326	0.36833
SP:0000327	70.5736
SP:0000328	0.0128182
SP:0000330	0.165074
SP:0000335	99.9154
SP:0000336	0.204521
SP:0000337	2.0435
SP:0000338	1.50483
SP:0000339	0
SP:0000340	5.69499
SP:0000341	0.251557
SP:0000342	109.08
SP:0000344	0.576018
SP:0000346	0.0155229
SP:0000347	0.268057
SP:0000348	1.12674
SP:0000349	0.159105
SP:0000352	143.806
SP:0000354	0.130189
SP:0000355	9.94097
SP:0000356	3.43813
SP:0000357	13.8213
SP:0000360	0.0140887
SP:0000361	178.409
SP:0000362	0.727416
SP:0000363	0.222611
SP:0000364	0.108888
SP:0000365	0.268851
SP:0000366	8.10306
SP:0000367	0.979774
SP:0000368	0.292926
SP:0000369	4.01293
SP:0000370	0.356818
SP:0000371	83.7987
SP:0000372	0.23778
SP:0000373	0.100802
SP:0000374	0.262282
SP:0000375	0.20401
SP:0000377	0.386975
SP:0000378	18.4046
SP:0000379	1.41326
SP:0000380	0.21641
SP:0000381	8.68939
SP:0000382	0.327209
SP:0000383	0.333356
SP:0000386	0.189081
SP:0000387	0.0962062
SP:0000388	0.0348149
SP:0000390	2.59447
SP:0000392	95.8868
SP:0000394	2.21013
SP:0000395	0.00696185
SP:0000396	0.35
SP:0000397	0.287305
SP:0000398	0.261257
SP:0000399	0.186821
SP:0000400	0.370365
SP:0000401	6.63723
SP:0000402	0.152361
SP:0000403	1.69944
SP:0000404	0.918505
SP:0000405	2.65592
SP:0000406	150.709
SP:0000408	120.722
SP:0000409	18.0664
SP:0000410	293.99
SP:0000411	12.3103
SP:0000412	511.546
SP:0000413	0.862805
SP:0000414	7.47809
SP:0000415	6.35951
SP:0000416	119.552
SP:0000418	0
SP:0000419	0.0665316
SP:0000420	0.0404321
SP:0000422	0.143714
SP:0000423	51.1328
SP:0000424	0.010597
SP:0000425	0.0946354
SP:0000426	0.0785285
SP:0000428	0.0856714
SP:0000430	1.53333
SP:0000431	0.557837
SP:0000433	0.0666545
SP:0000434	0.908189
SP:0000435	0.288889
SP:0000436	0.298263
SP:0000437	0.370558
SP:0000439	0.453259
SP:0000440	0.0281915
SP:0000442	276.709
SP:0000443	0.0512931
SP:0000444	0.364306
SP:0000445	0.149838
SP:0000446	0.19266
SP:0000447	65.6387
SP:0000449	1.57716
SP:0000451	11.3643
SP:0000452	0.103559
SP:0000454	1.88249
SP:0000455	0.594411
SP:0000456	2.36189
SP:0000457	197.495
SP:0000458	0.274778
SP:0000459	0.0291994
SP:0000460	1.11723
SP:0000461	297.577
SP:0000462	0.236415
SP:0000464	0.00521999
SP:0000465	24.2858
SP:0000466	4.54783
SP:0000467	0.0562049
SP:0000468	0.302967
SP:0000469	0.740885
SP:0000470	185.969
SP:0000471	0.183189
SP:0000472	0.0751478
SP:0000473	1.24663
SP:0000475	1.21547
SP:0000477	2.96911
SP:0000479	0.160494
SP:0000480	1.21869
SP:0000481	74.1743
SP:0000482	0.141922
SP:0000484	0.142673
SP:0000485	1.24803
SP:0000486	0.321489
SP:0000487	0.346618
SP:0000489	0.517646
SP:0000490	2.2311
SP:0000491	0.253722
SP:0000492	0.396246
SP:0000493	48.9112
SP:0000494	1.32037
SP:0000495	0.121169
SP:0000496	312.958
SP:0000497	0.0774011
SP:0000498	0.555115
SP:0000500	19.3643
SP:0000501	59.2181
SP:0000503	11.9205
SP:0000504	3.49359
SP:0000506	2.01617
SP:0000507	0.0162354
SP:0000508	0.720777
SP:0000509	0.0770864
SP:0000510	27.9511
SP:0000511	131.036
SP:0000512	59.601
SP:0000513	0.157907
SP:0000514	3.08292
SP:0000515	8.96583
SP:0000516	0.238954
SP:0000517	0.213019
SP:0000518	97.5348
SP:0000519	0.242496
SP:0000520	0.0819647
SP:0000522	0.0714286
SP:0000523	0.102487
SP:0000524	0
SP:0000525	1.514
SP:0000526	0.125337
SP:0000527	0.281104
SP:0000528	1.0961
SP:0000529	0.133407
SP:0000530	0.0405591
SP:0000531	1.23142
SP:0000532	5.33075
SP:0000534	71.9273
SP:0000536	0.317941
SP:0000537	0.328899
SP:0000539	0.473753
SP:0000540	0
SP:0000542	234.685
SP:0000544	0.23412
SP:0000545	0.144616
SP:0000546	0.0606589
SP:0000548	0.28469
SP:0000549	0
SP:0000550	0.0482244
SP:0000552	133.649
SP:0000553	8.86967
SP:0000554	0.121477
SP:0000555	1.94981
SP:0000556	0.231368
SP:0000558	0.172058
SP:0000559	383.188
SP:0000560	3.07883
SP:0000561	3.24499
SP:0000562	24.0566
SP:0000563	0.281429
SP:0000564	0.218734
SP:0000566	0.365584
SP:0000567	6.14776
SP:0000569	0.392929
SP:0000570	0.13172
SP:0000571	0.0684023
SP:0000572	2.82987
SP:0000573	0
SP:0000575	0.0624217
SP:0000576	0.0795866
SP:0000577	70.0699
SP:0000579	0.128108
SP:0000580	3.0035
SP:0000581	219.432
SP:0000582	0.134858
SP:0000583	0
SP:0000584	0.190647
SP:0000585	0.0769144
SP:0000586	2.61012
SP:0000587	0.37487
SP:0000588	0.0806674
SP:0000589	0.606017
SP:0000590	0.092989
SP:0000591	1.55631
SP:0000592	0.0651878
SP:0000593	0.0590517
SP:0000594	5.82212
SP:0000595	0.182777
SP:0000596	0.12812
SP:0000597	8.2484
SP:0000599	0.416622
SP:0000600	0.43149
SP:0000601	6.45748
SP:0000602	17.6419
SP:0000603	12.7996
SP:0000604	0.401641
SP:0000605	0.0584241
SP:0000606	0.675294
SP:0000607	0
SP:0000608	0.128407
SP:0000609	0.0918097
SP:0000610	0.0977243
SP:0000611	4.75548
SP:0000612	0.643677
SP:0000613	0.0801435
SP:0000614	1.9877
SP:0000615	0.310914
SP:0000617	9.01034
SP:0000619	117.306
SP:0000620	0.0295056
SP:0000621	14.2868
SP:0000622	50.8497
SP:0000623	0.194423
SP:0000624	0.134058
SP:0000625	116.607
SP:0000626	0.310045
SP:0000627	111.111
SP:0000628	4.57038
SP:0000629	0.0732689
SP:0000630	0.249604
SP:0000631	0.833995
SP:0000632	147.263
SP:0000633	0.0717661
SP:0000634	3.54081
SP:0000635	0.517426
SP:0000636	0.155001
SP:0000637	0
SP:0000639	0.0724926
SP:0000640	21.6856
SP:0000641	0.0818663
SP:0000642	0.079946
SP:0000643	96.877
SP:0000644	0.704099
SP:0000645	2.84566
SP:0000648	0.11845
SP:0000649	0.335362
SP:0000650	0.0400549
SP:0000651	0.0678284
SP:0000652	0.195594
SP:0000653	0.130003
SP:0000654	1.25746
SP:0000655	7.50714
SP:0000656	0.0281902
SP:0000657	1.4557
SP:0000659	4.79515
SP:0000660	0.52668
SP:0000661	507.81
SP:0000663	0
SP:0000664	0.0369962
SP:0000666	2.13836
SP:0000667	0.218072
SP:0000669	0.376288
SP:0000670	0.341014
SP:0000671	0.247699
SP:0000672	0.144819
SP:0000673	0.0472036
SP:0000675	0
SP:0000676	0.376563
SP:0000677	0.0971775
SP:0000678	3.21677
SP:0000680	129.025
SP:0000681	1.36289
SP:0000682	0.0609095
SP:0000683	0.219394
SP:0000685	0
SP:0000686	0.0298929
SP:0000689	0.0682769
SP:0000690	0.0391409
SP:0000691	1.17735
SP:0000692	0.242497
SP:0000693	0.227333
SP:0000694	0.0300933
SP:0000695	0.151811
SP:0000696	0.213483
SP:0000697	0.00764916
SP:0000698	0.126545
SP:0000699	0.16681
SP:0000700	0.345421
SP:0000701	0.32522
SP:0000702	0.140585
SP:0000703	0.483702
SP:0000704	0.571537
SP:0000705	0.159758
SP:0000706	1.38256
SP:0000709	0.222211
SP:0000710	0.924358
SP:0000713	1.18555
SP:0000717	15.2447
SP:0000719	0.146635
SP:0000720	0.884158
SP:0000721	0.297734
SP:0000723	126.295
SP:0000724	0
SP:0000725	69.502
SP:0000726	1.07968
SP:0000727	0.89221
SP:0000728	0.546682
SP:0000730	83.8964
SP:0000731	0.29892
SP:0000732	0.141259
SP:0000733	0.176593
SP:0000734	0.177157
SP:0000737	0.119669
SP:0000738	0.246334
SP:0000739	0.0690299
SP:0000740	0.0444067
SP:0000741	105.08
SP:0000742	0.065013
SP:0000744	0.00563272
SP:0000746	0.730742
SP:0000747	0.159367
SP:0000748	38.9942
SP:0000749	0.229878
SP:0000750	3.8831
SP:0000751	0.136381
SP:0000752	0.303669
SP:0000753	0.0115616
SP:0000754	0.309999
SP:0000755	39.2397
SP:0000756	205.41
SP:0000757	0.57268
SP:0000758	0.225352
SP:0000759	0.0707589
SP:0000760	147.725
SP:0000761	2.82383
SP:0000762	0.380051
SP:0000763	88.5754
SP:0000764	0.437286
SP:0000765	0.0397641
SP:0000766	23.4347
SP:0000768	0.17268
SP:0000769	103.221
SP:0000770	0.335903
SP:0000771	0.722668
SP:0000772	0.192778
SP:0000773	3.87958
SP:0000774	0.0298507
SP:0000776	11.0161
SP:0000777	9.26975
SP:0000778	0.0361911
SP:0000779	12.4342
SP:0000780	0.051453
SP:0000781	135.378
SP:0000782	0.147264
SP:0000783	0.346534
SP:0000784	0.450168
SP:0000785	0.121097
SP:0000786	176.265
SP:0000787	0.458907
SP:0000788	157.307
SP:0000789	0.288593
SP:0000790	3.20385
SP:0000792	6.35354
SP:0000793	0.87437
SP:0000794	0.251675
SP:0000795	5.86322
SP:0000796	0.576792
SP:0000797	22.1683
SP:0000798	9.50644
SP:0000799	0.547681
SP:0000800	0.349339
SP:0000801	197.532
SP:0000802	0.11622
SP:0000803	0.297991
SP:0000804	0.264499
SP:0000805	0.479845
SP:0000806	0.0667456
SP:0000807	27.7619
SP:0000808	0.108028
SP:0000809	44.2764
SP:0000810	0.348496
SP:0000811	0.117197
SP:0000812	319.248
SP:0000813	0.303617
SP:0000817	16.8331
SP:0000818	40.924
SP:0000820	0.11013
SP:0000821	0.12541
SP:0000822	0.102562
SP:0000823	0.484934
SP:0000824	50.2773
SP:0000825	0.145287
SP:0000826	151.82
SP:0000827	0.251082
SP:0000829	0.203553
SP:0000830	7.73948
SP:0000831	0.0427019
SP:0000832	0.0413261
SP:0000833	0.224035
SP:0000834	2.61012
SP:0000835	0.0660594
SP:0000836	0.0923377
SP:0000837	8.93018
SP:0000838	0.188768
SP:0000839	0.0268116
SP:0000841	0.363136
SP:0000842	3.49567
SP:0000844	0.77028
SP:0000846	2.51582
SP:0000847	0.139713
SP:0000848	0.473599
SP:0000849	208.131
SP:0000850	9.2067
SP:0000851	0.0257396
SP:0000852	0.672616
SP:0000853	0.537452
SP:0000854	1.0765
SP:0000855	11.8872
SP:0000856	0
SP:0000857	0.286653
SP:0000858	61.3688
SP:0000859	0.0234006
SP:0000860	0
SP:0000861	213.257
SP:0000862	0.107507
SP:0000863	1.4265
SP:0000864	0.0663017
SP:0000867	0.0271101
SP:0000868	0.0559783
SP:0000869	0.348729
SP:0000870	0.528148
SP:0000872	6.32476
SP:0000876	293.595
SP:0000877	22.4159
SP:0000878	58.6653
SP:0000879	0.997131
SP:0000880	31.4079
SP:0000881	223.839
SP:0000882	0.273395
SP:0000883	0.159626
SP:0000884	0.0358713
SP:0000885	0.476787
SP:0000886	0.0871466
SP:0000887	1.78674
SP:0000888	5.54726
SP:0000889	0.0345501
SP:0000890	0.0160549
SP:0000891	134.446
SP:0000892	0.300698
SP:0000893	0
SP:0000894	116.764
SP:0000895	0.0952956
SP:0000896	159.315
SP:0000897	27.1755
SP:0000898	0.227454
SP:0000899	0.0700901
SP:0000900	0
SP:0000901	0.066835
SP:0000902	0.131531
SP:0000903	0.135816
SP:0000904	0.0100681
SP:0000905	0.0450008
SP:0000906	201.463
SP:0000908	0.0299477
SP:0000910	0.995579
SP:0000911	0.360663
SP:0000913	160.445
SP:0000914	82.9865
SP:0000915	0.0556141
SP:0000917	0.284087
SP:0000918	9.52735
SP:0000919	0.0956015
SP:0000920	0.863636
SP:0000921	0.207619
SP:0000922	596.006
SP:0000923	67.49
SP:0000924	0.300149
SP:0000925	0.458246
SP:0000926	0.253042
SP:0000927	0.0328086
SP:0000928	0.183959
SP:0000930	0.29022
SP:0000931	0.169433
SP:0000932	181.175
SP:0000933	2.05555
SP:0000934	0.0861843
SP:0000935	0
SP:0000936	0.123905
SP:0000937	30.2643
SP:0000938	0.943406
SP:0000939	0.100861
SP:0000940	272.778
SP:0000941	52.3947
SP:0000942	149.805
SP:0000943	0.144157
SP:0000944	0.425253
SP:0000945	0.0798884
SP:0000946	0.0757661
SP:0000947	0
SP:0000948	0.573682
SP:0000949	0.0777473
SP:0000950	0.591415
SP:0000951	63.706
SP:0000952	20.1395
SP:0000953	0.176283
SP:0000954	38.414
SP:0000957	0.112437
SP:0000958	17.2638
SP:0000959	0.294622
SP:0000960	0.272696
SP:0000962	164.786
SP:0000963	0
SP:0000964	0.164753
SP:0000965	0.0838503
SP:0000966	1.15961
SP:0000968	0.0529966
SP:0000969	0.210722
SP:0000970	0.386186
SP:0000971	9.43491
SP:0000973	4.15676
SP:0000974	0.258936
SP:0000975	0.120469
SP:0000976	5.14433
SP:0000978	0.279335
SP:0000980	0.956095
SP:0000981	0.0297068
SP:0000982	0.0286169
SP:0000983	5.46313
SP:0000984	0.363101
SP:0000986	0.397121
SP:0000987	0.432489
SP:0000988	8.41788
SP:0000991	0.129578
SP:0000992	9.84822
SP:0000997	0.713905
SP:0000999	3.43985
SP:0001000	0.0998278
SP:0001001	0.927237
SP:0001002	0.298202
SP:0001003	0.16478
SP:0001004	29.1496
SP:0001006	2.27846
SP:0001007	0.921064
SP:0001008	291.014
SP:0001009	79.7446
SP:0001010	0.646872
SP:0001011	0.06544
SP:0001012	0
SP:0001013	0.0407168
SP:0001014	3.57692
SP:0001015	0.186955
SP:0001016	0.401935
SP:0001017	1.66605
SP:0001018	0
SP:0001019	5.98717
SP:0001023	0.137309
SP:0001024	32.4437
SP:0001025	0.226506
SP:0001026	0.620732
SP:0001028	0.384116
SP:0001029	90.9661
SP:0001032	0.219643
SP:0001033	0.423967
SP:0001034	0.770498
SP:0001036	0.0770923
SP:0001038	0.372924
SP:0001039	0.327699
SP:0001042	0
SP:0001043	137.684
SP:0001044	0.0979725
SP:0001046	38.0113
SP:0001047	161.818
SP:0001049	1.78531
SP:0001050	38.8813
SP:0001051	17.0652
SP:0001052	0.158177
SP:0001053	0.461332
SP:0001054	0.00856518
SP:0001055	0.0672327
SP:0001056	0.268452
SP:0001057	0.268445
SP:0001058	0.649843
SP:0001059	0.195268
SP:0001061	16.6423
SP:0001062	0.162949
SP:0001063	0.497288
SP:0001064	0.357683
SP:0001065	0.0597087
SP:0001066	0.142843
SP:0001067	145.646
SP:0001068	0.755672
SP:0001069	0
SP:0001070	146.002
SP:0001071	0.282566
SP:0001072	3.07405
SP:0001073	0
SP:0001075	1.57048
SP:0001076	1.79332
SP:0001077	0.0992678
SP:0001078	0.858994
SP:0001079	0.367632
SP:0001080	26.1071
SP:0001081	267.602
SP:0001082	55.5639
SP:0001083	0.0620162
SP:0001084	0.394535
SP:0001085	1.22274
SP:0001087	145.913
SP:0001088	0.245389
SP:0001090	0.116112
SP:0001091	12.2052
SP:0001092	1.75915
SP:0001094	0.0472262
SP:0001095	1.42437
SP:0001096	1.83752
SP:0001097	0.234142
SP:0001098	1.76344
SP:0001100	73.8068
SP:0001103	0.128653
SP:0001104	0
SP:0001105	18.2193
SP:0001106	202.026
SP:0001107	4.14566
SP:0001109	0
SP:0001110	153.487
SP:0001111	0.181454
SP:0001112	0.0782027
SP:0001113	0.228423
SP:0001114	2.00513
SP:0001116	0.111935
SP:0001117	4.52196
SP:0001118	0.318815
SP:0001119	0.309301
SP:0001120	0.156195
SP:0001121	60.0226
SP:0001123	0.259232
SP:0001125	0.0731368
SP:0001126	329.852
SP:0001128	0.0382547
SP:0001129	0.257196
SP:0001130	78.5665
SP:0001131	0.288726
SP:0001132	75.6245
SP:0001134	0.31792
SP:0001135	237.726
SP:0001136	0.0693081
SP:0001137	7.96064
SP:0001138	0.103495
SP:0001140	69.2602
SP:0001141	0.0925009
SP:0001142	6.29965
SP:0001143	0.148327
SP:0001145	0.195616
SP:0001147	22.6086
SP:0001148	1.31759
SP:0001149	0.04719
SP:0001150	2.45627
SP:0001151	0.401887
SP:0001153	0.09759
SP:0001154	1.7082
SP:0001155	264.361
SP:0001157	0.154943
SP:0001158	0.0222222
SP:0001159	101.351
SP:0001160	0.0206953
SP:0001162	1.17915
SP:0001163	1.21313
SP:0001164	0.119577
SP:0001165	0.220699
SP:0001166	0.327435
SP:0001167	0.0547203
SP:0001168	0.0723731
SP:0001169	455.931
SP:0001170	96.7487
SP:0001171	3.93841
SP:0001172	7.16287
SP:0001173	0.229612
SP:0001174	30.7211
SP:0001176	0.100676
SP:0001177	0.369836
SP:0001178	8.20765
SP:0001179	0.0469474
SP:0001180	0.128681
SP:0001181	318.235
SP:0001183	146.619
SP:0001184	0
SP:0001185	0.209965
SP:0001186	13.5527
SP:0001187	0.241474
SP:0001188	0.667101
SP:0001189	0.398101
SP:0001190	0.162886
SP:0001191	0.307031
SP:0001192	0.320819
SP:0001194	0.109184
SP:0001195	0.8993
SP:0001196	242.595
SP:0001197	0.101343
SP:0001198	0.156564
SP:0001199	0.459292
SP:0001200	6.51121
SP:0001201	0.283479
SP:0001202	108.519
SP:0001203	0.165785
SP:0001204	0.0225173
SP:0001206	114.424
SP:0001207	0.790569
SP:0001209	0.0468008
SP:0001211	0.0326476
SP:0001213	6.42797
SP:0001214	1.01524
SP:0001215	0.121282
SP:0001216	3.39765
SP:0001218	0.122093
SP:0001219	0.941957
SP:0001220	0.0889228
SP:0001221	0.00527665
SP:0001222	27.9766
SP:0001223	4.81513
SP:0001225	0.0843848
SP:0001228	0.0745154
SP:0001229	0.0711797
SP:0001230	0.202988
SP:0001231	0.999166
SP:0001232	0.167869
SP:0001233	119.74
SP:0001234	0.0995996
SP:0001235	0.217795
SP:0001237	0.0618735
SP:0001238	0.190318
SP:0001239	0.102966
SP:0001240	0.0628459
SP:0001241	0.0912191
SP:0001243	0.131672
SP:0001244	0.107512
SP:0001245	26.3213
SP:0001246	35.73
SP:0001247	0.299379
SP:0001249	6.00215
SP:0001250	0.0896552
SP:0001251	0.0755983
SP:0001252	0.0447761
SP:0001253	16.2512
SP:0001256	0.0854589
SP:0001257	17.7577
SP:0001258	1.36563
SP:0001260	0.213126
SP:0001261	0.0390078
SP:0001262	0.317636
SP:0001263	2.59597
SP:0001264	0.188602
SP:0001265	0.015985
SP:0001266	1.61562
SP:0001267	0.126171
SP:0001269	0.198803
SP:0001270	0.158522
SP:0001271	0.21942
SP:0001272	3.9079
SP:0001273	0.186814
SP:0001274	0.207276
SP:0001275	190.42
SP:0001276	1.84195
SP:0001277	0.126778
SP:0001278	6.83673
SP:0001279	0.14351
SP:0001281	0.0900242
SP:0001282	0.526323
SP:0001283	0.369769
SP:0001286	0.166219
SP:0001288	34.0644
SP:0001290	0.0985877
SP:0001291	0.311216
SP:0001292	108.941
SP:0001293	920.69
SP:0001295	257.696
SP:0001296	91.055
SP:0001298	1.19123
SP:0001299	0
SP:0001301	106.351
SP:0001302	0.115366
SP:0001303	0.0338346
SP:0001304	0.0901344
SP:0001305	0.0215032
SP:0001306	0.00368906
SP:0001307	0.155694
SP:0001308	0.22996
SP:0001309	3.45671
SP:0001310	0.265673
SP:0001311	0.959119
SP:0001312	0.112477
SP:0001313	0.580165
SP:0001314	18.3053
SP:0001316	1.00605
SP:0001317	0.737027
SP:0001318	0.312722
SP:0001319	0.581584
SP:0001323	49.5343
SP:0001324	0.173162
SP:0001326	2.1834
SP:0001327	0.0238462
SP:0001328	0.490305
SP:0001329	67.9978
SP:0001330	4.07877
SP:0001331	0.0483376
SP:0001332	0.223303
SP:0001333	0
SP:0001335	0.0457735
SP:0001336	0.216278
SP:0001337	4.93291
SP:0001338	0.127815
SP:0001339	0.19109
SP:0001340	0.653936
SP:0001341	32.7383
SP:0001342	95.5224
SP:0001343	0.231635
SP:0001344	0.131043
SP:0001345	0.156926
SP:0001346	3.83925
SP:0001347	0.136408
SP:0001349	13.9889
SP:0001350	118.131
SP:0001351	0.385865
SP:0001353	0.232346
SP:0001354	6.38169
SP:0001355	0.179736
SP:0001356	1.09106
SP:0001357	16.5957
SP:0001358	0.223876
SP:0001359	1.41018
SP:0001360	0.0125998
SP:0001361	0.302008
SP:0001362	0.206945
SP:0001363	1.04536
SP:0001364	0.0303156
SP:0001365	0.0206953
SP:0001366	0.139006
SP:0001367	0.0820961
SP:0001368	89.4548
SP:0001369	0.0348048
SP:0001370	3.77093
SP:0001372	84.4257
SP:0001373	0.0487626
SP:0001374	13.109
SP:0001375	0.0528637
SP:0001376	0.145782
SP:0001377	0.27423
SP:0001378	0.257242
SP:0001379	40.2132
SP:0001380	0.146141
SP:0001382	1.23983
SP:0001383	0.0894848
SP:0001384	0.0875789
SP:0001385	0.0833787
SP:0001386	0.183394
SP:0001387	76.1891
SP:0001388	0.13912
SP:0001389	0.837207
SP:0001390	0.13497
SP:0001391	0.621973
SP:0001392	0
SP:0001393	0.300718
SP:0001396	16.0168
SP:0001397	88.4285
SP:0001399	4.78374
SP:0001400	0.123193
SP:0001402	192.881
SP:0001403	2.16005
SP:0001404	0.275245
SP:0001405	2.99671
SP:0001407	0.324732
SP:0001408	6.64081
SP:0001410	0.225238
SP:0001411	101.137
SP:0001413	1.88957
SP:0001415	1.62912
SP:0001416	8.79608
SP:0001417	0.461678
SP:0001418	3.36267
SP:0001419	37.193
SP:0001421	114.177
SP:0001422	115.695
SP:0001423	2.54881
SP:0001425	44.5005
SP:0001426	190.403
SP:0001427	0
SP:0001428	1.79348
SP:0001429	0.270128
SP:0001430	1.38016
SP:0001432	8.01687
SP:0001436	0.19576
SP:0001439	269.367
SP:0001440	0.357026
SP:0001442	0
SP:0001445	0.516032
SP:0001446	0.103282
SP:0001447	2.57632
SP:0001448	33.7866
SP:0001449	3.36853
SP:0001450	0.451084
SP:0001451	0.0624378
SP:0001452	1.40329
SP:0001454	305.674
SP:0001455	0.093068
SP:0001456	0.119721
SP:0001457	158.049
SP:0001458	1.85484
SP:0001459	0.124657
SP:0001460	2.70211
SP:0001461	0.147321
SP:0001462	0.422708
SP:0001464	0
SP:0001465	0.0771263
SP:0001466	0.895833
SP:0001467	0.0400605
SP:0001469	1.26605
SP:0001471	0.718995
SP:0001472	348.046
SP:0001473	0.131338
SP:0001475	2.68697
SP:0001476	0.193775
SP:0001477	0.284615
SP:0001478	267.894
SP:0001479	0.0508427
SP:0001480	159.723
SP:0001481	24.9496
SP:0001482	0.403131
SP:0001483	8.0955
SP:0001484	0.154721
SP:0001485	11.3491
SP:0001486	10.7687
SP:0001487	0.24687
SP:0001488	0.0857958
SP:0001489	0.194633
SP:0001490	1.17749
SP:0001491	0.191469
SP:0001493	0.0847271
SP:0001494	0.813167
SP:0001496	0.315099
SP:0001497	0.038192
SP:0001499	0.514652
SP:0001500	0.255739
SP:0001501	0.123677
SP:0001502	0.0578369
SP:0001505	19.2692
SP:0001507	0.333075
SP:0001508	1.44819
SP:0001509	0.82381
SP:0001511	0.0680618
SP:0001512	0.179086
SP:0001513	6.22314
SP:0001515	155.341
SP:0001516	0.228501
SP:0001517	0.164302
SP:0001518	0.529472
SP:0001521	254.389
SP:0001522	0.180365
SP:0001523	0.15551
SP:0001524	0.0295107
SP:0001525	7.12837
SP:0001527	0.411985
SP:0001528	21.7432
SP:0001530	0.0879414
SP:0001531	0.145534
SP:0001532	0.0111675
SP:0001533	0.0487805
SP:0001534	0.355661
SP:0001535	0.176845
SP:0001536	0.993165
SP:0001537	0.238796
SP:0001538	1.44055
SP:0001540	0.0157837
SP:0001541	0.499032
SP:0001542	0.0602988
SP:0001544	0.444943
SP:0001545	5.20681
SP:0001546	0.00515614
SP:0001547	0.405829
SP:0001548	0.500236
SP:0001549	0.259739
SP:0001550	0.194138
SP:0001551	0.558077
SP:0001552	0.12742
SP:0001553	75.889
SP:0001554	4.45817
SP:0001555	0.163988
SP:0001556	0.0909516
SP:0001558	214.618
SP:0001560	0.162657
SP:0001561	0.749208
SP:0001562	0.493497
SP:0001563	0
SP:0001564	0.630044
SP:0001565	1.20033
SP:0001566	0.0483543
SP:0001567	56.5134
SP:0001568	0.301864
SP:0001569	1.44215
SP:0001570	109.108
SP:0001571	0.121335
SP:0001572	26.7272
SP:0001573	192.872
SP:0001574	0.165438
SP:0001578	0.149026
SP:0001580	0.153851
SP:0001581	0.14107
SP:0001582	0.155311
SP:0001583	0.955044
SP:0001584	0.050989
SP:0001585	0.640989
SP:0001586	0.144767
SP:0001587	0.399249
SP:0001588	0.179728
SP:0001589	0.0935332
SP:0001590	142.919
SP:0001591	0.215324
SP:0001592	0.0292965
SP:0001594	1.34405
SP:0001595	46.8977
SP:0001596	0.619914
SP:0001597	0.230537
SP:0001598	0.107813
SP:0001599	0.431714
SP:0001600	0.385865
SP:0001602	80.1292
SP:0001604	0.658692
SP:0001605	0.430476
SP:0001606	3.3057
SP:0001607	182.75
SP:0001608	0.207494
SP:0001609	56.2192
SP:0001610	0.273454
SP:0001611	5.93398
SP:0001612	0.119605
SP:0001613	0.112889
SP:0001614	4.05947
SP:0001617	36.2769
SP:0001619	2.87976
SP:0001620	0.0877271
SP:0001621	0.0510822
SP:0001622	0.134056
SP:0001623	1.02596
SP:0001625	29.8384
SP:0001626	0
SP:0001627	0.164747
SP:0001628	25.2398
SP:0001630	3.48275
SP:0001631	0.0889137
SP:0001632	0.298938
SP:0001634	0.0391667
SP:0001635	0.0177163
SP:0001636	1.29116
SP:0001637	0.0201681
SP:0001638	0.185915
SP:0001639	102.051
SP:0001644	0.10065
SP:0001645	1.83352
SP:0001646	0.224524
SP:0001647	0
SP:0001648	0.625567
SP:0001649	82.5957
SP:0001651	99.4708
SP:0001653	3.94727
SP:0001654	3.80775
SP:0001656	0.531984
SP:0001657	0.146983
SP:0001658	93.6964
SP:0001660	12.989
SP:0001661	0.0272539
SP:0001662	0.621819
SP:0001664	0.792057
SP:0001665	0.315256
SP:0001668	0.147445
SP:0001669	2.97836
SP:0001670	0.388097
SP:0001671	26.9416
SP:0001672	17.0403
SP:0001673	0.204043
SP:0001674	3.23224
SP:0001675	0.101444
SP:0001676	0.350129
SP:0001677	1.55396
SP:0001679	3.10575
SP:0001680	189.106
SP:0001682	0
SP:0001683	0.109217
SP:0001684	0.146074
SP:0001685	0.900566
SP:0001686	0.0284134
SP:0001687	0.02461
SP:0001689	0.144494
SP:0001690	0
SP:0001691	0
SP:0001692	0
SP:0001694	1.74549
SP:0001695	0.229369
SP:0001696	0
SP:0001697	8.01989
SP:0001698	0.107606
SP:0001699	0.502519
SP:0001700	0.0749805
SP:0001702	155.844
SP:0001703	0.172765
SP:0001704	8.80606
SP:0001705	0.126302
SP:0001706	0.0549874
SP:0001707	0.51138
SP:0001708	142.429
SP:0001710	1.46737
SP:0001712	0.0748579
SP:0001713	0.117112
SP:0001714	9.97826
SP:0001715	0.452459
SP:0001716	184.685
SP:0001717	0.0978211
SP:0001718	0.0921699
SP:0001720	0
SP:0001721	0.242123
SP:0001722	0.139967
SP:0001723	0.114546
SP:0001724	0.29109
SP:0001725	0.296941
SP:0001726	178.879
SP:0001727	0.149935
SP:0001728	0.0116402
SP:0001729	0.0638678
SP:0001730	4.06354
SP:0001731	1.53845
SP:0001732	19.8796
SP:0001733	0.0891406
SP:0001735	0.0698042
SP:0001736	119.918
SP:0001737	0.0594012
SP:0001739	78.7847
SP:0001741	7.6627
SP:0001742	0.0478128
SP:0001743	0.166559
SP:0001745	0.384273
SP:0001746	0.105951
SP:0001747	0.0967255
SP:0001748	0.619224
SP:0001749	0.0320285
SP:0001750	0.00747951
SP:0001751	1.0636
SP:0001752	0.105535
SP:0001753	0.27203
SP:0001754	0.0729827
SP:0001755	4.31213
SP:0001756	0.359007
SP:0001758	0.442285
SP:0001759	4.59107
SP:0001760	0.14472
SP:0001761	0.0534491
SP:0001763	0.0956105
SP:0001764	0.068432
SP:0001765	6.70653
SP:0001766	0
SP:0001767	0.544733
SP:0001768	0.0479319
SP:0001769	3.83039
SP:0001770	0.819461
SP:0001771	0.405674
SP:0001772	2.51262
SP:0001773	0.249924
SP:0001774	7.22155
SP:0001775	1.87968
SP:0001776	0.080303
SP:0001778	112.868
SP:0001780	0.559353
SP:0001781	0.481237
SP:0001782	1.44862
SP:0001785	0.547683
SP:0001786	2.53601
SP:0001787	92.8609
SP:0001788	0.107813
SP:0001789	0.361953
SP:0001790	9.57676
SP:0001792	0.531778
SP:0001793	0.676009
SP:0001796	0.0465274
SP:0001797	0.00729927
SP:0001798	31.3615
SP:0001801	0.301517
SP:0001803	0.022327
SP:0001804	1.59154
SP:0001805	0.317182
SP:0001807	10.4925
SP:0001810	2.58058
SP:0001811	1.69101
SP:0001812	1.4387
SP:0001814	0.248383
SP:0001815	0.185628
SP:0001817	22.3034
SP:0001818	2.2473
SP:0001819	0.253125
SP:0001820	0.0938008
SP:0001821	0.30672
SP:0001822	0.115078
SP:0001823	0.0665591
SP:0001824	0.456151
SP:0001825	0.197419
SP:0001828	0.370833
SP:0001829	44.5177
SP:0001831	0.0749769
SP:0001832	907.206
SP:0001833	0.0204443
SP:0001835	0.200806
SP:0001836	0.0385338
SP:0001837	0.0682756
SP:0001838	0.109904
SP:0001839	0.275741
SP:0001840	0.157841
SP:0001842	0
SP:0001843	0
SP:0001844	0.208971
SP:0001846	42.4367
SP:0001849	2.28833
SP:0001850	0.214377
SP:0001851	0.417616
SP:0001852	0.0154915
SP:0001853	0.785937
SP:0001854	0.0563894
SP:0001855	0.192097
SP:0001856	93.0122
SP:0001857	0.184244
SP:0001858	1.15125
SP:0001861	1333.62
SP:0001863	0.113806
SP:0001864	2.93289
SP:0001865	0.299662
SP:0001866	327.32
SP:0001867	0.398512
SP:0001868	1.25673
SP:0001869	423.323
SP:0001870	0.547561
SP:0001871	0.533513
SP:0001873	9.8575
SP:0001874	1.9356
SP:0001875	0
SP:0001876	4.31213
SP:0001878	0.225487
SP:0001879	20.3782
SP:0001880	110.906
SP:0001881	1.47239
SP:0001882	0.00659693
SP:0001883	0.525647
SP:0001884	0.20789
SP:0001885	0.161474
SP:0001886	0.24411
SP:0001887	0.0212451
SP:0001888	1.33683
SP:0001889	0.0702105
SP:0001890	0
SP:0001891	38.1298
SP:0001892	0.0533575
SP:0001893	0.113618
SP:0001894	0.519768
SP:0001896	1.01831
SP:0001897	5.42644
SP:0001899	2.40575
SP:0001900	149.868
SP:0001901	143.642
SP:0001902	0.103816
SP:0001904	4.95459
SP:0001905	0.394638
SP:0001906	0.107087
SP:0001907	1.23632
SP:0001908	22.7889
SP:0001910	2.93112
SP:0001912	0.181198
SP:0001913	37.9804
SP:0001914	1.78674
SP:0001915	0.514238
SP:0001916	0.0704165
SP:0001917	0.214486
SP:0001918	0.0334572
SP:0001919	97.4407
SP:0001920	0
SP:0001921	0.271919
SP:0001922	17.3203
SP:0001923	0.0658554
SP:0001924	33.7739
SP:0001925	0
SP:0001926	8.94465
SP:0001927	0.32596
SP:0001928	2.42911
SP:0001929	20.4395
SP:0001930	263.908
SP:0001931	0.214423
SP:0001932	0.184514
SP:0001933	0.465588
SP:0001934	0.190691
SP:0001937	0.897368
SP:0001938	59.5253
SP:0001940	0.135802
SP:0001942	0.366204
SP:0001943	185.037
SP:0001944	0.0336505
SP:0001946	0.205337
SP:0001947	0.214873
SP:0001948	0.424819
SP:0001949	0.0856456
SP:0001950	0.013626
SP:0001952	0.249797
SP:0001953	0.0559266
SP:0001956	4.14474
SP:0001957	153.779
SP:0001958	0
SP:0001960	0.003108
SP:0001961	0.646788
SP:0001964	0.103306
SP:0001965	0.228426
SP:0001966	0.572935
SP:0001967	5.47801
SP:0001970	9.56929
SP:0001972	0.379096
SP:0001973	0.104133
SP:0001974	107.977
SP:0001975	0.161429
SP:0001976	4.06927
SP:0001979	0.200152
SP:0001980	1.27253
SP:0001981	0.0508427
SP:0001982	1.2056
SP:0001983	0.0537582
SP:0001984	2.5228
SP:0001985	0.0774391
SP:0001986	0.23641
SP:0001987	1.20915
SP:0001988	0.348367
SP:0001989	0.155989
SP:0001990	0.0548465
SP:0001991	8.62971
SP:0001993	32.2558
SP:0001994	0.0417691
SP:0001995	0.649716
SP:0001996	0.303703
SP:0001998	0.0782236
SP:0001999	0.0619731
SP:0002000	1.85028
SP:0002001	1.25958
SP:0002002	78.7601
SP:0002003	0.0737871
SP:0002006	0.2512
SP:0002007	5.42082
SP:0002008	3.48588
SP:0002009	0.0588165
SP:0002010	119.713
SP:0002011	6.77304
SP:0002012	0.0478814
SP:0002014	3.47763
SP:0002015	0.0708955
SP:0002017	0.710778
SP:0002018	0.364879
SP:0002019	0.115546
SP:0002020	0.262357
SP:0002021	0.234602
SP:0002022	15.0132
SP:0002023	0.122433
SP:0002024	0.221011
SP:0002025	0.0853309
SP:0002026	0
SP:0002027	1.18775
SP:0002028	0.0119352
SP:0002029	0.763502
SP:0002030	100.334
SP:0002031	1.03676
SP:0002032	0.396955
SP:0002033	0.195111
SP:0002034	0.165109
SP:0002035	0.0604061
SP:0002037	8.24604
SP:0002038	8.36112
SP:0002039	148.81
SP:0002040	1.40033
SP:0002041	16.9986
SP:0002042	0.168163
SP:0002044	46.3152
SP:0002045	8.9141
SP:0002046	0.189459
SP:0002047	0.788696
SP:0002049	0.309222
SP:0002050	0.194923
SP:0002051	10.4065
SP:0002052	0.215931
SP:0002053	0.101376
SP:0002054	1.03728
SP:0002055	167.092
SP:0002056	0.386364
SP:0002057	0.635714
SP:0002058	0.225487
SP:0002059	2.65389
SP:0002061	0.511482
SP:0002062	1.13203
SP:0002063	0.0170861
SP:0002064	0.225118
SP:0002065	31.3411
SP:0002066	0.226075
SP:0002067	0.531236
SP:0002069	0.343454
SP:0002070	0.0376884
SP:0002071	0.129015
SP:0002072	156.111
SP:0002073	0.401234
SP:0002075	109.562
SP:0002077	28.9965
SP:0002078	0.106647
SP:0002079	0.758291
SP:0002080	1.1873
SP:0002081	87.2694
SP:0002082	0.763505
SP:0002083	1.07123
SP:0002084	0.352706
SP:0002085	2.08038
SP:0002086	0.00724938
SP:0002088	0.514309
SP:0002089	0.710844
SP:0002090	203.781
SP:0002091	21.8724
SP:0002092	56.9285
SP:0002093	0.109839
SP:0002095	72.1668
SP:0002096	5.64435
SP:0002097	0.492873
SP:0002098	0.157273
SP:0002099	0.186078
SP:0002100	0
SP:0002101	0
SP:0002102	0.293668
SP:0002103	288.677
SP:0002105	0.319627
SP:0002106	0.802331
SP:0002107	0.36643
SP:0002108	0.0261884
SP:0002109	26.5726
SP:0002110	4.48165
SP:0002112	80.9103
SP:0002113	2.21014
SP:0002116	107.492
SP:0002117	0.90124
SP:0002118	0.00659321
SP:0002119	0.954834
SP:0002121	0.127908
SP:0002122	0.102331
SP:0002123	0.0869555
SP:0002125	95.1218
SP:0002127	0.153062
SP:0002128	0.746756
SP:0002129	0.611949
SP:0002130	132.093
SP:0002131	0.105173
SP:0002132	0.149428
SP:0002133	4.42816
SP:0002134	0.90192
SP:0002135	0.106007
SP:0002136	0.108546
SP:0002137	11.0873
SP:0002139	0.706989
SP:0002140	0.383499
SP:0002142	0.100015
SP:0002143	36.3329
SP:0002144	199.4
SP:0002146	0.0839855
SP:0002147	380.206
SP:0002148	0.0392699
SP:0002149	2.23358
SP:0002150	6.16002
SP:0002151	202.582
SP:0002152	196.088
SP:0002153	0.0397884
SP:0002154	72.2876
SP:0002156	0.415089
SP:0002157	7.03641
SP:0002158	6.07365
SP:0002159	0.188775
SP:0002160	0.0492069
SP:0002161	0.308719
SP:0002162	4.83099
SP:0002163	6.58702
SP:0002164	0.182838
SP:0002165	0.218052
SP:0002166	0.386394
SP:0002168	0.0624663
SP:0002169	108.561
SP:0002170	0.591358
SP:0002171	0.0280039
SP:0002173	0.405711
SP:0002174	0.070687
SP:0002175	0.306492
SP:0002177	0.190452
SP:0002180	0.189357
SP:0002184	32.9375
SP:0002185	0.548375
SP:0002186	22.2461
SP:0002187	3.37744
SP:0002188	10.5831
SP:0002191	0.934434
SP:0002192	5.09236
SP:0002194	0.930729
SP:0002195	0.0587372
SP:0002197	0.195511
SP:0002198	33.8679
SP:0002199	0.20021
SP:0002200	0.142524
SP:0002201	5.23832
SP:0002202	0.237523
SP:0002203	0.304822
SP:0002204	0.229661
SP:0002205	0.382935
SP:0002206	1.0487
SP:0002207	0.0655327
SP:0002208	0.286474
SP:0002209	266.344
SP:0002210	0.0926899
SP:0002211	0.0696014
SP:0002213	0.157852
SP:0002214	0.30375
SP:0002215	0.167887
SP:0002216	0.0451056
SP:0002217	0.0779445
SP:0002218	1.20528
SP:0002219	0.0691075
SP:0002221	0.171117
SP:0002222	15.2447
SP:0002223	0.0811295
SP:0002224	0.0679055
SP:0002226	1.86647
SP:0002227	0.135387
SP:0002228	17.0622
SP:0002229	0.148018
SP:0002230	1.68398
SP:0002231	0.369351
SP:0002232	0.492066
SP:0002233	0.0867156
SP:0002234	2.59642
SP:0002235	1.81216
SP:0002236	0.617866
SP:0002237	0.0315039
SP:0002238	0.0122265
SP:0002240	71.7314
SP:0002241	63.278
SP:0002243	0.338245
SP:0002244	0.436211
SP:0002245	1.54437
SP:0002247	1.1432
SP:0002248	0.0471085
SP:0002249	132.713
SP:0002250	0.330054
SP:0002251	0.282399
SP:0002253	0.268548
SP:0002254	0.148393
SP:0002255	0.405106
SP:0002256	0
SP:0002257	0.570799
SP:0002258	5.83555
SP:0002259	0.0192641
SP:0002260	0.189293
SP:0002262	0.0934959
SP:0002263	1.49252
SP:0002264	0.233423
SP:0002266	2.64367
SP:0002267	0.298437
SP:0002269	0.0473387
SP:0002270	0.220966
SP:0002271	201.744
SP:0002272	179.39
SP:0002273	2.02476
SP:0002274	3.05271
SP:0002277	2.44732
SP:0002278	0.00584893
SP:0002279	5.44845
SP:0002282	0.0458773
SP:0002283	0.500213
SP:0002284	194.106
SP:0002285	0.37984
SP:0002286	99.1323
SP:0002287	15.1273
SP:0002288	0.238247
SP:0002289	0.738327
SP:0002290	140.145
SP:0002291	1.12181
SP:0002292	0.0734747
SP:0002293	26.896
SP:0002295	0.283284
SP:0002296	189.069
SP:0002298	16.3602
SP:0002300	0.102595
SP:0002301	0.192471
SP:0002302	0.335323
SP:0002304	1.20754
SP:0002305	1.4231
SP:0002307	2.95026
SP:0002308	0.100849
SP:0002310	0.0695661
SP:0002312	0.130598
SP:0002313	0.0397641
SP:0002314	115.505
SP:0002315	0.663667
SP:0002316	0
SP:0002317	0.424752
SP:0002319	126.835
SP:0002320	108.557
SP:0002321	0.384612
SP:0002322	0.0400105
SP:0002323	0.174511
SP:0002324	0.0166985
SP:0002325	0.925664
SP:0002326	0.519927
SP:0002327	4.59122
SP:0002328	11.8558
SP:0002329	0.183082
SP:0002330	70.8984
SP:0002331	0
SP:0002332	0.132904
SP:0002333	0.388727
SP:0002334	24.0314
SP:0002335	0.101311
SP:0002336	0.627659
SP:0002337	106.058
SP:0002338	0.132394
SP:0002339	1.55184
SP:0002340	0.582736
SP:0002343	2.07151
SP:0002344	0.250033
SP:0002345	0.139119
SP:0002347	0.11277
SP:0002349	505.835
SP:0002352	1.81092
SP:0002353	38.7938
SP:0002354	0.147872
SP:0002356	135.736
SP:0002358	2.0916
SP:0002360	1.3809
SP:0002361	0.0859823
SP:0002362	6.15183
SP:0002363	5.00067
SP:0002364	0.343795
SP:0002366	0.339832
SP:0002368	1.18021
SP:0002369	0.161414
SP:0002371	0.0949051
SP:0002373	0.50122
SP:0002374	0.17553
SP:0002375	5.05215
SP:0002376	0.217269
SP:0002378	0
SP:0002379	0.279029
SP:0002380	2.62687
SP:0002381	0.954864
SP:0002382	166.603
SP:0002383	0.0932496
SP:0002384	19.4408
SP:0002386	1.34009
SP:0002387	0.473971
SP:0002388	0.206504
SP:0002389	0.287305
SP:0002390	0.143783
SP:0002391	0.219219
SP:0002392	0.158106
SP:0002393	0.360614
SP:0002394	0.352477
SP:0002395	0.57453
SP:0002396	0.250698
SP:0002397	0.375682
SP:0002398	75.6286
SP:0002399	1.01872
SP:0002400	0.265897
SP:0002401	0.032646
SP:0002402	0.0776994
SP:0002403	0.0645161
SP:0002404	0.813444
SP:0002405	1.01549
SP:0002406	0
SP:0002407	0.848261
SP:0002408	0.210599
SP:0002409	0.0726507
SP:0002410	0.65227
SP:0002411	0.236724
SP:0002412	0.0339397
SP:0002414	14.5658
SP:0002415	0.140669
SP:0002416	0.365556
SP:0002417	0.422991
SP:0002418	0.0135291
SP:0002421	0.344289
SP:0002423	0.0236559
SP:0002424	4.78892
SP:0002425	0.17248
SP:0002426	1.2895
SP:0002427	149.722
SP:0002428	8.80565
SP:0002429	10.9035
SP:0002431	1.27663
SP:0002432	0.4376
SP:0002433	0.273361
SP:0002436	25.7455
SP:0002437	0.256551
SP:0002439	8.96329
SP:0002440	0.368818
SP:0002441	0.0794314
SP:0002442	0.859623
SP:0002443	0.0535452
SP:0002444	0.282516
SP:0002445	2.58822
SP:0002446	41.4078
SP:0002447	4.97318
SP:0002448	1.11185
SP:0002450	0.15651
SP:0002451	5.14433
SP:0002453	1.50925
SP:0002455	0.178487
SP:0002456	124.513
SP:0002457	366.367
SP:0002459	0.145378
SP:0002460	9.45413
SP:0002461	0.143544
SP:0002462	5.83915
SP:0002463	0.212491
SP:0002464	0.272962
SP:0002465	0.0826201
SP:0002466	5.31845
SP:0002468	1.40372
SP:0002469	0.368429
SP:0002471	0.289104
SP:0002473	0.19937
SP:0002475	0.247311
SP:0002476	0.272966
SP:0002477	0.100174
SP:0002479	290.107
SP:0002481	0.531141
SP:0002482	27.5386
SP:0002483	0.220191
SP:0002484	13.7504
SP:0002486	0.0107143
SP:0002487	0.119945
SP:0002490	0.168713
SP:0002491	17.4852
SP:0002492	232.43
SP:0002493	0.303052
SP:0002494	0.103785
SP:0002495	0.57906
SP:0002496	0.164369
SP:0002497	193.181
SP:0002499	0.260707
SP:0002500	2.82674
SP:0002501	0.0702451
SP:0002502	179.625
SP:0002503	0.339454
SP:0002504	0.450558
SP:0002506	0
SP:0002507	0.0820924
SP:0002508	0.187937
SP:0002509	0.0184165
SP:0002510	5.88285
SP:0002513	80.4413
SP:0002514	0.268679
SP:0002515	96.0648
SP:0002516	0.0416293
SP:0002517	108.561
SP:0002518	1.17786
SP:0002519	0.406297
SP:0002520	0.339766
SP:0002522	22.8735
SP:0002523	195.677
SP:0002524	0.0762043
SP:0002525	0.176362
SP:0002526	0.324361
SP:0002527	32.0439
SP:0002528	0.243559
SP:0002529	0.422991
SP:0002531	0.253105
SP:0002532	195.721
SP:0002533	0.0614123
SP:0002534	0.230183
SP:0002535	0.320847
SP:0002536	77.623
SP:0002537	0.11668
SP:0002538	0.190189
SP:0002539	0.396863
SP:0002541	0.337203
SP:0002543	28.1168
SP:0002545	0.43915
SP:0002546	0.149459
SP:0002548	0.369285
SP:0002549	2.37447
SP:0002550	25.5597
SP:0002552	4.33635
SP:0002553	195.242
SP:0002555	4.81807
SP:0002557	0.176736
SP:0002558	8.58545
SP:0002559	4.82732
SP:0002560	0.0148148
SP:0002561	0.14887
SP:0002562	1.98584
SP:0002563	0
SP:0002564	181.703
SP:0002565	5.86268
SP:0002566	38.3497
SP:0002567	2.52075
SP:0002568	0.243912
SP:0002569	0.269172
SP:0002570	2.05897
SP:0002571	0.00849102
SP:0002572	0.757733
SP:0002573	143.171
SP:0002574	0.0593389
SP:0002575	0.556917
SP:0002577	0.0987304
SP:0002578	0.179878
SP:0002579	11.8288
SP:0002580	85.4481
SP:0002581	0.451293
SP:0002582	0.611763
SP:0002583	105.872
SP:0002584	0.264359
SP:0002586	5.18853
SP:0002588	5.28347
SP:0002589	0.0853247
SP:0002590	975.716
SP:0002591	0.151103
SP:0002592	0.14365
SP:0002593	1.32357
SP:0002594	0.190592
SP:0002595	0.228047
SP:0002596	0.406987
SP:0002597	9.88316
SP:0002598	1.09865
SP:0002599	0.0566708
SP:0002601	0.0402859
SP:0002603	0.313188
SP:0002604	0.0281915
SP:0002607	0.0500989
SP:0002608	164.945
SP:0002609	0.212731
SP:0002610	3.71831
SP:0002611	7.07495
SP:0002612	2.02059
SP:0002613	114.011
SP:0002614	251.008
SP:0002615	0.671717
SP:0002616	0.532671
SP:0002617	0.857375
SP:0002618	0.357479
SP:0002619	0.507705
SP:0002620	0.359898
SP:0002621	0.401879
SP:0002622	190.568
SP:0002623	0.0319713
SP:0002625	3.34308
SP:0002626	0.269974
SP:0002628	4.1316
SP:0002629	1.3486
SP:0002630	0.0394089
SP:0002631	1.73462
SP:0002632	111.903
SP:0002633	0.0434665
SP:0002634	0.104089
SP:0002635	12.278
SP:0002636	0.0125351
SP:0002637	0.260813
SP:0002638	0.707436
SP:0002639	1.74251
SP:0002640	0.420785
SP:0002642	0.28331
SP:0002643	152.034
SP:0002644	0
SP:0002645	14.2382
SP:0002646	174.985
SP:0002647	0.251532
SP:0002649	0.166503
SP:0002650	0.0522112
SP:0002651	0.183698
SP:0002652	12.0385
SP:0002653	0.119763
SP:0002655	0.176714
SP:0002656	1.45383
SP:0002657	0.169057
SP:0002658	0.337553
SP:0002659	93.6639
SP:0002660	0
SP:0002661	0.225513
SP:0002662	0.428494
SP:0002663	7.06233
SP:0002664	0.357943
SP:0002665	122.632
SP:0002666	0.234082
SP:0002667	0.145775
SP:0002668	0.0400102
SP:0002669	0.0705916
SP:0002671	118.029
SP:0002672	0.205221
SP:0002674	235.512
SP:0002675	0.0469892
SP:0002677	0.110948
SP:0002678	0.019664
SP:0002679	0.214887
SP:0002680	0.463176
SP:0002681	3.50975
SP:0002683	176.111
SP:0002684	0.0733333
SP:0002685	0.134074
SP:0002686	8.70571
SP:0002687	0.0163306
SP:0002688	0.130464
SP:0002689	79.4123
SP:0002690	0.100134
SP:0002691	0.925664
SP:0002692	0.166444
SP:0002693	5.33193
SP:0002694	1.72823
SP:0002695	0.150343
SP:0002697	5.86581
SP:0002698	0.436576
SP:0002699	1.6369
SP:0002700	35.7481
SP:0002702	2.10825
SP:0002704	0.143627
SP:0002705	187.816
SP:0002706	0.387728
SP:0002707	0.549293
SP:0002708	3.7603
SP:0002709	13.2548
SP:0002710	0.0702651
SP:0002711	2.40247
SP:0002713	0.152894
SP:0002714	0.867532
SP:0002716	103.609
SP:0002717	7.75955
SP:0002718	0.809262
SP:0002719	26.2149
SP:0002720	0.0735305
SP:0002721	0.467241
SP:0002723	2.79475
SP:0002724	0.0691955
SP:0002725	0.256804
SP:0002726	0.379947
SP:0002728	0.0869517
SP:0002729	0.478346
SP:0002730	0.374523
SP:0002731	0.0336661
SP:0002732	0.917715
SP:0002733	0.356844
SP:0002735	2.00181
SP:0002736	0.188439
SP:0002737	0.305376
SP:0002740	178.614
SP:0002741	0.0326244
SP:0002744	0.444418
SP:0002745	73.4119
SP:0002747	0.173735
SP:0002748	71.4137
SP:0002749	71.9628
SP:0002751	4.18516
SP:0002752	0.733418
SP:0002754	0
SP:0002755	0.245733
SP:0002756	3.25627
SP:0002757	67.8395
SP:0002758	0.695044
SP:0002759	0.361953
SP:0002760	3.27682
SP:0002761	0.376417
SP:0002762	58.1936
SP:0002763	0.149407
SP:0002764	5.88772
SP:0002765	67.9561
SP:0002766	12.4656
SP:0002767	0.0710414
SP:0002768	0.0447708
SP:0002769	0
SP:0002770	188.402
SP:0002773	34.804
SP:0002774	169.415
SP:0002776	0.572013
SP:0002778	147.153
SP:0002779	0.0253207
SP:0002780	0.178382
SP:0002782	0.351243
SP:0002784	0.453177
SP:0002787	0.316879
SP:0002788	0.334758
SP:0002789	0.461411
SP:0002790	1.96629
SP:0002791	0.061401
SP:0002792	0.0698106
SP:0002793	0.16926
SP:0002794	1.27214
SP:0002795	0.917246
SP:0002796	0.273537
SP:0002797	6.8466
SP:0002800	0.592509
SP:0002801	0.501221
SP:0002803	67.761
SP:0002804	162.624
SP:0002805	101.606
SP:0002806	0.0265551
SP:0002807	0.191442
SP:0002808	0.25499
SP:0002809	0.223904
SP:0002810	0.374485
SP:0002811	0.39639
SP:0002812	0.0855046
SP:0002813	0.201299
SP:0002814	4.21918
SP:0002815	0.0367122
SP:0002816	193.673
SP:0002817	0.184962
SP:0002818	0.319684
SP:0002819	89.3613
SP:0002820	0.292265
SP:0002823	0.308843
SP:0002824	0.160814
SP:0002825	0.254517
SP:0002826	1.58809
SP:0002828	3.31684
SP:0002830	0.15581
SP:0002832	218.947
SP:0002835	0.19771
SP:0002836	0.356708
SP:0002837	0.521068
SP:0002838	0.221977
SP:0002839	6.30161
SP:0002840	0.192281
SP:0002841	0.523979
SP:0002843	0.0398842
SP:0002845	0.223337
SP:0002846	0.143265
SP:0002847	0.172058
SP:0002848	1.67656
SP:0002849	0
SP:0002850	0.255562
SP:0002852	0.0739597
SP:0002853	0.877731
SP:0002854	0.0777996
SP:0002855	0.502043
SP:0002856	0.146484
SP:0002857	0.183474
SP:0002858	1.34867
SP:0002859	145.394
SP:0002860	1.72984
SP:0002861	4.11873
SP:0002862	0.309927
SP:0002864	0.0787494
SP:0002865	1.00132
SP:0002866	13.6912
SP:0002867	2.22589
SP:0002869	1.4438
SP:0002870	0.125331
SP:0002871	0.385758
SP:0002872	1.78324
SP:0002873	0.183498
SP:0002874	0.0561265
SP:0002875	108.88
SP:0002877	0.412874
SP:0002878	0
SP:0002879	8.99403
SP:0002881	0
SP:0002882	0.241532
SP:0002883	0.243403
SP:0002884	1.26638
SP:0002885	17.7074
SP:0002886	0.0663427
SP:0002887	0.0844854
SP:0002888	1.14578
SP:0002889	0.235639
SP:0002890	0.509902
SP:0002893	0.056764
SP:0002894	0.54451
SP:0002896	1.29992
SP:0002898	97.5291
SP:0002899	0.083692
SP:0002900	0.439347
SP:0002901	0.65955
SP:0002902	82.1471
SP:0002903	5.71824
SP:0002904	0.26065
SP:0002905	390.25
SP:0002906	0.0562641
SP:0002907	0.195619
SP:0002908	0.655229
SP:0002909	5.01836
SP:0002910	218.073
SP:0002911	0.153872
SP:0002914	0.183642
SP:0002915	0.511745
SP:0002916	0.0624443
SP:0002917	0.63002
SP:0002918	0.0702113
SP:0002919	0.345383
SP:0002920	73.848
SP:0002921	0.462393
SP:0002922	0.080625
SP:0002924	80.4128
SP:0002925	3.73887
SP:0002926	10.234
SP:0002927	6.6765
SP:0002928	0.555792
SP:0002929	0.613333
SP:0002930	0.785682
SP:0002931	0.251334
SP:0002932	0.114688
SP:0002933	36.0131
SP:0002934	0.360792
SP:0002935	75.1632
SP:0002936	1.91605
SP:0002938	0.239776
SP:0002939	0.337798
SP:0002940	0.269774
SP:0002941	1.64998
SP:0002942	0.0908333
SP:0002943	0.0904491
SP:0002945	9.99427
SP:0002946	13.0014
SP:0002948	0.358723
SP:0002949	0.181591
SP:0002951	3.27305
SP:0002953	0.215808
SP:0002954	133.562
SP:0002955	1.56482
SP:0002957	0.284995
SP:0002958	460.595
SP:0002959	2.16818
SP:0002962	0.0917231
SP:0002963	0.184108
SP:0002964	0.106715
SP:0002965	59.1457
SP:0002966	24.6162
SP:0002967	0.058845
SP:0002968	0.203581
SP:0002969	0.0250386
SP:0002971	78.3799
SP:0002973	0.162219
SP:0002974	0.276947
SP:0002975	14.4397
SP:0002976	0.417952
SP:0002978	86.0924
SP:0002979	0.527412
SP:0002980	1.06454
SP:0002981	4.29402
SP:0002982	0.638697
SP:0002983	0.0773925
SP:0002984	0.555248
SP:0002985	120.53
SP:0002986	145.237
SP:0002987	1.67239
SP:0002989	0.244651
SP:0002990	0.0400857
SP:0002992	1.97493
SP:0002993	0.10722
SP:0002995	0.172182
SP:0002996	0
SP:0002997	0.127277
SP:0002998	182.403
SP:0003000	95.2536
SP:0003001	0.177849
SP:0003002	0.386627
SP:0003003	0.477283
SP:0003004	0.445699
SP:0003005	0.187899
SP:0003007	30.2752
SP:0003008	19.2606
SP:0003010	0.229871
SP:0003011	0.769966
SP:0003012	0.793482
SP:0003013	0.143236
SP:0003014	0.234484
SP:0003016	93.9156
SP:0003017	0.280922
SP:0003018	1.72675
SP:0003019	0.325204
SP:0003020	0.394219
SP:0003021	0.798617
SP:0003023	0.131317
SP:0003024	1.45021
SP:0003026	0.361306
SP:0003027	0.0202273
SP:0003028	133.562
SP:0003029	0.149932
SP:0003030	10.2354
SP:0003031	0.0955787
SP:0003032	0.293668
SP:0003033	0.136853
SP:0003035	1.05037
SP:0003036	0.196534
SP:0003037	0.676717
SP:0003038	0.0710117
SP:0003039	0.177964
SP:0003041	78.9164
SP:0003042	0.273347
SP:0003043	0.979605
SP:0003044	3.11206
SP:0003045	0.176112
SP:0003046	0.150545
SP:0003047	201.329
SP:0003048	19.3398
SP:0003049	0.645489
SP:0003050	12.3949
SP:0003051	0.204167
