layer	layer_name	mint_context	mint_context_lo	mint_context_hi	esm2_context	delta_context	mint_contact	mint_contact_lo	mint_contact_hi	esm2_contact	delta_contact	mint_rho	esm2_rho	mint_cos_ad_ac	esm2_cos_ad_ac	mint_cos_ad_ar	esm2_cos_ad_ar	n_test
0	L0_embed	0.391646	0.365318	0.421454	0.398573	-0.006926	0.492119	0.464256	0.521592	0.496087	-0.003968	0.748029	0.742864	0.982409	0.971514	0.971067	0.952423	540
1	L1	0.567677	0.547287	0.590688	0.481190	0.086487	0.525545	0.499490	0.551319	0.484825	0.040720	0.710689	0.743035	0.989566	0.996467	0.982112	0.994436	540
2	L2	0.560394	0.539703	0.578953	0.562900	-0.002507	0.502092	0.475165	0.529523	0.492301	0.009791	0.699157	0.736026	0.991348	0.997277	0.984885	0.995669	540
3	L3	0.514077	0.494723	0.533946	0.494029	0.020048	0.502274	0.482937	0.525702	0.494362	0.007912	0.692210	0.729228	0.988119	0.996966	0.979343	0.995160	540
4	L4	0.507096	0.490599	0.522045	0.484695	0.022401	0.485014	0.468509	0.502750	0.500597	-0.015583	0.694039	0.724459	0.983606	0.995925	0.971908	0.993456	540
5	L5	0.505721	0.491034	0.519753	0.494739	0.010983	0.484623	0.463536	0.503197	0.480374	0.004249	0.693509	0.721337	0.978705	0.994440	0.964378	0.991154	540
6	L6	0.486637	0.464355	0.507732	0.546453	-0.059817	0.499534	0.479913	0.520721	0.516166	-0.016632	0.703251	0.724693	0.967386	0.990264	0.947133	0.984841	540
7	L7	0.526451	0.508918	0.543591	0.532046	-0.005595	0.495449	0.479176	0.513165	0.513813	-0.018364	0.687416	0.710910	0.963018	0.986944	0.939188	0.979204	540
8	L8	0.493588	0.477854	0.510833	0.524391	-0.030803	0.498422	0.479199	0.518858	0.535178	-0.036756	0.677201	0.703845	0.973885	0.986092	0.955499	0.977371	540
9	L9	0.485515	0.466418	0.504847	0.488236	-0.002721	0.495161	0.473944	0.514707	0.502771	-0.007610	0.688377	0.706339	0.981125	0.987456	0.968535	0.979420	540
10	L10	0.469134	0.448695	0.485526	0.418442	0.050692	0.497191	0.481159	0.514948	0.526972	-0.029781	0.661183	0.715867	0.988700	0.991067	0.979696	0.985416	540
11	L11	0.489521	0.470596	0.507975	0.457082	0.032438	0.494931	0.477968	0.513020	0.501399	-0.006468	0.674433	0.693784	0.981971	0.987051	0.968804	0.978378	540
12	L12	0.456601	0.438452	0.473868	0.549699	-0.093098	0.505113	0.488575	0.524479	0.502294	0.002819	0.651732	0.662858	0.984656	0.990044	0.972105	0.982308	540
13	L13	0.460495	0.438112	0.488604	0.474452	-0.013957	0.497044	0.478932	0.513747	0.485648	0.011396	0.670605	0.673683	0.978285	0.986850	0.961503	0.976779	540
14	L14	0.525395	0.504229	0.546593	0.508262	0.017133	0.503680	0.488875	0.521138	0.481361	0.022318	0.658710	0.657881	0.973308	0.985305	0.952391	0.973479	540
15	L15	0.462182	0.442793	0.484137	0.443713	0.018469	0.511787	0.494683	0.529299	0.502603	0.009184	0.653408	0.661404	0.963238	0.980916	0.933809	0.965329	540
16	L16	0.516968	0.500507	0.535683	0.470884	0.046085	0.510741	0.495246	0.529771	0.498649	0.012092	0.662033	0.658440	0.957684	0.979044	0.925625	0.962029	540
17	L17	0.442696	0.418969	0.464015	0.503588	-0.060892	0.493539	0.471054	0.516416	0.513892	-0.020353	0.643647	0.640706	0.946514	0.973969	0.899974	0.949567	540
18	L18	0.479720	0.461999	0.496161	0.415783	0.063937	0.502229	0.483509	0.522496	0.489914	0.012315	0.647329	0.641701	0.939821	0.971891	0.888418	0.945472	540
19	L19	0.499109	0.480582	0.520048	0.418756	0.080353	0.492912	0.474675	0.511627	0.517239	-0.024328	0.647877	0.641824	0.938358	0.971240	0.885545	0.944170	540
20	L20	0.597108	0.577889	0.616800	0.449473	0.147635	0.492699	0.474052	0.511723	0.504983	-0.012284	0.638578	0.635092	0.932450	0.968163	0.871449	0.936835	540
21	L21	0.562338	0.546817	0.578355	0.544322	0.018016	0.502881	0.482592	0.524695	0.502390	0.000490	0.634762	0.628151	0.928825	0.966643	0.864459	0.933582	540
22	L22	0.554715	0.537496	0.570829	0.561145	-0.006431	0.512229	0.491570	0.531313	0.519304	-0.007075	0.634322	0.627561	0.927568	0.966389	0.861903	0.932828	540
23	L23	0.515496	0.496303	0.534803	0.592172	-0.076675	0.509256	0.490843	0.529432	0.527160	-0.017905	0.628992	0.620229	0.925887	0.965974	0.856434	0.930316	540
24	L24	0.446877	0.427758	0.468712	0.526865	-0.079988	0.501783	0.485009	0.516936	0.510998	-0.009215	0.625157	0.615993	0.928595	0.967353	0.860330	0.932025	540
25	L25	0.492511	0.475345	0.509176	0.399104	0.093407	0.502421	0.479003	0.519917	0.497270	0.005151	0.623995	0.613762	0.933701	0.969430	0.869482	0.935843	540
26	L26	0.468406	0.453712	0.484823	0.402688	0.065718	0.499091	0.482127	0.519404	0.473419	0.025672	0.623621	0.614297	0.940804	0.972788	0.882688	0.942617	540
27	L27	0.538379	0.518667	0.558201	0.502050	0.036329	0.494198	0.476876	0.511184	0.493697	0.000501	0.621860	0.615589	0.947081	0.975343	0.893981	0.947768	540
28	L28	0.562348	0.540885	0.579413	0.484291	0.078057	0.508210	0.486627	0.528022	0.506478	0.001732	0.623246	0.620163	0.955450	0.978595	0.910243	0.954965	540
29	L29	0.423456	0.401931	0.445939	0.423291	0.000165	0.522617	0.507687	0.539770	0.511296	0.011320	0.631505	0.627172	0.959120	0.979972	0.917407	0.958253	540
30	L30	0.422732	0.399164	0.441017	0.499138	-0.076406	0.498419	0.480970	0.516785	0.507565	-0.009146	0.641876	0.634898	0.963977	0.981838	0.928166	0.962405	540
31	L31	0.431325	0.411935	0.451376	0.542383	-0.111058	0.494592	0.475508	0.513115	0.505813	-0.011221	0.653152	0.637690	0.968945	0.983867	0.939275	0.966729	540
32	L32	0.479354	0.463676	0.498867	0.603368	-0.124013	0.504901	0.486252	0.525455	0.504654	0.000247	0.668988	0.648013	0.967435	0.983750	0.938902	0.967172	540
33	L33_last	0.523271	0.504475	0.541324	0.562004	-0.038733	0.479177	0.460704	0.498417	0.496399	-0.017222	0.686958	0.669138	0.949198	0.973044	0.910527	0.945596	540
