triplet_id	ac_id	in_pilot48	positive_source	seqid_CD_bin	family_split	af3_iptm_ad	af3_iptm_ac	esm_score_ad	esm_score_ac	esm_pae_ad	esm_pae_ac	esm_contacts_ad	esm_contacts_ac	esm_plddt_ad	esm_plddt_ac	hit_af3_iptm	hit_esm_pae	hit_esm_contacts
SCF:0000017	AC:000014	0	same_assembly_bridge	40_50	dropped_mixed_protein	0.67	0.55	-30.642052656390995	-30.5135136766036	30.642052656390995	30.5135136766036	2300.0	2556.0	7.0410410932061085	6.967015841404972	1.0	0.0	0.0
SCF:0000020	AC:000018	0	PDB_exact_pair_aggregate	ge50	dropped_mixed_protein	0.04	0.04	-27.862690500995306	-27.862690500995306	27.862690500995306	27.862690500995306	57.0	57.0	12.376260133287564	12.376260133287564	0.5	0.5	0.5
SCF:0000024	AC:000019	0	PDB_exact_pair_aggregate	20_30	train_eligible	0.11	0.14	-30.08467481901506	-30.214292136833244	30.08467481901506	30.214292136833244	1523.0	1150.0	11.381908591288513	11.64093529852545	0.0	1.0	1.0
SCF:0000028	AC:000024	0	PDB_exact_pair_aggregate	30_40	train_eligible	0.07	0.08	-29.333496068488717	-29.534078243348006	29.333496068488717	29.534078243348006	87.0	47.0	13.179891725499699	12.996975158906068	0.0	1.0	1.0
SCF:0000032	AC:000028	0	PDB_exact_pair_aggregate	20_30	family_unseen	0.47	0.1	-22.47858025269565	-24.468222059452472	22.47858025269565	24.468222059452472	24.0	210.0	11.678146992189564	11.598190028704359	1.0	1.0	0.0
SCF:0000038	AC:000034	0	PDB_exact_pair_aggregate	30_40	dropped_pdb_overlap	0.78	0.06	-24.604145583174983	-28.27050788703109	24.604145583174983	28.27050788703109	0.0	49.0	14.404996396067578	14.363612638796171	1.0	1.0	0.0
SCF:0000053	AC:000046	0	same_assembly_bridge	30_40	train_eligible	0.84	0.19	-28.497083760080415	-22.81640410301415	28.497083760080415	22.81640410301415	0.0	1.0	13.477125141429037	14.317438902174365	1.0	0.0	0.0
SCF:0000055	AC:000048	0	PDB_exact_pair_aggregate	30_40	train_eligible	0.06	0.06	-27.17649585337655	-24.213713601867806	27.17649585337655	24.213713601867806	0.0	0.0	13.643622610204583	14.520924564363405	0.5	0.0	0.5
SCF:0000058	AC:000050	0	same_assembly_bridge	30_40	train_eligible	0.09	0.03	-23.54503371206562	-26.355567473584735	23.54503371206562	26.355567473584735	0.0	1.0	14.498154963477255	13.527602242982116	1.0	1.0	0.0
SCF:0000063	AC:000052	0	PDB_exact_pair_aggregate	30_40	family_unseen	0.13	0.21	-29.745082821520217	-29.32689321010081	29.745082821520217	29.32689321010081	209.0	205.0	12.447842920321769	13.133564996160992	0.0	0.0	1.0
SCF:0000066	AC:000054	0	same_assembly_bridge	20_30	family_unseen	0.11	0.31	-27.915540611706952	-23.304608912770085	27.915540611706952	23.304608912770085	89.0	23.0	11.791688766066374	12.90977823535857	0.0	0.0	1.0
SCF:0000067	AC:000055	0	PDB_exact_pair_aggregate	40_50	dropped_mixed_family	0.29	0.27	-29.905452515836252	-29.789346781870314	29.905452515836252	29.789346781870314	2953.0	4426.0	6.665287068460776	7.229528176182306	1.0	0.0	0.0
SCF:0000081	AC:000074	1	PDB_exact_pair_aggregate	30_40	train_eligible	0.68	0.39	-15.978157988134651	-26.495117956112058	15.978157988134651	26.495117956112058	12.0	387.0	12.736172196113996	12.383297362362617	1.0	1.0	0.0
SCF:0000100	AC:000091	0	PDB_exact_pair_aggregate	30_40	train_eligible	0.66	0.16	-27.642445730265084	-25.762775376313662	27.642445730265084	25.762775376313662	604.0	208.0	12.994380851260722	12.314573740203421	1.0	0.0	1.0
SCF:0000109	AC:000099	0	PDB_exact_pair_aggregate	20_30	dropped_mixed_protein	0.5	0.1	-12.274983392123216	-29.01635565103478	12.274983392123216	29.01635565103478	97.0	22.0	13.3754475017294	11.454506226570098	1.0	1.0	1.0
SCF:0000114	AC:000107	0	PDB_exact_pair_aggregate	40_50	train_eligible	0.15	0.23	-27.028029831001042	-27.03907676975817	27.028029831001042	27.03907676975817	293.0	14.0	11.878507789380183	12.34837944950599	0.0	1.0	1.0
SCF:0000145	AC:000129	1	PDB_exact_pair_aggregate	40_50	train_eligible	0.06	0.07	-30.491876804052307	-30.237265449782033	30.491876804052307	30.237265449782033	0.0	12.0	12.311653679125769	12.367402642296806	0.0	0.0	0.0
SCF:0000153	AC:000133	0	PDB_exact_pair_aggregate	20_30	train_eligible	0.29	0.17	-22.44208145693046	-24.931559862100762	22.44208145693046	24.931559862100762	26.0	110.0	10.82119429933388	10.357321160119113	1.0	1.0	0.0
SCF:0000179	AC:000153	0	same_assembly_bridge	40_50	dropped_mixed_family	0.11	0.21	-25.844348181266778	-26.834720123699043	25.844348181266778	26.834720123699043	394.0	726.0	10.984967057593988	10.822803259925172	0.0	1.0	0.0
SCF:0000182	AC:000156	0	PDB_exact_pair_aggregate	30_40	train_eligible	0.29	0.32	-25.746633660077517	-25.885944657118017	25.746633660077517	25.885944657118017	0.0	16.0	12.891584001903468	12.695407533799811	0.0	1.0	0.0
SCF:0000209	AC:000177	0	PDB_exact_pair_aggregate	30_40	train_eligible	0.2	0.14	-27.87185802184802	-24.38009669697623	27.87185802184802	24.38009669697623	98.0	37.0	12.234334882070131	12.92496876811109	1.0	0.0	1.0
SCF:0000212	AC:000178	0	PDB_exact_pair_aggregate	ge50	train_eligible	0.17	0.15	-26.93454706841907	-26.243668563778122	26.93454706841907	26.243668563778122	204.0	59.0	12.447143965595258	12.62288068330512	1.0	0.0	1.0
SCF:0000235	AC:000192	0	PDB_exact_pair_aggregate	ge50	protein_unseen_family_seen	0.07	0.11	-28.80568917031015	-28.63352779946942	28.80568917031015	28.63352779946942	1345.0	1267.0	8.776487758922798	8.752068410810079	0.0	0.0	1.0
SCF:0000254	AC:000202	0	PDB_exact_pair_aggregate	20_30	train_eligible	0.08	0.16	-24.26516082080433	-27.64678407221167	24.26516082080433	27.64678407221167	7.0	57.0	13.188683303932574	12.442602438972164	0.0	1.0	0.0
SCF:0000271	AC:000212	0	same_assembly_bridge	30_40	train_eligible	0.17	0.18	-30.46238985556408	-28.84696581844708	30.46238985556408	28.84696581844708	128.0	105.0	10.603038836140145	12.028582022557702	0.0	0.0	1.0
SCF:0000305	AC:000231	0	same_assembly_bridge	30_40	train_eligible	0.74	0.55	-25.11018612787142	-23.58173220243102	25.11018612787142	23.58173220243102	10.0	11.0	14.256958406721147	14.471631348768927	1.0	0.0	0.0
SCF:0000326	AC:000246	0	same_assembly_bridge	20_30	dropped_pdb_overlap	0.07	0.06	-21.386008816528555	-27.608287770786923	21.386008816528555	27.608287770786923	22.0	30.0	13.921220374340372	14.008240165157167	1.0	1.0	0.0
SCF:0000330	AC:000251	0	same_assembly_bridge	30_40	train_eligible	0.39	0.39	-19.733587101905673	-19.184187507700845	19.733587101905673	19.184187507700845	43.0	130.0	13.290969543155107	12.7102416855288	0.5	0.0	0.0
SCF:0000348	AC:000267	0	PDB_exact_pair_aggregate	20_30	family_unseen	0.72	0.1	-13.93820312302387	-28.551407514971928	13.93820312302387	28.551407514971928	37.0	21.0	12.07314241570568	12.649665871875484	1.0	1.0	1.0
SCF:0000354	AC:000273	0	PDB_exact_pair_aggregate	ge50	train_eligible	0.68	0.67	-26.43339888534854	-22.8513658219425	26.43339888534854	22.8513658219425	63.0	24.0	13.541686024502438	13.690645138571147	1.0	0.0	1.0
SCF:0000361	AC:000276	1	PDB_exact_pair_aggregate	30_40	train_eligible	0.46	0.19	-25.168787955241253	-27.04652542980508	25.168787955241253	27.04652542980508	444.0	2626.0	10.888135534609242	10.165674280500841	1.0	1.0	0.0
SCF:0000374	AC:000287	0	same_assembly_bridge	ge50	dropped_mixed_family	0.13	0.24	-26.748782967667328	-26.774886774361757	26.748782967667328	26.774886774361757	244.0	200.0	11.370023844301665	11.413032866071372	0.0	1.0	1.0
SCF:0000383	AC:000292	0	PDB_exact_pair_aggregate	30_40	train_eligible	0.08	0.13	-30.46805851840818	-30.504197737738924	30.46805851840818	30.504197737738924	0.0	263.0	13.607489276143863	13.452047585919168	0.0	1.0	0.0
SCF:0000384	AC:000294	0	PDB_exact_pair_aggregate	20_30	dropped_mixed_protein	0.41	0.35	-25.876228144592258	-27.611924400636454	25.876228144592258	27.611924400636454	67.0	146.0	11.695061335890307	11.441957804042175	1.0	1.0	0.0
SCF:0000390	AC:000298	0	PDB_exact_pair_aggregate	30_40	train_eligible	0.26	0.18	-28.196758345873352	-30.037179333850574	28.196758345873352	30.037179333850574	555.0	457.0	12.214750436285101	11.941764352455973	1.0	1.0	1.0
SCF:0000397	AC:000302	0	same_assembly_bridge	20_30	family_unseen	0.69	0.1	-27.27768108048049	-25.52766296977698	27.27768108048049	25.52766296977698	27.0	0.0	13.979062372571134	13.90626848374902	1.0	0.0	1.0
SCF:0000402	AC:000307	0	PDB_exact_pair_aggregate	20_30	family_unseen	0.1	0.17	-30.743569103598595	-28.442220551930816	30.743569103598595	28.442220551930816	5077.0	325.0	7.917493132998177	13.522395504559064	0.0	0.0	1.0
SCF:0000429	AC:000330	0	PDB_exact_pair_aggregate	30_40	train_eligible	0.1	0.16	-25.502450231803596	-25.14021153374924	25.502450231803596	25.14021153374924	247.0	23.0	14.796059852541664	14.836006458432047	0.0	0.0	1.0
SCF:0000449	AC:000340	0	PDB_exact_pair_aggregate	20_30	train_eligible	0.11	0.25	-28.086277822423746	-30.295537009476117	28.086277822423746	30.295537009476117	103.0	327.0	13.6700881279614	12.3092076792953	0.0	1.0	0.0
SCF:0000450	AC:000342	0	PDB_exact_pair_aggregate	20_30	train_eligible	0.65	0.13	-28.781131852892017	-29.138370685302295	28.781131852892017	29.138370685302295	0.0	34.0	12.974505584834748	12.812166599975853	1.0	1.0	0.0
SCF:0000456	AC:000346	0	PDB_exact_pair_aggregate	ge50	dropped_mixed_family	0.5	0.23	-25.14713653827285	-25.490821759928675	25.14713653827285	25.490821759928675	65.0	157.0	11.691998895794692	11.218857906863391	1.0	1.0	0.0
SCF:0000464	AC:000357	1	PDB_exact_pair_aggregate	20_30	dropped_mixed_protein	0.03	0.06	-13.076200550126714	-24.60056169871485	13.076200550126714	24.60056169871485	16.0	4.0	13.590855825426459	14.037640835525062	0.0	1.0	1.0
SCF:0000468	AC:000366	1	same_assembly_bridge	30_40	family_unseen	0.37	0.21	-29.090960289292273	-24.93296845076514	29.090960289292273	24.93296845076514	15.0	0.0	13.68594112760599	14.34307568794585	1.0	0.0	1.0
SCF:0000470	AC:000371	0	PDB_exact_pair_aggregate	20_30	train_eligible	0.37	0.13	-20.98198449474877	-24.77728405400235	20.98198449474877	24.77728405400235	27.0	16.0	13.534383461174048	14.020049668644	1.0	1.0	1.0
SCF:0000497	AC:000399	0	PDB_exact_pair_aggregate	30_40	train_eligible	0.14	0.22	-30.32060019900541	-29.926313866847114	30.32060019900541	29.926313866847114	12579.0	3167.0	6.695601553014695	9.753358536126386	0.0	0.0	1.0
SCF:0000499	AC:000400	1	same_assembly_bridge	20_30	train_eligible	0.18	0.11	-29.083965882346636	-29.776385800452488	29.083965882346636	29.776385800452488	706.0	501.0	11.898967420015737	12.886327632088088	1.0	1.0	1.0
SCF:0000510	AC:000414	1	PDB_exact_pair_aggregate	30_40	train_eligible	0.69	0.48	-26.52262383844794	-28.46250164942981	26.52262383844794	28.46250164942981	19.0	222.0	14.739692713865303	14.584084395079383	1.0	1.0	0.0
SCF:0000513	AC:000419	0	same_assembly_bridge	30_40	train_eligible	0.16	0.08	-24.76012934100559	-29.13338459443901	24.76012934100559	29.13338459443901	10.0	259.0	11.654853700914167	9.357291430805716	1.0	1.0	0.0
SCF:0000521	AC:000427	0	PDB_exact_pair_aggregate	30_40	train_eligible	0.09	0.13	-28.460616763399802	-28.848864126251105	28.460616763399802	28.848864126251105	332.0	86.0	11.406450311320972	13.850099644339082	0.0	1.0	1.0
SCF:0000549	AC:000450	0	PDB_exact_pair_aggregate	20_30	train_eligible	0.67	0.19	-29.554218938835586	-29.258195627670897	29.554218938835586	29.258195627670897	1199.0	310.0	12.491169491858562	13.230617341592566	1.0	0.0	1.0
SCF:0000577	AC:000480	0	PDB_exact_pair_aggregate	20_30	train_eligible	0.06	0.21	-30.059817223939504	-27.817788550116774	30.059817223939504	27.817788550116774	246.0	292.0	10.935082371676137	11.605272766232144	0.0	0.0	0.0
SCF:0000591	AC:000496	0	same_assembly_bridge	30_40	train_eligible	0.28	0.12	-26.432111063211778	-27.32912986777798	26.432111063211778	27.32912986777798	75.0	145.0	13.719866354545752	14.488065562807162	1.0	1.0	0.0
SCF:0000592	AC:000498	0	PDB_exact_pair_aggregate	30_40	train_eligible	0.09	0.28	-31.422376399437862	-27.6539242339035	31.422376399437862	27.6539242339035	43.0	489.0	11.197906975883061	13.372883557530503	0.0	0.0	0.0
SCF:0000649	AC:000550	1	same_assembly_bridge	30_40	train_eligible	0.13	0.19	-25.05299074533913	-28.948233796249735	25.05299074533913	28.948233796249735	532.0	381.0	6.640027939928066	7.221316795430793	0.0	1.0	1.0
SCF:0000653	AC:000553	0	PDB_exact_pair_aggregate	30_40	train_eligible	0.85	0.22	-26.44639341664497	-23.64094230393278	26.44639341664497	23.64094230393278	1.0	17.0	13.832980672276518	14.362918817815748	1.0	0.0	0.0
SCF:0000658	AC:000559	0	PDB_exact_pair_aggregate	30_40	train_eligible	0.2	0.15	-30.63491612308213	-30.709139739952718	30.63491612308213	30.709139739952718	721.0	916.0	11.101596027768457	11.64135390184635	1.0	1.0	0.0
SCF:0000679	AC:000581	0	same_assembly_bridge	30_40	family_unseen	0.71	0.68	-16.275408538177118	-11.451561489687126	16.275408538177118	11.451561489687126	64.0	140.0	13.324397271657478	14.101597336275	1.0	0.0	0.0
SCF:0000682	AC:000582	0	same_assembly_bridge	30_40	family_unseen	0.18	0.14	-30.093138676650565	-29.364971636542503	30.093138676650565	29.364971636542503	4684.0	5523.0	7.559807872112889	7.691894156068025	1.0	0.0	0.0
SCF:0000688	AC:000591	0	same_assembly_bridge	30_40	train_eligible	0.09	0.18	-26.20996728267016	-22.47608615816503	26.20996728267016	22.47608615816503	112.0	41.0	14.216426576128113	14.071055956335995	0.0	0.0	1.0
SCF:0000700	AC:000597	0	PDB_exact_pair_aggregate	30_40	train_eligible	0.16	0.07	-29.38893788653568	-29.437663891521165	29.38893788653568	29.437663891521165	63.0	57.0	12.6010768430633	13.02620064625026	1.0	1.0	1.0
SCF:0000706	AC:000601	0	PDB_exact_pair_aggregate	30_40	train_eligible	0.59	0.07	-25.06353842805366	-30.203844399259673	25.06353842805366	30.203844399259673	58.0	259.0	12.758237540694887	12.734552853330769	1.0	1.0	0.0
SCF:0000725	AC:000616	1	PDB_exact_pair_aggregate	ge50	train_eligible	0.07	0.06	-25.662331512842936	-24.232833735626723	25.662331512842936	24.232833735626723	0.0	0.0	13.077999023873312	13.86679886247862	1.0	0.0	0.5
SCF:0000734	AC:000620	0	PDB_exact_pair_aggregate	30_40	dropped_mixed_protein	0.17	0.13	-26.17012629413154	-24.514729356841798	26.17012629413154	24.514729356841798	207.0	196.0	10.960763780856205	10.106510069610433	1.0	0.0	1.0
SCF:0000739	AC:000625	0	PDB_exact_pair_aggregate	20_30	train_eligible	0.08	0.08	-28.828335978839615	-28.758494207879263	28.828335978839615	28.758494207879263	7.0	2.0	12.854301299865458	13.163645760146432	0.5	0.0	1.0
SCF:0000740	AC:000626	1	PDB_exact_pair_aggregate	30_40	family_unseen	0.3	0.09	-29.73754470567613	-27.025677569334352	29.73754470567613	27.025677569334352	14069.0	431.0	6.299908338886654	10.214649155694751	1.0	0.0	1.0
SCF:0000748	AC:000631	1	same_assembly_bridge	30_40	train_eligible	0.05	0.03	-28.018898283592378	-25.701378090419468	28.018898283592378	25.701378090419468	23.0	1.0	12.72266913425112	14.375816813394355	1.0	0.0	1.0
SCF:0000765	AC:000639	0	same_assembly_bridge	ge50	dropped_mixed_family	0.24	0.13	-26.51642220797251	-27.70798873147677	26.51642220797251	27.70798873147677	367.0	498.0	10.633575147305608	10.550163352616924	1.0	1.0	0.0
SCF:0000768	AC:000641	0	PDB_exact_pair_aggregate	ge50	dropped_pdb_overlap	0.26	0.31	-25.320245939165368	-26.64148559467943	25.320245939165368	26.64148559467943	155.0	124.0	11.80232300141383	10.870082625498501	0.0	1.0	1.0
SCF:0000775	AC:000643	0	PDB_exact_pair_aggregate	20_30	train_eligible	0.07	0.11	-28.24486433780459	-30.22484836619405	28.24486433780459	30.22484836619405	19.0	65.0	13.247000486935082	12.377541163547892	0.0	1.0	0.0
SCF:0000784	AC:000648	0	PDB_exact_pair_aggregate	20_30	dropped_mixed_family	0.15	0.13	-27.555557444354505	-26.89892568097488	27.555557444354505	26.89892568097488	504.0	85.0	10.706451914880132	12.111066112045467	1.0	0.0	1.0
SCF:0000802	AC:000669	0	PDB_exact_pair_aggregate	30_40	family_unseen	0.39	0.08	-30.42491838028729	-30.296991109251703	30.42491838028729	30.296991109251703	27166.0	37388.0	6.236572944321348	5.690990894538238	1.0	0.0	0.0
SCF:0000812	AC:000673	0	PDB_exact_pair_aggregate	30_40	dropped_mixed_protein	0.12	0.06	-29.77013866763345	-27.958526917581537	29.77013866763345	27.958526917581537	609.0	66.0	10.096100186254287	11.41076906975022	1.0	0.0	1.0
SCF:0000818	AC:000678	0	PDB_exact_pair_aggregate	30_40	train_eligible	0.68	0.26	-11.744957676072033	-21.107517615255148	11.744957676072033	21.107517615255148	36.0	6.0	13.890873123916613	13.61324321594447	1.0	1.0	1.0
SCF:0000845	AC:000690	0	same_assembly_bridge	20_30	family_unseen	0.65	0.7	-25.38087519395231	-22.758753337237433	25.38087519395231	22.758753337237433	1.0	0.0	14.061101722576147	14.12901146566893	0.0	0.0	1.0
SCF:0000856	AC:000707	0	PDB_exact_pair_aggregate	30_40	train_eligible	0.18	0.26	-26.54342607849544	-24.16636772852119	26.54342607849544	24.16636772852119	335.0	198.0	13.081387199558867	12.7222973375935	0.0	0.0	1.0
SCF:0000875	AC:000723	0	same_assembly_bridge	20_30	family_unseen	0.72	0.11	-25.899912477887813	-25.401938315409286	25.899912477887813	25.401938315409286	13.0	6.0	13.911211748006362	14.013382795820123	1.0	0.0	1.0
SCF:0000884	AC:000727	0	PDB_exact_pair_aggregate	30_40	train_eligible	0.02	0.03	-26.91121928408526	-27.182626869799435	26.91121928408526	27.182626869799435	41.0	1.0	12.992898176830407	13.001348855575559	0.0	1.0	1.0
SCF:0000888	AC:000730	0	PDB_exact_pair_aggregate	30_40	train_eligible	0.52	0.09	-30.229957010804622	-30.50485135765812	30.229957010804622	30.50485135765812	25.0	153.0	12.111509422690514	12.071368922882119	1.0	1.0	0.0
SCF:0000897	AC:000738	1	PDB_exact_pair_aggregate	20_30	dropped_mixed_protein	0.08	0.13	-26.939158471420733	-28.57339921056854	26.939158471420733	28.57339921056854	14.0	59.0	13.657924689760097	13.715285371806962	0.0	1.0	0.0
SCF:0000899	AC:000742	0	PDB_exact_pair_aggregate	30_40	dropped_mixed_protein	0.17	0.08	-28.604456694279	-29.912062238169632	28.604456694279	29.912062238169632	53.0	312.0	11.253456163556816	10.313774638650802	1.0	1.0	0.0
SCF:0000904	AC:000745	0	PDB_exact_pair_aggregate	30_40	train_eligible	0.17	0.22	-30.51274944719397	-30.12569885070453	30.51274944719397	30.12569885070453	46.0	0.0	12.722960138105629	12.929873325304344	0.0	0.0	1.0
SCF:0000915	AC:000764	0	PDB_exact_pair_aggregate	20_30	family_unseen	0.23	0.28	-30.23377691340512	-29.88553909216908	30.23377691340512	29.88553909216908	1182.0	312.0	10.087203080950678	9.79189457410043	0.0	0.0	1.0
SCF:0000917	AC:000767	0	PDB_exact_pair_aggregate	20_30	family_unseen	0.08	0.18	-26.366418724219006	-28.54415847166085	26.366418724219006	28.54415847166085	1.0	77.0	9.925574282535987	9.796597231981817	0.0	1.0	0.0
SCF:0000918	AC:000768	0	PDB_exact_pair_aggregate	20_30	train_eligible	0.69	0.13	-26.52262383844794	-27.527739500288718	26.52262383844794	27.527739500288718	19.0	23.0	14.739692713865303	13.022841904373003	1.0	1.0	0.0
SCF:0000923	AC:000776	0	PDB_exact_pair_aggregate	20_30	dropped_mixed_protein	0.14	0.1	-28.952591509751205	-29.878416041266775	28.952591509751205	29.878416041266775	286.0	283.0	12.490477696017985	12.442985417952363	1.0	1.0	1.0
SCF:0000925	AC:000777	0	PDB_exact_pair_aggregate	30_40	train_eligible	0.07	0.1	-30.598669065839882	-28.834487039470787	30.598669065839882	28.834487039470787	41.0	89.0	12.35112355710181	14.568238555333457	0.0	0.0	0.0
SCF:0000929	AC:000779	0	PDB_exact_pair_aggregate	30_40	train_eligible	0.23	0.14	-27.382316118787003	-26.143742190912963	27.382316118787003	26.143742190912963	358.0	28.0	12.067065382435834	12.68805744391822	1.0	0.0	1.0
SCF:0000940	AC:000789	0	PDB_exact_pair_aggregate	30_40	train_eligible	0.08	0.1	-27.11901882401219	-27.24533201012788	27.11901882401219	27.24533201012788	0.0	8.0	14.92217542401286	14.721709890588604	0.0	1.0	0.0
SCF:0000946	AC:000793	0	PDB_exact_pair_aggregate	30_40	train_eligible	0.07	0.2	-27.982235023641003	-29.421772044704806	27.982235023641003	29.421772044704806	31.0	16.0	13.618561812619914	13.201663742031291	0.0	1.0	1.0
SCF:0000952	AC:000795	0	PDB_exact_pair_aggregate	20_30	protein_unseen_family_seen	0.14	0.22	-23.351027130845676	-24.394647146056588	23.351027130845676	24.394647146056588	2.0	0.0	15.242075605690586	15.295868143122716	0.0	1.0	1.0
SCF:0000961	AC:000800	0	PDB_exact_pair_aggregate	30_40	family_unseen	0.45	0.17	-26.022428086270992	-22.064532261083997	26.022428086270992	22.064532261083997	16.0	1.0	14.752782676491881	15.062733400890076	1.0	0.0	1.0
SCF:0000963	AC:000803	0	PDB_exact_pair_aggregate	20_30	family_unseen	0.72	0.73	-26.614320064916317	-27.46070316191882	26.614320064916317	27.46070316191882	385.0	1060.0	15.071702454233655	14.916713339586895	0.0	1.0	0.0
SCF:0000968	AC:000806	0	same_assembly_bridge	20_30	family_unseen	0.5	0.55	-23.276187933852974	-20.074797572426096	23.276187933852974	20.074797572426096	51.0	8.0	12.837481757147067	14.854807507649468	0.0	0.0	1.0
SCF:0000969	AC:000807	0	PDB_exact_pair_aggregate	30_40	train_eligible	0.03	0.18	-28.77418688242553	-27.783256984438214	28.77418688242553	27.783256984438214	29.0	232.0	12.024909661241665	11.353749568184261	0.0	0.0	0.0
SCF:0000974	AC:000810	0	same_assembly_bridge	30_40	family_unseen	0.15	0.14	-30.531169358981735	-31.017291064708765	30.531169358981735	31.017291064708765	1410.0	1985.0	10.56150475382225	8.846366025903983	1.0	1.0	0.0
SCF:0000996	AC:000822	0	PDB_exact_pair_aggregate	40_50	train_eligible	0.2	0.24	-26.08670781442046	-28.054050660432676	26.08670781442046	28.054050660432676	272.0	432.0	11.071522428971255	10.202919782159402	0.0	1.0	0.0
SCF:0001018	AC:000837	0	PDB_exact_pair_aggregate	20_30	train_eligible	0.68	0.06	-23.29825873838349	-25.790269856361682	23.29825873838349	25.790269856361682	0.0	0.0	14.13616539091492	13.861786160462296	1.0	1.0	0.5
SCF:0001025	AC:000841	1	same_assembly_bridge	20_30	family_unseen	0.47	0.38	-18.619740420310357	-28.87116116218834	18.619740420310357	28.87116116218834	88.0	3.0	14.424985451902922	14.48853183295797	1.0	1.0	1.0
SCF:0001030	AC:000844	0	same_assembly_bridge	30_40	train_eligible	0.58	0.24	-29.993033949836406	-29.586492503164756	29.993033949836406	29.586492503164756	836.0	114.0	10.58984498229998	11.232970883118014	1.0	0.0	1.0
SCF:0001033	AC:000847	0	PDB_exact_pair_aggregate	30_40	dropped_mixed_protein	0.17	0.13	-21.767114856469085	-24.809295616861565	21.767114856469085	24.809295616861565	298.0	155.0	9.010931367144359	11.107111441390515	1.0	1.0	1.0
SCF:0001045	AC:000859	0	PDB_exact_pair_aggregate	30_40	train_eligible	0.1	0.11	-26.65820110403757	-28.429062895657623	26.65820110403757	28.429062895657623	33.0	56.0	12.283426359690855	12.208233022340242	0.0	1.0	0.0
SCF:0001049	AC:000862	0	PDB_exact_pair_aggregate	40_50	dropped_mixed_protein	0.06	0.09	-30.94692123549842	-30.204019541102472	30.94692123549842	30.204019541102472	865.0	537.0	9.606177902157555	9.989173556247591	0.0	0.0	1.0
SCF:0001053	AC:000869	0	PDB_exact_pair_aggregate	20_30	train_eligible	0.19	0.3	-28.961311283573647	-28.471500756871365	28.961311283573647	28.471500756871365	428.0	226.0	14.335803547907586	13.442657529749292	0.0	0.0	1.0
SCF:0001058	AC:000875	0	PDB_exact_pair_aggregate	20_30	family_unseen	0.35	0.16	-27.874475452592296	-25.121460628163796	27.874475452592296	25.121460628163796	94.0	227.0	12.269752536083166	12.39107991478405	1.0	0.0	0.0
SCF:0001059	AC:000876	0	same_assembly_bridge	30_40	train_eligible	0.8	0.45	-17.482564083151352	-15.668364878226612	17.482564083151352	15.668364878226612	32.0	72.0	14.610931667419278	14.36995478143325	1.0	0.0	0.0
SCF:0001085	AC:000897	0	PDB_exact_pair_aggregate	20_30	family_unseen	0.3	0.15	-30.261213244502958	-30.539690566483813	30.261213244502958	30.539690566483813	1212.0	630.0	10.383893077807585	9.979782246810654	1.0	1.0	1.0
SCF:0001091	AC:000901	1	PDB_exact_pair_aggregate	40_50	train_eligible	0.15	0.21	-30.121627111176	-30.232872931053123	30.121627111176	30.232872931053123	5149.0	5625.0	6.8137590732341575	7.013285242116216	0.0	1.0	0.0
SCF:0001099	AC:000910	0	PDB_exact_pair_aggregate	30_40	train_eligible	0.05	0.06	-25.98693490420806	-28.329335870057893	25.98693490420806	28.329335870057893	36.0	0.0	13.683673971580962	13.633201448060372	0.0	1.0	1.0
SCF:0001128	AC:000934	0	PDB_exact_pair_aggregate	ge50	dropped_mixed_family	0.1	0.1	-30.30046752552981	-30.09318082352195	30.30046752552981	30.09318082352195	1060.0	986.0	10.969610070589834	10.990907142604305	0.5	0.0	1.0
SCF:0001147	AC:000957	0	PDB_exact_pair_aggregate	ge50	dropped_mixed_family	0.1	0.15	-27.800700561718692	-27.103693880976486	27.800700561718692	27.103693880976486	103.0	204.0	12.307530775544796	11.255422983037539	0.0	0.0	0.0
SCF:0001150	AC:000958	0	PDB_exact_pair_aggregate	30_40	train_eligible	0.66	0.49	-17.148181439487267	-16.699901834562297	17.148181439487267	16.699901834562297	70.0	44.0	13.374403880907128	13.1034765129898	1.0	0.0	1.0
SCF:0001158	AC:000968	0	same_assembly_bridge	20_30	dropped_mixed_protein	0.23	0.1	-27.938951537097722	-28.884416689230427	27.938951537097722	28.884416689230427	1062.0	1060.0	10.038958800759817	9.247439821033232	1.0	1.0	1.0
SCF:0001173	AC:000982	0	PDB_exact_pair_aggregate	30_40	train_eligible	0.08	0.07	-29.28936223708239	-30.250150334222266	29.28936223708239	30.250150334222266	416.0	264.0	8.097550488960298	9.840963070633764	1.0	1.0	1.0
SCF:0001179	AC:000986	0	PDB_exact_pair_aggregate	30_40	family_unseen	0.06	0.08	-30.192545861460147	-30.903369764376542	30.192545861460147	30.903369764376542	10005.0	2067.0	8.165114926180282	9.784768607966235	0.0	1.0	1.0
SCF:0001199	AC:000999	0	PDB_exact_pair_aggregate	20_30	family_unseen	0.91	0.17	-3.3868423701714883	-23.59192051048632	3.3868423701714883	23.59192051048632	51.0	0.0	15.54490044678969	15.271475838336476	1.0	1.0	1.0
SCF:0001201	AC:001001	1	same_assembly_bridge	20_30	train_eligible	0.84	0.19	-19.587225080800938	-28.477202319550788	19.587225080800938	28.477202319550788	78.0	244.0	12.129390948201156	12.955396183560374	1.0	1.0	0.0
SCF:0001205	AC:001008	1	PDB_exact_pair_aggregate	ge50	train_eligible	0.14	0.17	-23.439710068426763	-23.137380842170334	23.439710068426763	23.137380842170334	31.0	48.0	13.576579856558789	13.573080223347853	0.0	0.0	0.0
SCF:0001217	AC:001016	0	PDB_exact_pair_aggregate	20_30	dropped_mixed_protein	0.48	0.42	-25.99417549000499	-27.733459358625513	25.99417549000499	27.733459358625513	2.0	22.0	12.863372605930266	13.15786554225675	1.0	1.0	0.0
SCF:0001219	AC:001018	0	PDB_exact_pair_aggregate	ge50	dropped_mixed_family	0.16	0.13	-25.431922120468744	-26.49796062921691	25.431922120468744	26.49796062921691	170.0	260.0	11.268634589134876	10.96561690369667	1.0	1.0	0.0
SCF:0001223	AC:001023	0	PDB_exact_pair_aggregate	40_50	dropped_mixed_family	0.11	0.06	-27.34557545476851	-25.24058465615484	27.34557545476851	25.24058465615484	135.0	25.0	12.290243267145621	13.004472517897637	1.0	0.0	1.0
SCF:0001231	AC:001035	0	same_assembly_bridge	20_30	family_unseen	0.63	0.15	-21.578038225834977	-23.14772650735169	21.578038225834977	23.14772650735169	75.0	80.0	10.96442073232839	12.748768094840118	1.0	1.0	0.0
SCF:0001236	AC:001043	0	PDB_exact_pair_aggregate	ge50	train_eligible	0.22	0.15	-27.247656018008357	-27.718200692906976	27.247656018008357	27.718200692906976	16.0	55.0	13.110292387680857	12.663133253524794	1.0	1.0	0.0
SCF:0001263	AC:001062	1	PDB_exact_pair_aggregate	20_30	family_unseen	0.4	0.13	-27.387007911723103	-26.81060524821008	27.387007911723103	26.81060524821008	0.0	31.0	14.062477489925108	13.448793281867877	1.0	0.0	0.0
SCF:0001264	AC:001065	0	PDB_exact_pair_aggregate	30_40	family_unseen	0.1	0.23	-26.171367574165373	-25.801464637120564	26.171367574165373	25.801464637120564	328.0	503.0	7.911346313513842	7.510260901834658	0.0	0.0	0.0
SCF:0001273	AC:001075	0	same_assembly_bridge	20_30	dropped_mixed_protein	0.22	0.06	-23.120190679562377	-25.266382591963488	23.120190679562377	25.266382591963488	0.0	11.0	14.695322991184968	14.701083257470687	1.0	1.0	0.0
SCF:0001286	AC:001087	1	PDB_exact_pair_aggregate	ge50	train_eligible	0.09	0.1	-27.720926650906293	-27.64475361978584	27.720926650906293	27.64475361978584	35.0	36.0	13.775270067063225	13.79082365304222	0.0	0.0	0.0
SCF:0001288	AC:001088	0	PDB_exact_pair_aggregate	40_50	dropped_mixed_family	0.15	0.19	-27.555557444354505	-27.686060407626552	27.555557444354505	27.686060407626552	504.0	432.0	10.706451914880132	9.996681548081568	0.0	1.0	1.0
SCF:0001293	AC:001091	0	PDB_exact_pair_aggregate	30_40	family_unseen	0.86	0.77	-6.439958472083221	-23.247173012121927	6.439958472083221	23.247173012121927	25.0	9.0	14.471199703691607	14.042011053649455	1.0	1.0	1.0
SCF:0001316	AC:001105	0	PDB_exact_pair_aggregate	30_40	train_eligible	0.68	0.61	-11.744957676072033	-27.80466212460082	11.744957676072033	27.80466212460082	36.0	51.0	13.890873123916613	13.79663005745872	1.0	1.0	0.0
SCF:0001324	AC:001111	0	PDB_exact_pair_aggregate	40_50	train_eligible	0.65	0.16	-24.53016559252443	-25.917182255274763	24.53016559252443	25.917182255274763	93.0	315.0	11.850763599568701	11.368883842761054	1.0	1.0	0.0
SCF:0001343	AC:001126	0	same_assembly_bridge	30_40	train_eligible	0.28	0.11	-26.432111063211778	-26.09244457843178	26.432111063211778	26.09244457843178	75.0	46.0	13.719866354545752	14.67752615832571	1.0	0.0	1.0
SCF:0001349	AC:001134	0	PDB_exact_pair_aggregate	ge50	train_eligible	0.17	0.25	-26.812865244654745	-25.772779037088508	26.812865244654745	25.772779037088508	80.0	360.0	12.964865660599145	12.87833785093938	0.0	0.0	0.0
SCF:0001355	AC:001138	0	PDB_exact_pair_aggregate	40_50	dropped_mixed_family	0.13	0.18	-27.865559587346432	-28.26920977508727	27.865559587346432	28.26920977508727	324.0	450.0	11.665344486027829	11.152482068971734	0.0	1.0	0.0
SCF:0001364	AC:001145	0	same_assembly_bridge	30_40	family_unseen	0.22	0.27	-29.281489801174807	-29.09573996071988	29.281489801174807	29.09573996071988	1696.0	1574.0	10.557424596694648	10.69351966164666	0.0	0.0	1.0
SCF:0001365	AC:001148	0	same_assembly_bridge	20_30	protein_unseen_family_seen	0.83	0.07	-8.534127393571667	-24.77269393307455	8.534127393571667	24.77269393307455	41.0	0.0	14.33783584650409	14.451553151078334	1.0	1.0	1.0
SCF:0001373	AC:001169	0	PDB_exact_pair_aggregate	30_40	train_eligible	0.14	0.1	-27.754267153427165	-26.292477687360602	27.754267153427165	26.292477687360602	415.0	186.0	14.168188523431404	15.03355907014369	1.0	0.0	1.0
SCF:0001387	AC:001192	1	PDB_exact_pair_aggregate	20_30	train_eligible	0.15	0.25	-30.365290930948074	-30.450063211697987	30.365290930948074	30.450063211697987	19954.0	6412.0	6.5056280611494826	8.363965527552194	0.0	1.0	1.0
SCF:0001391	AC:001197	0	PDB_exact_pair_aggregate	40_50	train_eligible	0.1	0.1	-27.519595531707797	-25.573796456893835	27.519595531707797	25.573796456893835	487.0	247.0	10.026224989629982	9.907113838169353	0.5	0.0	1.0
SCF:0001398	AC:001198	0	same_assembly_bridge	ge50	dropped_mixed_family	0.58	0.15	-28.072985305399605	-26.602059047956086	28.072985305399605	26.602059047956086	451.0	261.0	11.122288473956504	11.170909435876705	1.0	0.0	1.0
SCF:0001409	AC:001205	1	PDB_exact_pair_aggregate	20_30	train_eligible	0.48	0.36	-17.574300909535417	-16.66231277728692	17.574300909535417	16.66231277728692	70.0	75.0	14.354685342073491	14.22996056662835	1.0	0.0	0.0
SCF:0001417	AC:001218	1	PDB_exact_pair_aggregate	30_40	family_unseen	0.05	0.05	-29.22173734837123	-28.98318302251662	29.22173734837123	28.98318302251662	300.0	747.0	9.779457236503562	9.764868622886318	0.5	0.0	0.0
SCF:0001421	AC:001223	1	PDB_exact_pair_aggregate	20_30	family_unseen	0.13	0.1	-25.93404115490203	-28.752808412724068	25.93404115490203	28.752808412724068	154.0	341.0	14.11354586032859	14.476182604824308	1.0	1.0	0.0
SCF:0001431	AC:001242	0	same_assembly_bridge	30_40	train_eligible	0.48	0.44	-16.135098707232306	-19.21416559732778	16.135098707232306	19.21416559732778	76.0	52.0	14.085126431712839	13.748744650975304	1.0	1.0	1.0
SCF:0001440	AC:001247	0	PDB_exact_pair_aggregate	20_30	train_eligible	0.11	0.1	-24.949891208981832	-28.82246096290584	24.949891208981832	28.82246096290584	175.0	1434.0	12.344462929789302	10.631663383215074	1.0	1.0	0.0
SCF:0001441	AC:001248	1	same_assembly_bridge	40_50	dropped_mixed_family	0.17	0.18	-30.198295572826087	-30.12471297698209	30.198295572826087	30.12471297698209	3544.0	7633.0	6.768557268670111	7.019074694592585	0.0	0.0	0.0
SCF:0001450	AC:001253	0	PDB_exact_pair_aggregate	20_30	train_eligible	0.22	0.11	-30.330339910645975	-25.10329583054021	30.330339910645975	25.10329583054021	151.0	3.0	11.212725466016579	14.412900100392612	1.0	0.0	1.0
SCF:0001455	AC:001260	0	same_assembly_bridge	30_40	family_unseen	0.83	0.04	-22.155694886022083	-26.150659991991542	22.155694886022083	26.150659991991542	0.0	3.0	13.863278494949558	13.375861161196564	1.0	1.0	0.0
SCF:0001456	AC:001261	0	PDB_exact_pair_aggregate	20_30	dropped_mixed_family	0.2	0.09	-26.147286840527894	-29.076856676658352	26.147286840527894	29.076856676658352	342.0	896.0	11.557089219980238	11.20260326902863	1.0	1.0	0.0
SCF:0001458	AC:001262	1	PDB_exact_pair_aggregate	ge50	dropped_mixed_family	0.1	0.16	-27.800700561718692	-25.130977046539783	27.800700561718692	25.130977046539783	103.0	55.0	12.307530775544796	11.922308398892183	0.0	0.0	1.0
SCF:0001465	AC:001270	0	PDB_exact_pair_aggregate	30_40	dropped_mixed_protein	0.16	0.27	-27.159703091717272	-28.844199403446684	27.159703091717272	28.844199403446684	703.0	679.0	10.249091866420933	10.537379806514837	0.0	1.0	1.0
SCF:0001477	AC:001281	1	PDB_exact_pair_aggregate	40_50	train_eligible	0.14	0.27	-30.484828773916334	-30.470606430715673	30.484828773916334	30.470606430715673	5221.0	1519.0	6.855560157239509	7.0785506459920144	0.0	0.0	1.0
SCF:0001487	AC:001287	0	PDB_exact_pair_aggregate	30_40	train_eligible	0.42	0.36	-23.217913468334753	-29.197220633826664	23.217913468334753	29.197220633826664	97.0	408.0	13.56793135424127	13.37673292253301	1.0	1.0	0.0
SCF:0001506	AC:001300	0	PDB_exact_pair_aggregate	30_40	train_eligible	0.82	0.35	-20.55129482339729	-24.24928963443102	20.55129482339729	24.24928963443102	63.0	36.0	14.161565360993263	14.557927137824858	1.0	1.0	1.0
SCF:0001528	AC:001316	0	same_assembly_bridge	30_40	train_eligible	0.47	0.15	-31.080104636596115	-29.069958877981723	31.080104636596115	29.069958877981723	206.0	198.0	13.150765785010188	13.043357054165813	1.0	0.0	1.0
SCF:0001530	AC:001317	0	PDB_exact_pair_aggregate	30_40	train_eligible	0.1	0.11	-29.109300766857377	-26.662670834592824	29.109300766857377	26.662670834592824	44.0	0.0	14.095747141363514	14.444844651287745	0.0	0.0	1.0
SCF:0001533	AC:001318	0	same_assembly_bridge	30_40	family_unseen	0.21	0.24	-28.671486455339476	-28.492809802924064	28.671486455339476	28.492809802924064	69.0	166.0	11.481351010724268	11.07883494554386	0.0	0.0	0.0
SCF:0001542	AC:001327	0	same_assembly_bridge	20_30	dropped_mixed_protein	0.11	0.09	-27.568247460173765	-26.33103608920024	27.568247460173765	26.33103608920024	592.0	766.0	9.961523574877702	8.703134039834573	1.0	0.0	0.0
SCF:0001545	AC:001330	0	same_assembly_bridge	30_40	train_ineligible_unpermuted	0.86	0.09	-28.277204771994125	-26.181071832687	28.277204771994125	26.181071832687	0.0	1.0	13.345634740607709	14.306467283289544	1.0	0.0	0.0
SCF:0001563	AC:001343	0	PDB_exact_pair_aggregate	20_30	train_ineligible_unpermuted	0.09	0.26	-25.425790151253864	-27.392889577876115	25.425790151253864	27.392889577876115	2.0	170.0	14.761316485405443	13.854728371279522	0.0	1.0	0.0
SCF:0001573	AC:001353	0	PDB_exact_pair_aggregate	40_50	dropped_mixed_family	0.1	0.06	-30.30046752552981	-29.65956026443042	30.30046752552981	29.65956026443042	1060.0	719.0	10.969610070589834	11.476734421095022	1.0	0.0	1.0
SCF:0001577	AC:001360	0	PDB_exact_pair_aggregate	30_40	train_eligible	0.14	0.12	-26.724743567002207	-28.543529142229136	26.724743567002207	28.543529142229136	188.0	275.0	10.580440344268942	11.868003822791827	1.0	1.0	0.0
SCF:0001582	AC:001367	0	same_assembly_bridge	30_40	dropped_mixed_family	0.54	0.19	-26.249271759022097	-28.44095097363528	26.249271759022097	28.44095097363528	417.0	597.0	11.49781618003149	10.662396679235767	1.0	1.0	0.0
SCF:0001588	AC:001372	1	PDB_exact_pair_aggregate	20_30	family_unseen	0.69	0.15	-6.806237335001553	-29.169644422360907	6.806237335001553	29.169644422360907	86.0	0.0	14.819766670177467	13.407153265358733	1.0	1.0	1.0
SCF:0001609	AC:001386	0	PDB_exact_pair_aggregate	ge50	dropped_mixed_family	0.1	0.23	-28.46051944141475	-27.12728288775699	28.46051944141475	27.12728288775699	974.0	919.0	10.736742611965186	10.378460609180172	0.0	0.0	1.0
SCF:0001624	AC:001396	1	same_assembly_bridge	20_30	train_eligible	0.07	0.06	-29.647935305882807	-25.54768598801464	29.647935305882807	25.54768598801464	69.0	0.0	12.096833062816765	14.564455527616726	1.0	0.0	1.0
SCF:0001634	AC:001404	0	PDB_exact_pair_aggregate	20_30	train_eligible	0.15	0.06	-27.046236352204335	-27.37387763099617	27.046236352204335	27.37387763099617	0.0	14.0	13.322165624235968	13.778660295096651	1.0	1.0	0.0
SCF:0001646	AC:001416	0	PDB_exact_pair_aggregate	20_30	train_eligible	0.19	0.25	-28.961311283573647	-28.547824751067743	28.961311283573647	28.547824751067743	428.0	42.0	14.335803547907586	14.332466770972339	0.0	0.0	1.0
SCF:0001684	AC:001452	0	PDB_exact_pair_aggregate	30_40	train_eligible	0.2	0.24	-26.437065667937514	-26.568493576277834	26.437065667937514	26.568493576277834	9.0	11.0	14.636476790575388	14.810649324213452	0.0	1.0	0.0
SCF:0001709	AC:001472	0	PDB_exact_pair_aggregate	30_40	train_eligible	0.16	0.62	-27.545210530201285	-27.658286963130525	27.545210530201285	27.658286963130525	40.0	4.0	14.429798573513127	14.553837161515194	0.0	1.0	1.0
SCF:0001728	AC:001490	0	PDB_exact_pair_aggregate	30_40	train_eligible	0.47	0.09	-31.080104636596115	-30.37152316390827	31.080104636596115	30.37152316390827	206.0	298.0	13.150765785010188	13.261006950518096	1.0	0.0	0.0
SCF:0001748	AC:001502	0	PDB_exact_pair_aggregate	20_30	dropped_mixed_family	0.12	0.16	-29.134892124665807	-29.485661280434577	29.134892124665807	29.485661280434577	607.0	732.0	10.680243982925491	10.217020236857994	0.0	1.0	0.0
SCF:0001770	AC:001516	0	PDB_exact_pair_aggregate	30_40	train_eligible	0.4	0.18	-26.851458540386094	-28.871295342955666	26.851458540386094	28.871295342955666	1363.0	1821.0	10.22460161107328	10.439034575746172	1.0	1.0	0.0
SCF:0001795	AC:001532	0	PDB_exact_pair_aggregate	ge50	dropped_mixed_family	0.11	0.1	-27.34557545476851	-27.311199564699525	27.34557545476851	27.311199564699525	135.0	171.0	12.290243267145621	12.574418727074624	1.0	0.0	0.0
SCF:0001816	AC:001550	0	same_assembly_bridge	30_40	train_eligible	0.61	0.52	-26.68166523528162	-25.490383095672236	26.68166523528162	25.490383095672236	1961.0	1162.0	10.054263504705014	10.100997523744157	1.0	0.0	1.0
SCF:0001835	AC:001565	0	PDB_exact_pair_aggregate	30_40	train_eligible	0.13	0.08	-31.15882233011575	-31.33849343418935	31.15882233011575	31.33849343418935	206.0	47.0	12.25165170691443	11.684026094174884	1.0	1.0	1.0
SCF:0001851	AC:001584	0	same_assembly_bridge	ge50	family_unseen	0.56	0.38	-25.81464032613546	-26.426294316814946	25.81464032613546	26.426294316814946	249.0	347.0	11.436743168507837	11.412060841102576	1.0	1.0	0.0
SCF:0001856	AC:001590	0	PDB_exact_pair_aggregate	ge50	train_eligible	0.77	0.2	-27.675640627131255	-24.204717506397994	27.675640627131255	24.204717506397994	32.0	24.0	13.052472567177983	13.116531351067682	1.0	0.0	1.0
SCF:0001867	AC:001603	0	PDB_exact_pair_aggregate	20_30	train_eligible	0.62	0.07	-28.529143593575036	-29.092878157783122	28.529143593575036	29.092878157783122	146.0	150.0	13.206605452246272	12.813919139469784	1.0	1.0	0.0
SCF:0001868	AC:001604	0	PDB_exact_pair_aggregate	20_30	family_unseen	0.95	0.09	-24.79634929058454	-30.548633332654234	24.79634929058454	30.548633332654234	36.0	752.0	14.611276568904522	11.396794443427225	1.0	1.0	0.0
SCF:0001873	AC:001611	1	PDB_exact_pair_aggregate	20_30	family_unseen	0.11	0.3	-20.419567248893927	-24.054267379127502	20.419567248893927	24.054267379127502	0.0	10.0	14.772386917187168	15.003664228496765	0.0	1.0	0.0
SCF:0001901	AC:001634	0	PDB_exact_pair_aggregate	40_50	protein_unseen_family_seen	0.67	0.1	-23.154283376579937	-22.792408179971908	23.154283376579937	22.792408179971908	177.0	549.0	8.452376717125874	8.141217697786319	1.0	0.0	0.0
SCF:0001902	AC:001635	0	PDB_exact_pair_aggregate	30_40	train_eligible	0.11	0.1	-22.747897724713983	-25.621903858895354	22.747897724713983	25.621903858895354	37.0	175.0	11.770543270081689	10.099940922814808	1.0	1.0	0.0
SCF:0001908	AC:001644	1	PDB_exact_pair_aggregate	30_40	protein_unseen_family_seen	0.85	0.23	-27.901244241044754	-27.39394483738507	27.901244241044754	27.39394483738507	2534.0	721.0	6.710290984558167	6.661602237064463	1.0	0.0	1.0
SCF:0001911	AC:001645	0	PDB_exact_pair_aggregate	30_40	train_eligible	0.73	0.69	-15.136515932152212	-10.335368589617797	15.136515932152212	10.335368589617797	75.0	48.0	13.122245486515814	14.169235267653479	1.0	0.0	1.0
SCF:0002028	AC:001752	1	PDB_exact_pair_aggregate	ge50	dropped_mixed_family	0.24	0.15	-30.1456040672299	-30.549404462386793	30.1456040672299	30.549404462386793	4628.0	3315.0	6.8577625136213545	6.933459689209138	1.0	1.0	1.0
SCF:0002034	AC:001758	1	same_assembly_bridge	30_40	family_unseen	0.11	0.12	-25.7561541730294	-28.75212766424218	25.7561541730294	28.75212766424218	20.0	46.0	14.776879103842631	14.44739103116811	0.0	1.0	0.0
SCF:0002036	AC:001759	0	PDB_exact_pair_aggregate	30_40	train_eligible	0.66	0.49	-17.148181439487267	-22.684130429157126	17.148181439487267	22.684130429157126	70.0	34.0	13.374403880907128	13.601212691201408	1.0	1.0	1.0
SCF:0002046	AC:001765	0	PDB_exact_pair_aggregate	30_40	train_ineligible_unpermuted	0.69	0.12	-12.086017209922087	-27.32310907753014	12.086017209922087	27.32310907753014	64.0	173.0	13.819906596973302	13.001353730824027	1.0	1.0	0.0
SCF:0002057	AC:001770	0	PDB_exact_pair_aggregate	20_30	train_eligible	0.18	0.25	-28.635370931962864	-29.71722950184208	28.635370931962864	29.71722950184208	355.0	223.0	11.634206700193799	10.865859870499447	0.0	1.0	1.0
SCF:0002066	AC:001780	1	PDB_exact_pair_aggregate	20_30	family_unseen	0.15	0.1	-29.1289798151636	-28.872811526713598	29.1289798151636	28.872811526713598	194.0	450.0	13.163930775423298	12.96736400123232	1.0	0.0	0.0
SCF:0002076	AC:001788	0	PDB_exact_pair_aggregate	30_40	train_eligible	0.15	0.08	-27.803935428056224	-30.29597105255314	27.803935428056224	30.29597105255314	785.0	923.0	8.376846985049848	9.449505434989463	1.0	1.0	0.0
SCF:0002086	AC:001797	0	same_assembly_bridge	ge50	dropped_mixed_family	0.18	0.17	-26.912645876126348	-25.343104981737994	26.912645876126348	25.343104981737994	192.0	78.0	10.772385412572353	10.414242801346607	1.0	0.0	1.0
SCF:0002106	AC:001807	0	PDB_exact_pair_aggregate	30_40	train_eligible	0.04	0.27	-28.901592882753114	-27.646382713913773	28.901592882753114	27.646382713913773	9.0	122.0	12.586973702816401	13.352929990502412	0.0	0.0	0.0
SCF:0002109	AC:001811	0	PDB_exact_pair_aggregate	30_40	train_ineligible_unpermuted	0.53	0.55	-10.291901574554357	-15.582751119979784	10.291901574554357	15.582751119979784	22.0	14.0	14.34542170421373	13.406181328043276	0.0	1.0	1.0
SCF:0002110	AC:001814	0	PDB_exact_pair_aggregate	30_40	train_eligible	0.65	0.16	-24.53016559252443	-24.10017116450262	24.53016559252443	24.10017116450262	93.0	267.0	11.850763599568701	12.061395731298909	1.0	0.0	0.0
SCF:0002123	AC:001820	0	PDB_exact_pair_aggregate	40_50	train_eligible	0.14	0.15	-30.484828773916334	-30.405808613215157	30.484828773916334	30.405808613215157	5221.0	4113.0	6.855560157239509	6.861473922130638	0.0	0.0	1.0
SCF:0002134	AC:001827	0	PDB_exact_pair_aggregate	30_40	train_eligible	0.43	0.4	-23.66152826542019	-23.24785816390109	23.66152826542019	23.24785816390109	77.0	73.0	13.829133491940997	14.154310117866936	1.0	0.0	1.0
SCF:0002153	AC:001844	1	same_assembly_bridge	30_40	train_eligible	0.15	0.09	-28.521599296448656	-29.928733663410892	28.521599296448656	29.928733663410892	286.0	183.0	11.187829742796154	9.014990022981337	1.0	1.0	1.0
SCF:0002160	AC:001851	0	PDB_exact_pair_aggregate	30_40	train_eligible	0.25	0.2	-29.963623587862195	-30.439939354977486	29.963623587862195	30.439939354977486	6822.0	10533.0	9.192934630655074	7.937328646738889	1.0	1.0	0.0
SCF:0002182	AC:001883	0	PDB_exact_pair_aggregate	20_30	family_unseen	0.93	0.05	-2.628685941903259	-22.312779517241488	2.628685941903259	22.312779517241488	65.0	11.0	15.633045686987728	15.060568714044281	1.0	1.0	1.0
SCF:0002186	AC:001892	0	PDB_exact_pair_aggregate	ge50	train_ineligible_unpermuted	0.27	0.3	-28.293796450286642	-28.80788799978359	28.293796450286642	28.80788799978359	567.0	728.0	9.29719882803487	9.380426493217618	0.0	1.0	0.0
SCF:0002192	AC:001896	1	PDB_exact_pair_aggregate	30_40	family_unseen	0.54	0.25	-22.868135450588014	-21.412978534482548	22.868135450588014	21.412978534482548	14.0	120.0	13.11686687891408	13.09304986409888	1.0	0.0	0.0
SCF:0002195	AC:001900	0	same_assembly_bridge	30_40	train_ineligible_unpermuted	0.68	0.46	-26.96410573048302	-26.42637454812288	26.96410573048302	26.42637454812288	75.0	107.0	14.64636156036399	13.697882111520322	1.0	0.0	0.0
SCF:0002211	AC:001913	1	PDB_exact_pair_aggregate	20_30	train_eligible	0.06	0.05	-25.626122079127434	-26.528719896763103	25.626122079127434	26.528719896763103	0.0	11.0	14.29328251037801	13.782392926742407	1.0	1.0	0.0
SCF:0002218	AC:001926	0	PDB_exact_pair_aggregate	20_30	dropped_mixed_protein	0.05	0.13	-26.67694762279913	-26.28166906051023	26.67694762279913	26.28166906051023	0.0	21.0	13.511731484000443	13.437307801582811	0.0	0.0	0.0
SCF:0002221	AC:001932	0	same_assembly_bridge	40_50	train_ineligible_unpermuted	0.47	0.04	-22.590023561356332	-24.245643044519298	22.590023561356332	24.245643044519298	2.0	0.0	14.872736830948607	14.744889635525423	1.0	1.0	1.0
SCF:0002240	AC:001941	1	PDB_exact_pair_aggregate	30_40	train_eligible	0.07	0.06	-28.45979794584951	-28.954458207897595	28.45979794584951	28.954458207897595	694.0	282.0	11.428177639762765	11.159689024725447	1.0	1.0	1.0
SCF:0002266	AC:001964	0	PDB_exact_pair_aggregate	ge50	train_eligible	0.42	0.46	-16.824694176689736	-19.704852715996672	16.824694176689736	19.704852715996672	113.0	134.0	9.360637024516944	8.714258609803133	0.0	1.0	0.0
SCF:0002277	AC:001972	0	PDB_exact_pair_aggregate	20_30	family_unseen	0.42	0.17	-30.35767212338816	-29.55235273554176	30.35767212338816	29.55235273554176	4157.0	3235.0	8.80537964079513	10.08670352485654	1.0	0.0	1.0
SCF:0002281	AC:001974	0	PDB_exact_pair_aggregate	30_40	dropped_mixed_protein	0.18	0.05	-23.15435787267353	-27.045278293879953	23.15435787267353	27.045278293879953	11.0	142.0	13.383702517255468	12.157191151944573	1.0	1.0	0.0
SCF:0002290	AC:001980	0	PDB_exact_pair_aggregate	20_30	family_unseen	0.83	0.15	-13.229622397366585	-24.290609141550842	13.229622397366585	24.290609141550842	36.0	15.0	14.994375315152016	14.526532264227948	1.0	1.0	1.0
SCF:0002300	AC:001986	0	same_assembly_bridge	20_30	train_ineligible_unpermuted	0.11	0.24	-30.169055054095562	-30.434065508818964	30.169055054095562	30.434065508818964	1935.0	51009.0	11.116472464774228	5.116240755398745	0.0	1.0	0.0
SCF:0002304	AC:001995	0	PDB_exact_pair_aggregate	30_40	train_eligible	0.53	0.16	-27.247057140874993	-22.873305028997613	27.247057140874993	22.873305028997613	17.0	4.0	13.940608181875216	14.440934499543697	1.0	0.0	1.0
SCF:0002311	AC:001999	0	PDB_exact_pair_aggregate	30_40	dropped_mixed_protein	0.63	0.46	-30.20628866215044	-28.696594986681074	30.20628866215044	28.696594986681074	562.0	407.0	9.44426445626277	10.109197250396553	1.0	0.0	1.0
SCF:0002313	AC:002002	0	same_assembly_bridge	20_30	family_unseen	0.71	0.09	-6.821434265272254	-23.83683808844784	6.821434265272254	23.83683808844784	19.0	1.0	14.680977111491762	14.423076822297125	1.0	1.0	1.0
SCF:0002320	AC:002008	1	PDB_exact_pair_aggregate	30_40	train_ineligible_unpermuted	0.06	0.06	-29.30389614928122	-29.428326888031204	29.30389614928122	29.428326888031204	4.0	166.0	13.743473881415373	13.424832861354577	0.5	1.0	0.0
SCF:0002334	AC:002020	0	PDB_exact_pair_aggregate	20_30	train_eligible	0.12	0.1	-28.959353133933412	-29.31368533504352	28.959353133933412	29.31368533504352	1791.0	949.0	9.50007160177332	10.786266864464343	1.0	1.0	1.0
SCF:0002372	AC:002060	0	PDB_exact_pair_aggregate	ge50	dropped_mixed_protein	0.09	0.14	-28.345666299260007	-27.986291786297738	28.345666299260007	27.986291786297738	138.0	92.0	13.670514753576068	13.689729482115744	0.0	0.0	1.0
SCF:0002382	AC:002071	0	same_assembly_bridge	30_40	family_unseen	0.78	0.79	-7.989429101938747	-6.082543670719095	7.989429101938747	6.082543670719095	42.0	33.0	14.40770021611643	14.819553944974086	0.0	0.0	1.0
SCF:0002389	AC:002080	0	PDB_exact_pair_aggregate	30_40	dropped_mixed_protein	0.46	0.29	-23.181070739050952	-25.93612073516846	23.181070739050952	25.93612073516846	0.0	73.0	14.03023956059915	14.2662884773983	1.0	1.0	0.0
SCF:0002402	AC:002093	0	PDB_exact_pair_aggregate	30_40	train_eligible	0.06	0.07	-30.066301987984602	-29.30244981420481	30.066301987984602	29.30244981420481	498.0	388.0	11.600188985736038	10.889808248012374	0.0	0.0	1.0
SCF:0002418	AC:002107	0	PDB_exact_pair_aggregate	30_40	family_unseen	0.11	0.08	-25.755063796349663	-28.499301193233517	25.755063796349663	28.499301193233517	40.0	15.0	14.4564911881088	14.143930991723373	1.0	1.0	1.0
SCF:0002425	AC:002113	0	PDB_exact_pair_aggregate	30_40	family_unseen	0.37	0.14	-29.090960289292273	-23.183441258965164	29.090960289292273	23.183441258965164	15.0	0.0	13.68594112760599	14.132968985688262	1.0	0.0	1.0
SCF:0002430	AC:002120	0	PDB_exact_pair_aggregate	30_40	train_eligible	0.86	0.12	-11.189404968583315	-21.832874048295388	11.189404968583315	21.832874048295388	39.0	29.0	14.960439190299073	14.48175950908666	1.0	1.0	1.0
SCF:0002462	AC:002139	0	PDB_exact_pair_aggregate	30_40	train_eligible	0.13	0.38	-31.15882233011575	-29.578983976343963	31.15882233011575	29.578983976343963	206.0	990.0	12.25165170691443	12.866103683385182	0.0	0.0	0.0
SCF:0002464	AC:002140	0	PDB_exact_pair_aggregate	30_40	family_unseen	0.43	0.15	-26.750476307195562	-27.306740051722187	26.750476307195562	27.306740051722187	31.0	119.0	14.022124291661257	14.511969650146208	1.0	1.0	0.0
SCF:0002468	AC:002146	1	PDB_exact_pair_aggregate	40_50	train_ineligible_unpermuted	0.16	0.12	-28.58248040767052	-28.37062209687022	28.58248040767052	28.37062209687022	495.0	370.0	11.60229558455981	11.084757364612084	1.0	0.0	1.0
SCF:0002474	AC:002150	0	same_assembly_bridge	30_40	train_ineligible_unpermuted	0.86	0.56	-7.222886042264438	-11.637628614265227	7.222886042264438	11.637628614265227	77.0	23.0	14.667934585060273	13.916024181828618	1.0	1.0	1.0
SCF:0002482	AC:002157	0	PDB_exact_pair_aggregate	20_30	dropped_mixed_protein	0.09	0.17	-30.488173419578384	-30.002226867763707	30.488173419578384	30.002226867763707	515.0	877.0	10.651625065330213	10.508414689100293	0.0	0.0	0.0
SCF:0002490	AC:002169	0	PDB_exact_pair_aggregate	20_30	family_unseen	0.08	0.28	-30.15631170594847	-28.578664911054894	30.15631170594847	28.578664911054894	31.0	0.0	10.175207331679823	11.52775131316205	0.0	0.0	1.0
SCF:0002494	AC:002173	0	PDB_exact_pair_aggregate	20_30	family_unseen	0.67	0.15	-21.76683756954226	-16.375877044797868	21.76683756954226	16.375877044797868	8.0	9.0	12.967996656799384	14.523300243351482	1.0	0.0	0.0
SCF:0002500	AC:002177	0	PDB_exact_pair_aggregate	20_30	family_unseen	0.82	0.22	-22.7626298932203	-26.83715139560532	22.7626298932203	26.83715139560532	16.0	75.0	12.308366349190642	10.91113051257011	1.0	1.0	0.0
SCF:0002526	AC:002203	0	PDB_exact_pair_aggregate	30_40	family_unseen	0.72	0.24	-13.93820312302387	-29.5136862747151	13.93820312302387	29.5136862747151	37.0	1884.0	12.07314241570568	9.170978317812992	1.0	1.0	0.0
SCF:0002552	AC:002224	0	PDB_exact_pair_aggregate	ge50	dropped_mixed_family	0.12	0.13	-27.607486511971395	-28.38876122505315	27.607486511971395	28.38876122505315	485.0	944.0	10.54099274740451	10.631125516559127	0.0	1.0	0.0
SCF:0002584	AC:002250	0	PDB_exact_pair_aggregate	30_40	train_eligible	0.07	0.06	-26.96694215544133	-27.70332815368212	26.96694215544133	27.70332815368212	8.0	0.0	14.348884655732087	14.785510539548639	1.0	1.0	1.0
SCF:0002589	AC:002270	1	PDB_exact_pair_aggregate	30_40	train_eligible	0.06	0.1	-30.066301987984602	-30.096505681002757	30.066301987984602	30.096505681002757	498.0	811.0	11.600188985736038	10.725590644209687	0.0	1.0	0.0
SCF:0002591	AC:002271	0	same_assembly_bridge	40_50	train_eligible	0.76	0.14	-27.58991183025806	-28.34667764912328	27.58991183025806	28.34667764912328	121.0	51.0	13.94002056852343	13.435986509512357	1.0	1.0	1.0
SCF:0002619	AC:002301	1	PDB_exact_pair_aggregate	30_40	family_unseen	0.12	0.21	-27.675867829009217	-29.761673108739384	27.675867829009217	29.761673108739384	366.0	1406.0	13.87798338012242	10.049421023870371	0.0	1.0	0.0
SCF:0002630	AC:002314	0	PDB_exact_pair_aggregate	ge50	protein_unseen_family_seen	0.13	0.11	-27.976961431160923	-27.9827873158438	27.976961431160923	27.9827873158438	157.0	152.0	13.605979133043528	13.603481377927581	1.0	1.0	1.0
SCF:0002633	AC:002315	0	PDB_exact_pair_aggregate	30_40	train_eligible	0.17	0.16	-31.493501619204377	-28.167204371207546	31.493501619204377	28.167204371207546	117.0	669.0	11.01918114133633	12.720455363114775	1.0	0.0	0.0
SCF:0002643	AC:002324	0	PDB_exact_pair_aggregate	40_50	dropped_mixed_protein	0.12	0.33	-22.229870216404237	-25.041870085906435	22.229870216404237	25.041870085906435	91.0	440.0	9.512979654278398	6.703147798801026	0.0	1.0	0.0
SCF:0002653	AC:002339	1	PDB_exact_pair_aggregate	30_40	train_ineligible_unpermuted	0.21	0.03	-28.089783709668964	-24.62331756227959	28.089783709668964	24.62331756227959	0.0	0.0	13.935220939442205	14.263248350881389	1.0	0.0	0.5
SCF:0002659	AC:002340	0	PDB_exact_pair_aggregate	20_30	family_unseen	0.87	0.09	-16.82709970170532	-25.180562460698898	16.82709970170532	25.180562460698898	37.0	50.0	15.049427580156125	14.209017757399609	1.0	1.0	0.0
SCF:0002666	AC:002343	0	same_assembly_bridge	30_40	train_eligible	0.11	0.17	-24.408427837240787	-25.635780609428572	24.408427837240787	25.635780609428572	0.0	3.0	14.404189426810142	13.569499720189423	0.0	1.0	0.0
SCF:0002675	AC:002347	0	PDB_exact_pair_aggregate	40_50	train_eligible	0.29	0.14	-30.249764933412692	-30.33460915226265	30.249764933412692	30.33460915226265	14020.0	7079.0	6.344196864962655	6.241760864404103	1.0	1.0	1.0
SCF:0002678	AC:002349	0	same_assembly_bridge	30_40	train_eligible	0.14	0.14	-27.754267153427165	-25.12803244514111	27.754267153427165	25.12803244514111	415.0	64.0	14.168188523431404	14.820291905140913	0.5	0.0	1.0
SCF:0002680	AC:002350	0	same_assembly_bridge	20_30	family_unseen	0.11	0.1	-26.55879557879	-28.828858317276154	26.55879557879	28.828858317276154	89.0	611.0	13.59797986862675	12.905958322908829	1.0	1.0	0.0
SCF:0002696	AC:002371	1	PDB_exact_pair_aggregate	ge50	dropped_mixed_family	0.31	0.19	-25.891627888625965	-26.74898256614055	25.891627888625965	26.74898256614055	159.0	427.0	11.177606700638593	9.420146292835884	1.0	1.0	0.0
SCF:0002705	AC:002381	0	PDB_exact_pair_aggregate	20_30	train_eligible	0.31	0.15	-30.63422359120361	-31.06787200912859	30.63422359120361	31.06787200912859	273.0	168.0	10.171978885716921	12.559238695651034	1.0	1.0	1.0
SCF:0002711	AC:002387	1	same_assembly_bridge	20_30	dropped_pdb_overlap	0.12	0.09	-27.449547846663336	-20.728390022006206	27.449547846663336	20.728390022006206	71.0	0.0	14.550407295833942	14.641584231347192	1.0	0.0	1.0
SCF:0002744	AC:002421	0	same_assembly_bridge	ge50	family_unseen	0.31	0.16	-25.68464777837754	-25.164796262092572	25.68464777837754	25.164796262092572	317.0	85.0	12.228036616420994	12.550371352468165	1.0	0.0	1.0
SCF:0002753	AC:002425	0	PDB_exact_pair_aggregate	20_30	train_eligible	0.3	0.15	-25.00942326158619	-26.4132809939599	25.00942326158619	26.4132809939599	274.0	331.0	10.698159294336365	11.372309599185344	1.0	1.0	0.0
SCF:0002756	AC:002428	1	PDB_exact_pair_aggregate	20_30	dropped_mixed_protein	0.17	0.17	-29.300275676702594	-29.270595300624905	29.300275676702594	29.270595300624905	452.0	121.0	12.460872724838755	12.378013833200612	0.5	0.0	1.0
SCF:0002767	AC:002439	0	PDB_exact_pair_aggregate	20_30	train_eligible	0.42	0.27	-23.217913468334753	-23.191870814533925	23.217913468334753	23.191870814533925	97.0	97.0	13.56793135424127	13.700373736707213	1.0	0.0	0.5
SCF:0002780	AC:002444	0	PDB_exact_pair_aggregate	20_30	family_unseen	0.12	0.11	-21.755507903066153	-26.89885805823901	21.755507903066153	26.89885805823901	1.0	1.0	14.732678787475868	14.495810250357657	1.0	1.0	0.5
SCF:0002796	AC:002465	0	PDB_exact_pair_aggregate	30_40	train_eligible	0.14	0.08	-25.749663952617876	-29.44821452014614	25.749663952617876	29.44821452014614	275.0	221.0	10.569539953081453	11.857388260698475	1.0	1.0	1.0
SCF:0002804	AC:002475	0	PDB_exact_pair_aggregate	20_30	train_eligible	0.17	0.1	-27.8370471558749	-28.73875074241188	27.8370471558749	28.73875074241188	711.0	1864.0	11.577572542078757	10.210073137531714	1.0	1.0	0.0
SCF:0002854	AC:002516	0	PDB_exact_pair_aggregate	40_50	dropped_mixed_family	0.19	0.54	-30.3346351224479	-30.54806541864752	30.3346351224479	30.54806541864752	3158.0	4445.0	7.024631495590675	6.961142346099734	0.0	1.0	0.0
SCF:0002872	AC:002538	0	PDB_exact_pair_aggregate	20_30	train_eligible	0.09	0.17	-29.27220549268341	-29.60507746654636	29.27220549268341	29.60507746654636	524.0	1897.0	8.951930177229455	8.684103281974158	0.0	1.0	0.0
SCF:0002880	AC:002548	0	PDB_exact_pair_aggregate	ge50	family_unseen	0.83	0.74	-9.720160597751986	-10.12231344163764	9.720160597751986	10.12231344163764	26.0	22.0	13.442433693265867	13.363976586289553	1.0	1.0	1.0
SCF:0002884	AC:002556	0	PDB_exact_pair_aggregate	30_40	family_unseen	0.15	0.04	-29.663266402051068	-29.197430538978487	29.663266402051068	29.197430538978487	140.0	60.0	8.991706776980203	10.79771084331541	1.0	0.0	1.0
SCF:0002896	AC:002572	0	PDB_exact_pair_aggregate	ge50	family_unseen	0.32	0.48	-24.359034132714037	-23.92524052700331	24.359034132714037	23.92524052700331	31.0	20.0	13.658242090820846	13.627063811422468	0.0	0.0	1.0
SCF:0002902	AC:002578	0	PDB_exact_pair_aggregate	30_40	train_eligible	0.23	0.12	-26.568050193180603	-21.818474825613897	26.568050193180603	21.818474825613897	32.0	12.0	14.671053719501797	14.102886375264339	1.0	0.0	1.0
SCF:0002904	AC:002580	0	PDB_exact_pair_aggregate	20_30	train_ineligible_unpermuted	0.54	0.55	-28.473777611437654	-27.028786247724064	28.473777611437654	27.028786247724064	56.0	70.0	12.829768155653978	13.77549649859851	0.0	0.0	0.0
SCF:0002950	AC:002618	0	PDB_exact_pair_aggregate	30_40	family_unseen	0.11	0.25	-23.789339890760576	-26.324013794825724	23.789339890760576	26.324013794825724	7.0	125.0	13.655602292998418	13.853270780034252	0.0	1.0	0.0
SCF:0002952	AC:002621	0	PDB_exact_pair_aggregate	20_30	dropped_mixed_protein	0.08	0.24	-26.939158471420733	-28.69394103360791	26.939158471420733	28.69394103360791	14.0	10.0	13.657924689760097	13.827713673720256	0.0	1.0	1.0
SCF:0002955	AC:002623	0	PDB_exact_pair_aggregate	30_40	protein_unseen_family_seen	0.54	0.08	-26.99871352840353	-27.57830702882172	26.99871352840353	27.57830702882172	3583.0	1616.0	7.576671701062564	8.476992197135122	1.0	1.0	1.0
SCF:0002956	AC:002624	0	PDB_exact_pair_aggregate	30_40	train_eligible	0.52	0.3	-24.850550582688403	-22.12774876890843	24.850550582688403	22.12774876890843	24.0	17.0	13.935427178903701	13.474796652474161	1.0	0.0	1.0
SCF:0002962	AC:002625	0	PDB_exact_pair_aggregate	20_30	family_unseen	0.59	0.15	-27.666991653066876	-23.538436223856454	27.666991653066876	23.538436223856454	218.0	299.0	13.348595016281976	13.309576658301799	1.0	0.0	0.0
SCF:0002983	AC:002645	0	PDB_exact_pair_aggregate	30_40	dropped_pdb_overlap	0.74	0.05	-9.255070382827274	-27.46125117386533	9.255070382827274	27.46125117386533	25.0	0.0	14.167172588413589	13.778522124626317	1.0	1.0	1.0
SCF:0002984	AC:002646	0	PDB_exact_pair_aggregate	20_30	train_eligible	0.21	0.43	-26.298334940440924	-27.348888339479153	26.298334940440924	27.348888339479153	446.0	156.0	10.809200793217325	12.55600322954229	0.0	1.0	1.0
SCF:0002990	AC:002648	0	PDB_exact_pair_aggregate	20_30	family_unseen	0.13	0.28	-28.510774990899	-29.09064508390162	28.510774990899	29.09064508390162	170.0	648.0	12.021584529466873	11.982156903244867	0.0	1.0	0.0
SCF:0002992	AC:002652	0	same_assembly_bridge	40_50	train_eligible	0.19	0.31	-28.14150250655292	-27.52239289992495	28.14150250655292	27.52239289992495	122.0	25.0	12.549118797297249	12.457538681055816	0.0	0.0	1.0
SCF:0003014	AC:002677	0	PDB_exact_pair_aggregate	40_50	train_ineligible_unpermuted	0.16	0.34	-30.23185198004765	-30.426274284163153	30.23185198004765	30.426274284163153	3632.0	4571.0	6.713877521633932	7.014430592483141	0.0	1.0	0.0
SCF:0003015	AC:002678	0	PDB_exact_pair_aggregate	ge50	train_ineligible_unpermuted	0.11	0.1	-30.32386032389351	-29.78454930354154	30.32386032389351	29.78454930354154	1724.0	987.0	9.386143216361507	9.401496661606846	1.0	0.0	1.0
SCF:0003016	AC:002679	0	same_assembly_bridge	20_30	family_unseen	0.11	0.15	-28.180157464963184	-24.517963577416438	28.180157464963184	24.517963577416438	388.0	5.0	14.383515462323293	14.449208112874574	0.0	0.0	1.0
SCF:0003025	AC:002694	0	PDB_exact_pair_aggregate	20_30	train_eligible	0.1	0.07	-17.253699438557824	-24.17265770133813	17.253699438557824	24.17265770133813	3.0	0.0	14.031214462502584	14.219844859138087	1.0	1.0	1.0
SCF:0003033	AC:002697	1	PDB_exact_pair_aggregate	30_40	train_eligible	0.3	0.14	-22.69860828882753	-27.805376426329477	22.69860828882753	27.805376426329477	3.0	85.0	14.439250059107737	14.37021616424784	1.0	1.0	0.0
SCF:0003053	AC:002708	0	PDB_exact_pair_aggregate	30_40	train_eligible	0.12	0.24	-30.10905438710529	-28.780152892771945	30.10905438710529	28.780152892771945	240.0	379.0	12.870781078607491	11.862684540568651	0.0	0.0	0.0
SCF:0003078	AC:002723	0	PDB_exact_pair_aggregate	40_50	dropped_mixed_protein	0.22	0.09	-23.120190679562377	-22.937913380985336	23.120190679562377	22.937913380985336	0.0	0.0	14.695322991184968	14.47113413140825	1.0	0.0	0.5
SCF:0003125	AC:002790	0	PDB_exact_pair_aggregate	20_30	family_unseen	0.61	0.48	-28.463219390960568	-26.913135317149486	28.463219390960568	26.913135317149486	203.0	194.0	14.110323813511604	13.926579170244565	1.0	0.0	1.0
SCF:0003138	AC:002807	1	PDB_exact_pair_aggregate	20_30	family_unseen	0.87	0.25	-30.38149042537928	-29.895318480052733	30.38149042537928	29.895318480052733	901.0	564.0	11.692634840817274	11.422426044246231	1.0	0.0	1.0
SCF:0003144	AC:002819	0	same_assembly_bridge	30_40	family_unseen	0.69	0.36	-10.673616857695901	-24.655121691208052	10.673616857695901	24.655121691208052	15.0	31.0	14.365461151448145	13.949389247962847	1.0	1.0	0.0
SCF:0003162	AC:002830	0	same_assembly_bridge	40_50	protein_unseen_family_seen	0.26	0.2	-30.008889634473544	-30.34911150763319	30.008889634473544	30.34911150763319	2230.0	3328.0	6.714622730671063	6.8653951410034155	1.0	1.0	0.0
SCF:0003176	AC:002841	0	PDB_exact_pair_aggregate	20_30	family_unseen	0.28	0.2	-27.736591098906175	-21.478897643509292	27.736591098906175	21.478897643509292	137.0	15.0	12.495547892423989	12.061356839364407	1.0	0.0	1.0
SCF:0003190	AC:002861	0	PDB_exact_pair_aggregate	20_30	train_eligible	0.09	0.05	-21.676919706079694	-24.606284344593686	21.676919706079694	24.606284344593686	0.0	0.0	14.955361291065548	14.6413490744396	1.0	1.0	0.5
SCF:0003195	AC:002865	0	PDB_exact_pair_aggregate	30_40	train_ineligible_unpermuted	0.72	0.12	-15.239526966096829	-26.96067393649613	15.239526966096829	26.96067393649613	84.0	69.0	12.670428715578886	12.981927953285673	1.0	1.0	1.0
SCF:0003197	AC:002868	0	same_assembly_bridge	20_30	train_eligible	0.42	0.36	-23.217913468334753	-27.546225946599787	23.217913468334753	27.546225946599787	97.0	230.0	13.56793135424127	13.662984730943666	1.0	1.0	0.0
SCF:0003233	AC:002905	1	PDB_exact_pair_aggregate	ge50	train_eligible	0.19	0.12	-23.19794373486104	-25.635473165800697	23.19794373486104	25.635473165800697	31.0	86.0	12.349079688405544	12.172479048448125	1.0	1.0	0.0
SCF:0003243	AC:002919	0	PDB_exact_pair_aggregate	20_30	train_eligible	0.18	0.17	-27.560246406605614	-25.444934953453387	27.560246406605614	25.444934953453387	273.0	567.0	12.037265843322869	12.671231644669513	1.0	0.0	0.0
SCF:0003255	AC:002936	0	PDB_exact_pair_aggregate	20_30	dropped_mixed_protein	0.05	0.12	-28.00601655008714	-27.90429942245747	28.00601655008714	27.90429942245747	0.0	16.0	14.47264919426934	14.701859480237204	0.0	0.0	0.0
SCF:0003257	AC:002941	0	PDB_exact_pair_aggregate	20_30	train_eligible	0.04	0.05	-24.968286896156517	-26.059791318790538	24.968286896156517	26.059791318790538	0.0	0.0	14.916093771751198	14.484398578829973	0.0	1.0	0.5
SCF:0003265	AC:002957	0	PDB_exact_pair_aggregate	20_30	family_unseen	0.75	0.21	-4.327282258467084	-26.775666701178586	4.327282258467084	26.775666701178586	111.0	63.0	15.01712915628844	12.4820482674883	1.0	1.0	1.0
SCF:0003271	AC:002961	0	PDB_exact_pair_aggregate	20_30	train_eligible	0.29	0.42	-23.124124454513634	-14.655123376557276	23.124124454513634	14.655123376557276	60.0	67.0	14.215895810668806	14.646858705256536	0.0	0.0	0.0
SCF:0003284	AC:002975	0	PDB_exact_pair_aggregate	30_40	dropped_mixed_protein	0.04	0.08	-28.689794778538502	-27.582830104522706	28.689794778538502	27.582830104522706	111.0	40.0	12.197577372195733	12.71210061303594	0.0	0.0	1.0
SCF:0003289	AC:002981	1	same_assembly_bridge	30_40	dropped_mixed_protein	0.09	0.14	-26.20996728267016	-26.77343981510022	26.20996728267016	26.77343981510022	112.0	22.0	14.216426576128113	14.09011853876994	0.0	1.0	1.0
SCF:0003293	AC:002987	0	PDB_exact_pair_aggregate	30_40	dropped_pdb_overlap	0.05	0.04	-28.942992019002904	-29.15814396966111	28.942992019002904	29.15814396966111	14.0	8.0	13.976455786210916	13.418614179034295	1.0	1.0	1.0
SCF:0003307	AC:002993	0	same_assembly_bridge	ge50	train_eligible	0.14	0.28	-30.484828773916334	-30.279204322224007	30.484828773916334	30.279204322224007	5221.0	6325.0	6.855560157239509	6.630927190095492	0.0	0.0	0.0
SCF:0003309	AC:002997	0	same_assembly_bridge	30_40	train_ineligible_unpermuted	0.13	0.1	-27.20017414093725	-29.74022100724653	27.20017414093725	29.74022100724653	478.0	1711.0	9.861872858305349	7.536433579375857	1.0	1.0	0.0
SCF:0003325	AC:003014	0	PDB_exact_pair_aggregate	20_30	train_ineligible_unpermuted	0.16	0.15	-29.76704276525872	-26.320773072994836	29.76704276525872	26.320773072994836	611.0	32.0	11.833501873117088	13.455009944642567	1.0	0.0	1.0
